[2026-02-15T18:13:26.658+0000] {processor.py:161} INFO - Started process (PID=30) to work on /opt/airflow/dags/sakiga_ds_pipeline.py
[2026-02-15T18:13:26.660+0000] {processor.py:830} INFO - Processing file /opt/airflow/dags/sakiga_ds_pipeline.py for tasks to queue
[2026-02-15T18:13:26.662+0000] {logging_mixin.py:188} INFO - [2026-02-15T18:13:26.661+0000] {dagbag.py:540} INFO - Filling up the DagBag from /opt/airflow/dags/sakiga_ds_pipeline.py
[2026-02-15T18:13:26.697+0000] {processor.py:840} INFO - DAG(s) 'sakiga_ds_pipeline' retrieved from /opt/airflow/dags/sakiga_ds_pipeline.py
[2026-02-15T18:13:26.715+0000] {logging_mixin.py:188} INFO - [2026-02-15T18:13:26.714+0000] {dag.py:3047} INFO - Sync 1 DAGs
[2026-02-15T18:13:26.751+0000] {logging_mixin.py:188} INFO - [2026-02-15T18:13:26.751+0000] {dag.py:3834} INFO - Setting next_dagrun for sakiga_ds_pipeline to 2026-02-14 00:00:00+00:00, run_after=2026-02-15 00:00:00+00:00
[2026-02-15T18:13:26.792+0000] {processor.py:183} INFO - Processing /opt/airflow/dags/sakiga_ds_pipeline.py took 0.151 seconds
[2026-02-15T18:14:28.699+0000] {processor.py:161} INFO - Started process (PID=79) to work on /opt/airflow/dags/sakiga_ds_pipeline.py
[2026-02-15T18:14:28.703+0000] {processor.py:830} INFO - Processing file /opt/airflow/dags/sakiga_ds_pipeline.py for tasks to queue
[2026-02-15T18:14:28.713+0000] {logging_mixin.py:188} INFO - [2026-02-15T18:14:28.705+0000] {dagbag.py:540} INFO - Filling up the DagBag from /opt/airflow/dags/sakiga_ds_pipeline.py
[2026-02-15T18:14:28.781+0000] {processor.py:840} INFO - DAG(s) 'sakiga_ds_pipeline' retrieved from /opt/airflow/dags/sakiga_ds_pipeline.py
[2026-02-15T18:14:28.992+0000] {logging_mixin.py:188} INFO - [2026-02-15T18:14:28.992+0000] {dag.py:3047} INFO - Sync 1 DAGs
[2026-02-15T18:14:29.009+0000] {logging_mixin.py:188} INFO - [2026-02-15T18:14:29.009+0000] {dag.py:3834} INFO - Setting next_dagrun for sakiga_ds_pipeline to 2026-02-15 00:00:00+00:00, run_after=2026-02-16 00:00:00+00:00
[2026-02-15T18:14:29.042+0000] {processor.py:183} INFO - Processing /opt/airflow/dags/sakiga_ds_pipeline.py took 0.351 seconds
[2026-02-15T18:16:40.123+0000] {processor.py:161} INFO - Started process (PID=117) to work on /opt/airflow/dags/sakiga_ds_pipeline.py
[2026-02-15T18:16:40.125+0000] {processor.py:830} INFO - Processing file /opt/airflow/dags/sakiga_ds_pipeline.py for tasks to queue
[2026-02-15T18:16:40.127+0000] {logging_mixin.py:188} INFO - [2026-02-15T18:16:40.127+0000] {dagbag.py:540} INFO - Filling up the DagBag from /opt/airflow/dags/sakiga_ds_pipeline.py
[2026-02-15T18:16:40.238+0000] {processor.py:840} INFO - DAG(s) 'sakiga_ds_pipeline' retrieved from /opt/airflow/dags/sakiga_ds_pipeline.py
[2026-02-15T18:16:40.284+0000] {logging_mixin.py:188} INFO - [2026-02-15T18:16:40.284+0000] {dag.py:3047} INFO - Sync 1 DAGs
[2026-02-15T18:16:40.308+0000] {logging_mixin.py:188} INFO - [2026-02-15T18:16:40.308+0000] {dag.py:3834} INFO - Setting next_dagrun for sakiga_ds_pipeline to 2026-02-15 00:00:00+00:00, run_after=2026-02-16 00:00:00+00:00
[2026-02-15T18:16:40.411+0000] {processor.py:183} INFO - Processing /opt/airflow/dags/sakiga_ds_pipeline.py took 0.293 seconds
[2026-02-15T18:17:25.240+0000] {processor.py:161} INFO - Started process (PID=135) to work on /opt/airflow/dags/sakiga_ds_pipeline.py
[2026-02-15T18:17:25.242+0000] {processor.py:830} INFO - Processing file /opt/airflow/dags/sakiga_ds_pipeline.py for tasks to queue
[2026-02-15T18:17:25.244+0000] {logging_mixin.py:188} INFO - [2026-02-15T18:17:25.243+0000] {dagbag.py:540} INFO - Filling up the DagBag from /opt/airflow/dags/sakiga_ds_pipeline.py
[2026-02-15T18:17:25.269+0000] {processor.py:840} INFO - DAG(s) 'sakiga_ds_pipeline' retrieved from /opt/airflow/dags/sakiga_ds_pipeline.py
[2026-02-15T18:17:25.301+0000] {logging_mixin.py:188} INFO - [2026-02-15T18:17:25.301+0000] {dag.py:3047} INFO - Sync 1 DAGs
[2026-02-15T18:17:25.325+0000] {logging_mixin.py:188} INFO - [2026-02-15T18:17:25.325+0000] {dag.py:3834} INFO - Setting next_dagrun for sakiga_ds_pipeline to 2026-02-15 00:00:00+00:00, run_after=2026-02-16 00:00:00+00:00
[2026-02-15T18:17:25.353+0000] {processor.py:183} INFO - Processing /opt/airflow/dags/sakiga_ds_pipeline.py took 0.117 seconds
[2026-02-15T18:17:56.018+0000] {processor.py:161} INFO - Started process (PID=141) to work on /opt/airflow/dags/sakiga_ds_pipeline.py
[2026-02-15T18:17:56.020+0000] {processor.py:830} INFO - Processing file /opt/airflow/dags/sakiga_ds_pipeline.py for tasks to queue
[2026-02-15T18:17:56.021+0000] {logging_mixin.py:188} INFO - [2026-02-15T18:17:56.021+0000] {dagbag.py:540} INFO - Filling up the DagBag from /opt/airflow/dags/sakiga_ds_pipeline.py
[2026-02-15T18:17:56.050+0000] {processor.py:840} INFO - DAG(s) 'sakiga_ds_pipeline' retrieved from /opt/airflow/dags/sakiga_ds_pipeline.py
[2026-02-15T18:17:56.103+0000] {logging_mixin.py:188} INFO - [2026-02-15T18:17:56.102+0000] {dag.py:3047} INFO - Sync 1 DAGs
[2026-02-15T18:17:56.151+0000] {logging_mixin.py:188} INFO - [2026-02-15T18:17:56.150+0000] {dag.py:3834} INFO - Setting next_dagrun for sakiga_ds_pipeline to 2026-02-15 00:00:00+00:00, run_after=2026-02-16 00:00:00+00:00
[2026-02-15T18:17:56.184+0000] {processor.py:183} INFO - Processing /opt/airflow/dags/sakiga_ds_pipeline.py took 0.171 seconds
[2026-02-15T18:18:26.389+0000] {processor.py:161} INFO - Started process (PID=142) to work on /opt/airflow/dags/sakiga_ds_pipeline.py
[2026-02-15T18:18:26.390+0000] {processor.py:830} INFO - Processing file /opt/airflow/dags/sakiga_ds_pipeline.py for tasks to queue
[2026-02-15T18:18:26.392+0000] {logging_mixin.py:188} INFO - [2026-02-15T18:18:26.392+0000] {dagbag.py:540} INFO - Filling up the DagBag from /opt/airflow/dags/sakiga_ds_pipeline.py
[2026-02-15T18:18:26.422+0000] {processor.py:840} INFO - DAG(s) 'sakiga_ds_pipeline' retrieved from /opt/airflow/dags/sakiga_ds_pipeline.py
[2026-02-15T18:18:26.465+0000] {logging_mixin.py:188} INFO - [2026-02-15T18:18:26.465+0000] {dag.py:3047} INFO - Sync 1 DAGs
[2026-02-15T18:18:26.486+0000] {logging_mixin.py:188} INFO - [2026-02-15T18:18:26.486+0000] {dag.py:3834} INFO - Setting next_dagrun for sakiga_ds_pipeline to 2026-02-15 00:00:00+00:00, run_after=2026-02-16 00:00:00+00:00
[2026-02-15T18:18:26.522+0000] {processor.py:183} INFO - Processing /opt/airflow/dags/sakiga_ds_pipeline.py took 0.138 seconds
[2026-02-15T18:18:56.688+0000] {processor.py:161} INFO - Started process (PID=143) to work on /opt/airflow/dags/sakiga_ds_pipeline.py
[2026-02-15T18:18:56.690+0000] {processor.py:830} INFO - Processing file /opt/airflow/dags/sakiga_ds_pipeline.py for tasks to queue
[2026-02-15T18:18:56.692+0000] {logging_mixin.py:188} INFO - [2026-02-15T18:18:56.691+0000] {dagbag.py:540} INFO - Filling up the DagBag from /opt/airflow/dags/sakiga_ds_pipeline.py
[2026-02-15T18:18:57.045+0000] {processor.py:840} INFO - DAG(s) 'sakiga_ds_pipeline' retrieved from /opt/airflow/dags/sakiga_ds_pipeline.py
[2026-02-15T18:18:57.086+0000] {logging_mixin.py:188} INFO - [2026-02-15T18:18:57.086+0000] {dag.py:3047} INFO - Sync 1 DAGs
[2026-02-15T18:18:57.122+0000] {logging_mixin.py:188} INFO - [2026-02-15T18:18:57.122+0000] {dag.py:3834} INFO - Setting next_dagrun for sakiga_ds_pipeline to 2026-02-15 00:00:00+00:00, run_after=2026-02-16 00:00:00+00:00
[2026-02-15T18:18:57.162+0000] {processor.py:183} INFO - Processing /opt/airflow/dags/sakiga_ds_pipeline.py took 0.481 seconds
[2026-02-15T18:19:28.082+0000] {processor.py:161} INFO - Started process (PID=144) to work on /opt/airflow/dags/sakiga_ds_pipeline.py
[2026-02-15T18:19:28.085+0000] {processor.py:830} INFO - Processing file /opt/airflow/dags/sakiga_ds_pipeline.py for tasks to queue
[2026-02-15T18:19:28.087+0000] {logging_mixin.py:188} INFO - [2026-02-15T18:19:28.086+0000] {dagbag.py:540} INFO - Filling up the DagBag from /opt/airflow/dags/sakiga_ds_pipeline.py
[2026-02-15T18:19:28.119+0000] {processor.py:840} INFO - DAG(s) 'sakiga_ds_pipeline' retrieved from /opt/airflow/dags/sakiga_ds_pipeline.py
[2026-02-15T18:19:28.162+0000] {logging_mixin.py:188} INFO - [2026-02-15T18:19:28.162+0000] {dag.py:3047} INFO - Sync 1 DAGs
[2026-02-15T18:19:28.187+0000] {logging_mixin.py:188} INFO - [2026-02-15T18:19:28.187+0000] {dag.py:3834} INFO - Setting next_dagrun for sakiga_ds_pipeline to 2026-02-15 00:00:00+00:00, run_after=2026-02-16 00:00:00+00:00
[2026-02-15T18:19:28.261+0000] {processor.py:183} INFO - Processing /opt/airflow/dags/sakiga_ds_pipeline.py took 0.189 seconds
[2026-02-15T18:19:59.365+0000] {processor.py:161} INFO - Started process (PID=145) to work on /opt/airflow/dags/sakiga_ds_pipeline.py
[2026-02-15T18:19:59.367+0000] {processor.py:830} INFO - Processing file /opt/airflow/dags/sakiga_ds_pipeline.py for tasks to queue
[2026-02-15T18:19:59.369+0000] {logging_mixin.py:188} INFO - [2026-02-15T18:19:59.368+0000] {dagbag.py:540} INFO - Filling up the DagBag from /opt/airflow/dags/sakiga_ds_pipeline.py
[2026-02-15T18:19:59.393+0000] {processor.py:840} INFO - DAG(s) 'sakiga_ds_pipeline' retrieved from /opt/airflow/dags/sakiga_ds_pipeline.py
[2026-02-15T18:19:59.427+0000] {logging_mixin.py:188} INFO - [2026-02-15T18:19:59.427+0000] {dag.py:3047} INFO - Sync 1 DAGs
[2026-02-15T18:19:59.449+0000] {logging_mixin.py:188} INFO - [2026-02-15T18:19:59.448+0000] {dag.py:3834} INFO - Setting next_dagrun for sakiga_ds_pipeline to 2026-02-15 00:00:00+00:00, run_after=2026-02-16 00:00:00+00:00
[2026-02-15T18:19:59.485+0000] {processor.py:183} INFO - Processing /opt/airflow/dags/sakiga_ds_pipeline.py took 0.127 seconds
[2026-02-15T18:20:30.104+0000] {processor.py:161} INFO - Started process (PID=146) to work on /opt/airflow/dags/sakiga_ds_pipeline.py
[2026-02-15T18:20:30.106+0000] {processor.py:830} INFO - Processing file /opt/airflow/dags/sakiga_ds_pipeline.py for tasks to queue
[2026-02-15T18:20:30.108+0000] {logging_mixin.py:188} INFO - [2026-02-15T18:20:30.108+0000] {dagbag.py:540} INFO - Filling up the DagBag from /opt/airflow/dags/sakiga_ds_pipeline.py
[2026-02-15T18:20:30.142+0000] {processor.py:840} INFO - DAG(s) 'sakiga_ds_pipeline' retrieved from /opt/airflow/dags/sakiga_ds_pipeline.py
[2026-02-15T18:20:30.185+0000] {logging_mixin.py:188} INFO - [2026-02-15T18:20:30.185+0000] {dag.py:3047} INFO - Sync 1 DAGs
[2026-02-15T18:20:30.210+0000] {logging_mixin.py:188} INFO - [2026-02-15T18:20:30.209+0000] {dag.py:3834} INFO - Setting next_dagrun for sakiga_ds_pipeline to 2026-02-15 00:00:00+00:00, run_after=2026-02-16 00:00:00+00:00
[2026-02-15T18:20:30.250+0000] {processor.py:183} INFO - Processing /opt/airflow/dags/sakiga_ds_pipeline.py took 0.163 seconds
[2026-02-15T18:21:00.439+0000] {processor.py:161} INFO - Started process (PID=147) to work on /opt/airflow/dags/sakiga_ds_pipeline.py
[2026-02-15T18:21:00.441+0000] {processor.py:830} INFO - Processing file /opt/airflow/dags/sakiga_ds_pipeline.py for tasks to queue
[2026-02-15T18:21:00.443+0000] {logging_mixin.py:188} INFO - [2026-02-15T18:21:00.442+0000] {dagbag.py:540} INFO - Filling up the DagBag from /opt/airflow/dags/sakiga_ds_pipeline.py
[2026-02-15T18:21:00.487+0000] {processor.py:840} INFO - DAG(s) 'sakiga_ds_pipeline' retrieved from /opt/airflow/dags/sakiga_ds_pipeline.py
[2026-02-15T18:21:00.536+0000] {logging_mixin.py:188} INFO - [2026-02-15T18:21:00.535+0000] {dag.py:3047} INFO - Sync 1 DAGs
[2026-02-15T18:21:00.560+0000] {logging_mixin.py:188} INFO - [2026-02-15T18:21:00.560+0000] {dag.py:3834} INFO - Setting next_dagrun for sakiga_ds_pipeline to 2026-02-15 00:00:00+00:00, run_after=2026-02-16 00:00:00+00:00
[2026-02-15T18:21:00.592+0000] {processor.py:183} INFO - Processing /opt/airflow/dags/sakiga_ds_pipeline.py took 0.158 seconds
[2026-02-15T18:21:30.799+0000] {processor.py:161} INFO - Started process (PID=148) to work on /opt/airflow/dags/sakiga_ds_pipeline.py
[2026-02-15T18:21:30.801+0000] {processor.py:830} INFO - Processing file /opt/airflow/dags/sakiga_ds_pipeline.py for tasks to queue
[2026-02-15T18:21:30.803+0000] {logging_mixin.py:188} INFO - [2026-02-15T18:21:30.802+0000] {dagbag.py:540} INFO - Filling up the DagBag from /opt/airflow/dags/sakiga_ds_pipeline.py
[2026-02-15T18:21:30.847+0000] {processor.py:840} INFO - DAG(s) 'sakiga_ds_pipeline' retrieved from /opt/airflow/dags/sakiga_ds_pipeline.py
[2026-02-15T18:21:30.878+0000] {logging_mixin.py:188} INFO - [2026-02-15T18:21:30.878+0000] {dag.py:3047} INFO - Sync 1 DAGs
[2026-02-15T18:21:30.901+0000] {logging_mixin.py:188} INFO - [2026-02-15T18:21:30.901+0000] {dag.py:3834} INFO - Setting next_dagrun for sakiga_ds_pipeline to 2026-02-15 00:00:00+00:00, run_after=2026-02-16 00:00:00+00:00
[2026-02-15T18:21:30.937+0000] {processor.py:183} INFO - Processing /opt/airflow/dags/sakiga_ds_pipeline.py took 0.141 seconds
[2026-02-15T18:22:01.156+0000] {processor.py:161} INFO - Started process (PID=149) to work on /opt/airflow/dags/sakiga_ds_pipeline.py
[2026-02-15T18:22:01.159+0000] {processor.py:830} INFO - Processing file /opt/airflow/dags/sakiga_ds_pipeline.py for tasks to queue
[2026-02-15T18:22:01.161+0000] {logging_mixin.py:188} INFO - [2026-02-15T18:22:01.160+0000] {dagbag.py:540} INFO - Filling up the DagBag from /opt/airflow/dags/sakiga_ds_pipeline.py
[2026-02-15T18:22:01.188+0000] {processor.py:840} INFO - DAG(s) 'sakiga_ds_pipeline' retrieved from /opt/airflow/dags/sakiga_ds_pipeline.py
[2026-02-15T18:22:01.224+0000] {logging_mixin.py:188} INFO - [2026-02-15T18:22:01.224+0000] {dag.py:3047} INFO - Sync 1 DAGs
[2026-02-15T18:22:01.245+0000] {logging_mixin.py:188} INFO - [2026-02-15T18:22:01.245+0000] {dag.py:3834} INFO - Setting next_dagrun for sakiga_ds_pipeline to 2026-02-15 00:00:00+00:00, run_after=2026-02-16 00:00:00+00:00
[2026-02-15T18:22:01.281+0000] {processor.py:183} INFO - Processing /opt/airflow/dags/sakiga_ds_pipeline.py took 0.130 seconds
[2026-02-15T18:22:31.541+0000] {processor.py:161} INFO - Started process (PID=150) to work on /opt/airflow/dags/sakiga_ds_pipeline.py
[2026-02-15T18:22:31.543+0000] {processor.py:830} INFO - Processing file /opt/airflow/dags/sakiga_ds_pipeline.py for tasks to queue
[2026-02-15T18:22:31.545+0000] {logging_mixin.py:188} INFO - [2026-02-15T18:22:31.544+0000] {dagbag.py:540} INFO - Filling up the DagBag from /opt/airflow/dags/sakiga_ds_pipeline.py
[2026-02-15T18:22:31.577+0000] {processor.py:840} INFO - DAG(s) 'sakiga_ds_pipeline' retrieved from /opt/airflow/dags/sakiga_ds_pipeline.py
[2026-02-15T18:22:31.615+0000] {logging_mixin.py:188} INFO - [2026-02-15T18:22:31.615+0000] {dag.py:3047} INFO - Sync 1 DAGs
[2026-02-15T18:22:31.638+0000] {logging_mixin.py:188} INFO - [2026-02-15T18:22:31.638+0000] {dag.py:3834} INFO - Setting next_dagrun for sakiga_ds_pipeline to 2026-02-15 00:00:00+00:00, run_after=2026-02-16 00:00:00+00:00
[2026-02-15T18:22:31.671+0000] {processor.py:183} INFO - Processing /opt/airflow/dags/sakiga_ds_pipeline.py took 0.135 seconds
[2026-02-15T18:23:01.976+0000] {processor.py:161} INFO - Started process (PID=151) to work on /opt/airflow/dags/sakiga_ds_pipeline.py
[2026-02-15T18:23:01.978+0000] {processor.py:830} INFO - Processing file /opt/airflow/dags/sakiga_ds_pipeline.py for tasks to queue
[2026-02-15T18:23:01.979+0000] {logging_mixin.py:188} INFO - [2026-02-15T18:23:01.979+0000] {dagbag.py:540} INFO - Filling up the DagBag from /opt/airflow/dags/sakiga_ds_pipeline.py
[2026-02-15T18:23:02.009+0000] {processor.py:840} INFO - DAG(s) 'sakiga_ds_pipeline' retrieved from /opt/airflow/dags/sakiga_ds_pipeline.py
[2026-02-15T18:23:02.045+0000] {logging_mixin.py:188} INFO - [2026-02-15T18:23:02.044+0000] {dag.py:3047} INFO - Sync 1 DAGs
[2026-02-15T18:23:02.072+0000] {logging_mixin.py:188} INFO - [2026-02-15T18:23:02.072+0000] {dag.py:3834} INFO - Setting next_dagrun for sakiga_ds_pipeline to 2026-02-15 00:00:00+00:00, run_after=2026-02-16 00:00:00+00:00
[2026-02-15T18:23:02.104+0000] {processor.py:183} INFO - Processing /opt/airflow/dags/sakiga_ds_pipeline.py took 0.132 seconds
[2026-02-15T18:23:32.354+0000] {processor.py:161} INFO - Started process (PID=152) to work on /opt/airflow/dags/sakiga_ds_pipeline.py
[2026-02-15T18:23:32.361+0000] {processor.py:830} INFO - Processing file /opt/airflow/dags/sakiga_ds_pipeline.py for tasks to queue
[2026-02-15T18:23:32.364+0000] {logging_mixin.py:188} INFO - [2026-02-15T18:23:32.362+0000] {dagbag.py:540} INFO - Filling up the DagBag from /opt/airflow/dags/sakiga_ds_pipeline.py
[2026-02-15T18:23:32.401+0000] {processor.py:840} INFO - DAG(s) 'sakiga_ds_pipeline' retrieved from /opt/airflow/dags/sakiga_ds_pipeline.py
[2026-02-15T18:23:32.434+0000] {logging_mixin.py:188} INFO - [2026-02-15T18:23:32.434+0000] {dag.py:3047} INFO - Sync 1 DAGs
[2026-02-15T18:23:32.457+0000] {logging_mixin.py:188} INFO - [2026-02-15T18:23:32.457+0000] {dag.py:3834} INFO - Setting next_dagrun for sakiga_ds_pipeline to 2026-02-15 00:00:00+00:00, run_after=2026-02-16 00:00:00+00:00
[2026-02-15T18:23:32.487+0000] {processor.py:183} INFO - Processing /opt/airflow/dags/sakiga_ds_pipeline.py took 0.150 seconds
[2026-02-15T18:24:02.606+0000] {processor.py:161} INFO - Started process (PID=153) to work on /opt/airflow/dags/sakiga_ds_pipeline.py
[2026-02-15T18:24:02.608+0000] {processor.py:830} INFO - Processing file /opt/airflow/dags/sakiga_ds_pipeline.py for tasks to queue
[2026-02-15T18:24:02.610+0000] {logging_mixin.py:188} INFO - [2026-02-15T18:24:02.609+0000] {dagbag.py:540} INFO - Filling up the DagBag from /opt/airflow/dags/sakiga_ds_pipeline.py
[2026-02-15T18:24:02.636+0000] {processor.py:840} INFO - DAG(s) 'sakiga_ds_pipeline' retrieved from /opt/airflow/dags/sakiga_ds_pipeline.py
[2026-02-15T18:24:02.667+0000] {logging_mixin.py:188} INFO - [2026-02-15T18:24:02.667+0000] {dag.py:3047} INFO - Sync 1 DAGs
[2026-02-15T18:24:02.690+0000] {logging_mixin.py:188} INFO - [2026-02-15T18:24:02.690+0000] {dag.py:3834} INFO - Setting next_dagrun for sakiga_ds_pipeline to 2026-02-15 00:00:00+00:00, run_after=2026-02-16 00:00:00+00:00
[2026-02-15T18:24:02.722+0000] {processor.py:183} INFO - Processing /opt/airflow/dags/sakiga_ds_pipeline.py took 0.120 seconds
[2026-02-15T18:24:33.016+0000] {processor.py:161} INFO - Started process (PID=154) to work on /opt/airflow/dags/sakiga_ds_pipeline.py
[2026-02-15T18:24:33.018+0000] {processor.py:830} INFO - Processing file /opt/airflow/dags/sakiga_ds_pipeline.py for tasks to queue
[2026-02-15T18:24:33.019+0000] {logging_mixin.py:188} INFO - [2026-02-15T18:24:33.019+0000] {dagbag.py:540} INFO - Filling up the DagBag from /opt/airflow/dags/sakiga_ds_pipeline.py
[2026-02-15T18:24:33.060+0000] {processor.py:840} INFO - DAG(s) 'sakiga_ds_pipeline' retrieved from /opt/airflow/dags/sakiga_ds_pipeline.py
[2026-02-15T18:24:33.154+0000] {logging_mixin.py:188} INFO - [2026-02-15T18:24:33.153+0000] {dag.py:3047} INFO - Sync 1 DAGs
[2026-02-15T18:24:33.211+0000] {logging_mixin.py:188} INFO - [2026-02-15T18:24:33.210+0000] {dag.py:3834} INFO - Setting next_dagrun for sakiga_ds_pipeline to 2026-02-15 00:00:00+00:00, run_after=2026-02-16 00:00:00+00:00
[2026-02-15T18:24:33.280+0000] {processor.py:183} INFO - Processing /opt/airflow/dags/sakiga_ds_pipeline.py took 0.268 seconds
[2026-02-15T18:25:03.405+0000] {processor.py:161} INFO - Started process (PID=155) to work on /opt/airflow/dags/sakiga_ds_pipeline.py
[2026-02-15T18:25:03.411+0000] {processor.py:830} INFO - Processing file /opt/airflow/dags/sakiga_ds_pipeline.py for tasks to queue
[2026-02-15T18:25:03.412+0000] {logging_mixin.py:188} INFO - [2026-02-15T18:25:03.412+0000] {dagbag.py:540} INFO - Filling up the DagBag from /opt/airflow/dags/sakiga_ds_pipeline.py
[2026-02-15T18:25:03.443+0000] {processor.py:840} INFO - DAG(s) 'sakiga_ds_pipeline' retrieved from /opt/airflow/dags/sakiga_ds_pipeline.py
[2026-02-15T18:25:03.476+0000] {logging_mixin.py:188} INFO - [2026-02-15T18:25:03.476+0000] {dag.py:3047} INFO - Sync 1 DAGs
[2026-02-15T18:25:03.511+0000] {logging_mixin.py:188} INFO - [2026-02-15T18:25:03.509+0000] {dag.py:3834} INFO - Setting next_dagrun for sakiga_ds_pipeline to 2026-02-15 00:00:00+00:00, run_after=2026-02-16 00:00:00+00:00
[2026-02-15T18:25:03.591+0000] {processor.py:183} INFO - Processing /opt/airflow/dags/sakiga_ds_pipeline.py took 0.191 seconds
[2026-02-15T18:25:33.911+0000] {processor.py:161} INFO - Started process (PID=156) to work on /opt/airflow/dags/sakiga_ds_pipeline.py
[2026-02-15T18:25:33.917+0000] {processor.py:830} INFO - Processing file /opt/airflow/dags/sakiga_ds_pipeline.py for tasks to queue
[2026-02-15T18:25:33.920+0000] {logging_mixin.py:188} INFO - [2026-02-15T18:25:33.919+0000] {dagbag.py:540} INFO - Filling up the DagBag from /opt/airflow/dags/sakiga_ds_pipeline.py
[2026-02-15T18:25:33.967+0000] {processor.py:840} INFO - DAG(s) 'sakiga_ds_pipeline' retrieved from /opt/airflow/dags/sakiga_ds_pipeline.py
[2026-02-15T18:25:34.002+0000] {logging_mixin.py:188} INFO - [2026-02-15T18:25:34.002+0000] {dag.py:3047} INFO - Sync 1 DAGs
[2026-02-15T18:25:34.030+0000] {logging_mixin.py:188} INFO - [2026-02-15T18:25:34.030+0000] {dag.py:3834} INFO - Setting next_dagrun for sakiga_ds_pipeline to 2026-02-15 00:00:00+00:00, run_after=2026-02-16 00:00:00+00:00
[2026-02-15T18:25:34.074+0000] {processor.py:183} INFO - Processing /opt/airflow/dags/sakiga_ds_pipeline.py took 0.172 seconds
[2026-02-15T18:26:04.247+0000] {processor.py:161} INFO - Started process (PID=157) to work on /opt/airflow/dags/sakiga_ds_pipeline.py
[2026-02-15T18:26:04.248+0000] {processor.py:830} INFO - Processing file /opt/airflow/dags/sakiga_ds_pipeline.py for tasks to queue
[2026-02-15T18:26:04.250+0000] {logging_mixin.py:188} INFO - [2026-02-15T18:26:04.249+0000] {dagbag.py:540} INFO - Filling up the DagBag from /opt/airflow/dags/sakiga_ds_pipeline.py
[2026-02-15T18:26:04.279+0000] {processor.py:840} INFO - DAG(s) 'sakiga_ds_pipeline' retrieved from /opt/airflow/dags/sakiga_ds_pipeline.py
[2026-02-15T18:26:04.317+0000] {logging_mixin.py:188} INFO - [2026-02-15T18:26:04.317+0000] {dag.py:3047} INFO - Sync 1 DAGs
[2026-02-15T18:26:04.346+0000] {logging_mixin.py:188} INFO - [2026-02-15T18:26:04.346+0000] {dag.py:3834} INFO - Setting next_dagrun for sakiga_ds_pipeline to 2026-02-15 00:00:00+00:00, run_after=2026-02-16 00:00:00+00:00
[2026-02-15T18:26:04.396+0000] {processor.py:183} INFO - Processing /opt/airflow/dags/sakiga_ds_pipeline.py took 0.154 seconds
[2026-02-15T18:26:34.652+0000] {processor.py:161} INFO - Started process (PID=158) to work on /opt/airflow/dags/sakiga_ds_pipeline.py
[2026-02-15T18:26:34.654+0000] {processor.py:830} INFO - Processing file /opt/airflow/dags/sakiga_ds_pipeline.py for tasks to queue
[2026-02-15T18:26:34.656+0000] {logging_mixin.py:188} INFO - [2026-02-15T18:26:34.655+0000] {dagbag.py:540} INFO - Filling up the DagBag from /opt/airflow/dags/sakiga_ds_pipeline.py
[2026-02-15T18:26:34.689+0000] {processor.py:840} INFO - DAG(s) 'sakiga_ds_pipeline' retrieved from /opt/airflow/dags/sakiga_ds_pipeline.py
[2026-02-15T18:26:34.726+0000] {logging_mixin.py:188} INFO - [2026-02-15T18:26:34.725+0000] {dag.py:3047} INFO - Sync 1 DAGs
[2026-02-15T18:26:34.748+0000] {logging_mixin.py:188} INFO - [2026-02-15T18:26:34.748+0000] {dag.py:3834} INFO - Setting next_dagrun for sakiga_ds_pipeline to 2026-02-15 00:00:00+00:00, run_after=2026-02-16 00:00:00+00:00
[2026-02-15T18:26:34.791+0000] {processor.py:183} INFO - Processing /opt/airflow/dags/sakiga_ds_pipeline.py took 0.142 seconds
[2026-02-15T18:27:05.914+0000] {processor.py:161} INFO - Started process (PID=159) to work on /opt/airflow/dags/sakiga_ds_pipeline.py
[2026-02-15T18:27:05.916+0000] {processor.py:830} INFO - Processing file /opt/airflow/dags/sakiga_ds_pipeline.py for tasks to queue
[2026-02-15T18:27:05.918+0000] {logging_mixin.py:188} INFO - [2026-02-15T18:27:05.917+0000] {dagbag.py:540} INFO - Filling up the DagBag from /opt/airflow/dags/sakiga_ds_pipeline.py
[2026-02-15T18:27:05.946+0000] {processor.py:840} INFO - DAG(s) 'sakiga_ds_pipeline' retrieved from /opt/airflow/dags/sakiga_ds_pipeline.py
[2026-02-15T18:27:05.985+0000] {logging_mixin.py:188} INFO - [2026-02-15T18:27:05.985+0000] {dag.py:3047} INFO - Sync 1 DAGs
[2026-02-15T18:27:06.007+0000] {logging_mixin.py:188} INFO - [2026-02-15T18:27:06.007+0000] {dag.py:3834} INFO - Setting next_dagrun for sakiga_ds_pipeline to 2026-02-15 00:00:00+00:00, run_after=2026-02-16 00:00:00+00:00
[2026-02-15T18:27:06.051+0000] {processor.py:183} INFO - Processing /opt/airflow/dags/sakiga_ds_pipeline.py took 0.142 seconds
[2026-02-15T18:27:36.470+0000] {processor.py:161} INFO - Started process (PID=160) to work on /opt/airflow/dags/sakiga_ds_pipeline.py
[2026-02-15T18:27:36.472+0000] {processor.py:830} INFO - Processing file /opt/airflow/dags/sakiga_ds_pipeline.py for tasks to queue
[2026-02-15T18:27:36.473+0000] {logging_mixin.py:188} INFO - [2026-02-15T18:27:36.473+0000] {dagbag.py:540} INFO - Filling up the DagBag from /opt/airflow/dags/sakiga_ds_pipeline.py
[2026-02-15T18:27:36.512+0000] {processor.py:840} INFO - DAG(s) 'sakiga_ds_pipeline' retrieved from /opt/airflow/dags/sakiga_ds_pipeline.py
[2026-02-15T18:27:36.547+0000] {logging_mixin.py:188} INFO - [2026-02-15T18:27:36.547+0000] {dag.py:3047} INFO - Sync 1 DAGs
[2026-02-15T18:27:36.567+0000] {logging_mixin.py:188} INFO - [2026-02-15T18:27:36.567+0000] {dag.py:3834} INFO - Setting next_dagrun for sakiga_ds_pipeline to 2026-02-15 00:00:00+00:00, run_after=2026-02-16 00:00:00+00:00
[2026-02-15T18:27:36.597+0000] {processor.py:183} INFO - Processing /opt/airflow/dags/sakiga_ds_pipeline.py took 0.131 seconds
[2026-02-15T18:28:06.817+0000] {processor.py:161} INFO - Started process (PID=161) to work on /opt/airflow/dags/sakiga_ds_pipeline.py
[2026-02-15T18:28:06.818+0000] {processor.py:830} INFO - Processing file /opt/airflow/dags/sakiga_ds_pipeline.py for tasks to queue
[2026-02-15T18:28:06.820+0000] {logging_mixin.py:188} INFO - [2026-02-15T18:28:06.819+0000] {dagbag.py:540} INFO - Filling up the DagBag from /opt/airflow/dags/sakiga_ds_pipeline.py
[2026-02-15T18:28:06.846+0000] {processor.py:840} INFO - DAG(s) 'sakiga_ds_pipeline' retrieved from /opt/airflow/dags/sakiga_ds_pipeline.py
[2026-02-15T18:28:06.878+0000] {logging_mixin.py:188} INFO - [2026-02-15T18:28:06.878+0000] {dag.py:3047} INFO - Sync 1 DAGs
[2026-02-15T18:28:06.902+0000] {logging_mixin.py:188} INFO - [2026-02-15T18:28:06.902+0000] {dag.py:3834} INFO - Setting next_dagrun for sakiga_ds_pipeline to 2026-02-15 00:00:00+00:00, run_after=2026-02-16 00:00:00+00:00
[2026-02-15T18:28:07.033+0000] {processor.py:183} INFO - Processing /opt/airflow/dags/sakiga_ds_pipeline.py took 0.221 seconds
[2026-02-15T18:28:38.201+0000] {processor.py:161} INFO - Started process (PID=162) to work on /opt/airflow/dags/sakiga_ds_pipeline.py
[2026-02-15T18:28:38.204+0000] {processor.py:830} INFO - Processing file /opt/airflow/dags/sakiga_ds_pipeline.py for tasks to queue
[2026-02-15T18:28:38.207+0000] {logging_mixin.py:188} INFO - [2026-02-15T18:28:38.206+0000] {dagbag.py:540} INFO - Filling up the DagBag from /opt/airflow/dags/sakiga_ds_pipeline.py
[2026-02-15T18:28:38.237+0000] {processor.py:840} INFO - DAG(s) 'sakiga_ds_pipeline' retrieved from /opt/airflow/dags/sakiga_ds_pipeline.py
[2026-02-15T18:28:38.270+0000] {logging_mixin.py:188} INFO - [2026-02-15T18:28:38.269+0000] {dag.py:3047} INFO - Sync 1 DAGs
[2026-02-15T18:28:38.309+0000] {logging_mixin.py:188} INFO - [2026-02-15T18:28:38.308+0000] {dag.py:3834} INFO - Setting next_dagrun for sakiga_ds_pipeline to 2026-02-15 00:00:00+00:00, run_after=2026-02-16 00:00:00+00:00
[2026-02-15T18:28:38.355+0000] {processor.py:183} INFO - Processing /opt/airflow/dags/sakiga_ds_pipeline.py took 0.162 seconds
[2026-02-15T18:29:08.500+0000] {processor.py:161} INFO - Started process (PID=163) to work on /opt/airflow/dags/sakiga_ds_pipeline.py
[2026-02-15T18:29:08.501+0000] {processor.py:830} INFO - Processing file /opt/airflow/dags/sakiga_ds_pipeline.py for tasks to queue
[2026-02-15T18:29:08.503+0000] {logging_mixin.py:188} INFO - [2026-02-15T18:29:08.502+0000] {dagbag.py:540} INFO - Filling up the DagBag from /opt/airflow/dags/sakiga_ds_pipeline.py
[2026-02-15T18:29:08.538+0000] {processor.py:840} INFO - DAG(s) 'sakiga_ds_pipeline' retrieved from /opt/airflow/dags/sakiga_ds_pipeline.py
[2026-02-15T18:29:08.575+0000] {logging_mixin.py:188} INFO - [2026-02-15T18:29:08.575+0000] {dag.py:3047} INFO - Sync 1 DAGs
[2026-02-15T18:29:08.602+0000] {logging_mixin.py:188} INFO - [2026-02-15T18:29:08.601+0000] {dag.py:3834} INFO - Setting next_dagrun for sakiga_ds_pipeline to 2026-02-15 00:00:00+00:00, run_after=2026-02-16 00:00:00+00:00
[2026-02-15T18:29:08.706+0000] {processor.py:183} INFO - Processing /opt/airflow/dags/sakiga_ds_pipeline.py took 0.212 seconds
[2026-02-15T18:29:38.811+0000] {processor.py:161} INFO - Started process (PID=164) to work on /opt/airflow/dags/sakiga_ds_pipeline.py
[2026-02-15T18:29:38.813+0000] {processor.py:830} INFO - Processing file /opt/airflow/dags/sakiga_ds_pipeline.py for tasks to queue
[2026-02-15T18:29:38.814+0000] {logging_mixin.py:188} INFO - [2026-02-15T18:29:38.814+0000] {dagbag.py:540} INFO - Filling up the DagBag from /opt/airflow/dags/sakiga_ds_pipeline.py
[2026-02-15T18:29:38.839+0000] {processor.py:840} INFO - DAG(s) 'sakiga_ds_pipeline' retrieved from /opt/airflow/dags/sakiga_ds_pipeline.py
[2026-02-15T18:29:38.872+0000] {logging_mixin.py:188} INFO - [2026-02-15T18:29:38.871+0000] {dag.py:3047} INFO - Sync 1 DAGs
[2026-02-15T18:29:38.899+0000] {logging_mixin.py:188} INFO - [2026-02-15T18:29:38.899+0000] {dag.py:3834} INFO - Setting next_dagrun for sakiga_ds_pipeline to 2026-02-15 00:00:00+00:00, run_after=2026-02-16 00:00:00+00:00
[2026-02-15T18:29:38.948+0000] {processor.py:183} INFO - Processing /opt/airflow/dags/sakiga_ds_pipeline.py took 0.141 seconds
[2026-02-15T18:30:09.140+0000] {processor.py:161} INFO - Started process (PID=165) to work on /opt/airflow/dags/sakiga_ds_pipeline.py
[2026-02-15T18:30:09.142+0000] {processor.py:830} INFO - Processing file /opt/airflow/dags/sakiga_ds_pipeline.py for tasks to queue
[2026-02-15T18:30:09.143+0000] {logging_mixin.py:188} INFO - [2026-02-15T18:30:09.143+0000] {dagbag.py:540} INFO - Filling up the DagBag from /opt/airflow/dags/sakiga_ds_pipeline.py
[2026-02-15T18:30:09.169+0000] {processor.py:840} INFO - DAG(s) 'sakiga_ds_pipeline' retrieved from /opt/airflow/dags/sakiga_ds_pipeline.py
[2026-02-15T18:30:09.202+0000] {logging_mixin.py:188} INFO - [2026-02-15T18:30:09.202+0000] {dag.py:3047} INFO - Sync 1 DAGs
[2026-02-15T18:30:09.302+0000] {logging_mixin.py:188} INFO - [2026-02-15T18:30:09.302+0000] {dag.py:3834} INFO - Setting next_dagrun for sakiga_ds_pipeline to 2026-02-15 00:00:00+00:00, run_after=2026-02-16 00:00:00+00:00
[2026-02-15T18:30:09.337+0000] {processor.py:183} INFO - Processing /opt/airflow/dags/sakiga_ds_pipeline.py took 0.201 seconds
[2026-02-15T18:30:39.503+0000] {processor.py:161} INFO - Started process (PID=166) to work on /opt/airflow/dags/sakiga_ds_pipeline.py
[2026-02-15T18:30:39.505+0000] {processor.py:830} INFO - Processing file /opt/airflow/dags/sakiga_ds_pipeline.py for tasks to queue
[2026-02-15T18:30:39.507+0000] {logging_mixin.py:188} INFO - [2026-02-15T18:30:39.506+0000] {dagbag.py:540} INFO - Filling up the DagBag from /opt/airflow/dags/sakiga_ds_pipeline.py
[2026-02-15T18:30:39.532+0000] {processor.py:840} INFO - DAG(s) 'sakiga_ds_pipeline' retrieved from /opt/airflow/dags/sakiga_ds_pipeline.py
[2026-02-15T18:30:39.562+0000] {logging_mixin.py:188} INFO - [2026-02-15T18:30:39.562+0000] {dag.py:3047} INFO - Sync 1 DAGs
[2026-02-15T18:30:39.582+0000] {logging_mixin.py:188} INFO - [2026-02-15T18:30:39.581+0000] {dag.py:3834} INFO - Setting next_dagrun for sakiga_ds_pipeline to 2026-02-15 00:00:00+00:00, run_after=2026-02-16 00:00:00+00:00
[2026-02-15T18:30:39.611+0000] {processor.py:183} INFO - Processing /opt/airflow/dags/sakiga_ds_pipeline.py took 0.112 seconds
[2026-02-15T18:31:09.814+0000] {processor.py:161} INFO - Started process (PID=167) to work on /opt/airflow/dags/sakiga_ds_pipeline.py
[2026-02-15T18:31:09.816+0000] {processor.py:830} INFO - Processing file /opt/airflow/dags/sakiga_ds_pipeline.py for tasks to queue
[2026-02-15T18:31:09.818+0000] {logging_mixin.py:188} INFO - [2026-02-15T18:31:09.817+0000] {dagbag.py:540} INFO - Filling up the DagBag from /opt/airflow/dags/sakiga_ds_pipeline.py
[2026-02-15T18:31:09.843+0000] {processor.py:840} INFO - DAG(s) 'sakiga_ds_pipeline' retrieved from /opt/airflow/dags/sakiga_ds_pipeline.py
[2026-02-15T18:31:09.873+0000] {logging_mixin.py:188} INFO - [2026-02-15T18:31:09.873+0000] {dag.py:3047} INFO - Sync 1 DAGs
[2026-02-15T18:31:09.893+0000] {logging_mixin.py:188} INFO - [2026-02-15T18:31:09.893+0000] {dag.py:3834} INFO - Setting next_dagrun for sakiga_ds_pipeline to 2026-02-15 00:00:00+00:00, run_after=2026-02-16 00:00:00+00:00
[2026-02-15T18:31:09.923+0000] {processor.py:183} INFO - Processing /opt/airflow/dags/sakiga_ds_pipeline.py took 0.113 seconds
[2026-02-15T18:31:40.160+0000] {processor.py:161} INFO - Started process (PID=168) to work on /opt/airflow/dags/sakiga_ds_pipeline.py
[2026-02-15T18:31:40.162+0000] {processor.py:830} INFO - Processing file /opt/airflow/dags/sakiga_ds_pipeline.py for tasks to queue
[2026-02-15T18:31:40.164+0000] {logging_mixin.py:188} INFO - [2026-02-15T18:31:40.163+0000] {dagbag.py:540} INFO - Filling up the DagBag from /opt/airflow/dags/sakiga_ds_pipeline.py
[2026-02-15T18:31:40.193+0000] {processor.py:840} INFO - DAG(s) 'sakiga_ds_pipeline' retrieved from /opt/airflow/dags/sakiga_ds_pipeline.py
[2026-02-15T18:31:40.228+0000] {logging_mixin.py:188} INFO - [2026-02-15T18:31:40.228+0000] {dag.py:3047} INFO - Sync 1 DAGs
[2026-02-15T18:31:40.259+0000] {logging_mixin.py:188} INFO - [2026-02-15T18:31:40.258+0000] {dag.py:3834} INFO - Setting next_dagrun for sakiga_ds_pipeline to 2026-02-15 00:00:00+00:00, run_after=2026-02-16 00:00:00+00:00
[2026-02-15T18:31:40.306+0000] {processor.py:183} INFO - Processing /opt/airflow/dags/sakiga_ds_pipeline.py took 0.150 seconds
[2026-02-15T18:32:10.544+0000] {processor.py:161} INFO - Started process (PID=169) to work on /opt/airflow/dags/sakiga_ds_pipeline.py
[2026-02-15T18:32:10.546+0000] {processor.py:830} INFO - Processing file /opt/airflow/dags/sakiga_ds_pipeline.py for tasks to queue
[2026-02-15T18:32:10.548+0000] {logging_mixin.py:188} INFO - [2026-02-15T18:32:10.547+0000] {dagbag.py:540} INFO - Filling up the DagBag from /opt/airflow/dags/sakiga_ds_pipeline.py
[2026-02-15T18:32:10.575+0000] {processor.py:840} INFO - DAG(s) 'sakiga_ds_pipeline' retrieved from /opt/airflow/dags/sakiga_ds_pipeline.py
[2026-02-15T18:32:10.615+0000] {logging_mixin.py:188} INFO - [2026-02-15T18:32:10.614+0000] {dag.py:3047} INFO - Sync 1 DAGs
[2026-02-15T18:32:10.635+0000] {logging_mixin.py:188} INFO - [2026-02-15T18:32:10.635+0000] {dag.py:3834} INFO - Setting next_dagrun for sakiga_ds_pipeline to 2026-02-15 00:00:00+00:00, run_after=2026-02-16 00:00:00+00:00
[2026-02-15T18:32:10.662+0000] {processor.py:183} INFO - Processing /opt/airflow/dags/sakiga_ds_pipeline.py took 0.124 seconds
[2026-02-15T18:32:40.858+0000] {processor.py:161} INFO - Started process (PID=170) to work on /opt/airflow/dags/sakiga_ds_pipeline.py
[2026-02-15T18:32:40.861+0000] {processor.py:830} INFO - Processing file /opt/airflow/dags/sakiga_ds_pipeline.py for tasks to queue
[2026-02-15T18:32:40.863+0000] {logging_mixin.py:188} INFO - [2026-02-15T18:32:40.862+0000] {dagbag.py:540} INFO - Filling up the DagBag from /opt/airflow/dags/sakiga_ds_pipeline.py
[2026-02-15T18:32:40.891+0000] {processor.py:840} INFO - DAG(s) 'sakiga_ds_pipeline' retrieved from /opt/airflow/dags/sakiga_ds_pipeline.py
[2026-02-15T18:32:40.922+0000] {logging_mixin.py:188} INFO - [2026-02-15T18:32:40.922+0000] {dag.py:3047} INFO - Sync 1 DAGs
[2026-02-15T18:32:40.943+0000] {logging_mixin.py:188} INFO - [2026-02-15T18:32:40.942+0000] {dag.py:3834} INFO - Setting next_dagrun for sakiga_ds_pipeline to 2026-02-15 00:00:00+00:00, run_after=2026-02-16 00:00:00+00:00
[2026-02-15T18:32:40.972+0000] {processor.py:183} INFO - Processing /opt/airflow/dags/sakiga_ds_pipeline.py took 0.122 seconds
[2026-02-15T18:33:11.268+0000] {processor.py:161} INFO - Started process (PID=171) to work on /opt/airflow/dags/sakiga_ds_pipeline.py
[2026-02-15T18:33:11.269+0000] {processor.py:830} INFO - Processing file /opt/airflow/dags/sakiga_ds_pipeline.py for tasks to queue
[2026-02-15T18:33:11.271+0000] {logging_mixin.py:188} INFO - [2026-02-15T18:33:11.270+0000] {dagbag.py:540} INFO - Filling up the DagBag from /opt/airflow/dags/sakiga_ds_pipeline.py
[2026-02-15T18:33:11.298+0000] {processor.py:840} INFO - DAG(s) 'sakiga_ds_pipeline' retrieved from /opt/airflow/dags/sakiga_ds_pipeline.py
[2026-02-15T18:33:11.328+0000] {logging_mixin.py:188} INFO - [2026-02-15T18:33:11.328+0000] {dag.py:3047} INFO - Sync 1 DAGs
[2026-02-15T18:33:11.348+0000] {logging_mixin.py:188} INFO - [2026-02-15T18:33:11.348+0000] {dag.py:3834} INFO - Setting next_dagrun for sakiga_ds_pipeline to 2026-02-15 00:00:00+00:00, run_after=2026-02-16 00:00:00+00:00
[2026-02-15T18:33:11.379+0000] {processor.py:183} INFO - Processing /opt/airflow/dags/sakiga_ds_pipeline.py took 0.115 seconds
[2026-02-15T18:33:41.791+0000] {processor.py:161} INFO - Started process (PID=172) to work on /opt/airflow/dags/sakiga_ds_pipeline.py
[2026-02-15T18:33:41.793+0000] {processor.py:830} INFO - Processing file /opt/airflow/dags/sakiga_ds_pipeline.py for tasks to queue
[2026-02-15T18:33:41.795+0000] {logging_mixin.py:188} INFO - [2026-02-15T18:33:41.794+0000] {dagbag.py:540} INFO - Filling up the DagBag from /opt/airflow/dags/sakiga_ds_pipeline.py
[2026-02-15T18:33:41.821+0000] {processor.py:840} INFO - DAG(s) 'sakiga_ds_pipeline' retrieved from /opt/airflow/dags/sakiga_ds_pipeline.py
[2026-02-15T18:33:41.858+0000] {logging_mixin.py:188} INFO - [2026-02-15T18:33:41.858+0000] {dag.py:3047} INFO - Sync 1 DAGs
[2026-02-15T18:33:41.881+0000] {logging_mixin.py:188} INFO - [2026-02-15T18:33:41.881+0000] {dag.py:3834} INFO - Setting next_dagrun for sakiga_ds_pipeline to 2026-02-15 00:00:00+00:00, run_after=2026-02-16 00:00:00+00:00
[2026-02-15T18:33:41.911+0000] {processor.py:183} INFO - Processing /opt/airflow/dags/sakiga_ds_pipeline.py took 0.125 seconds
[2026-02-15T18:34:14.258+0000] {processor.py:161} INFO - Started process (PID=173) to work on /opt/airflow/dags/sakiga_ds_pipeline.py
[2026-02-15T18:34:14.260+0000] {processor.py:830} INFO - Processing file /opt/airflow/dags/sakiga_ds_pipeline.py for tasks to queue
[2026-02-15T18:34:14.261+0000] {logging_mixin.py:188} INFO - [2026-02-15T18:34:14.261+0000] {dagbag.py:540} INFO - Filling up the DagBag from /opt/airflow/dags/sakiga_ds_pipeline.py
[2026-02-15T18:34:14.338+0000] {processor.py:840} INFO - DAG(s) 'sakiga_ds_pipeline' retrieved from /opt/airflow/dags/sakiga_ds_pipeline.py
[2026-02-15T18:34:14.370+0000] {logging_mixin.py:188} INFO - [2026-02-15T18:34:14.369+0000] {dag.py:3047} INFO - Sync 1 DAGs
[2026-02-15T18:34:14.390+0000] {logging_mixin.py:188} INFO - [2026-02-15T18:34:14.390+0000] {dag.py:3834} INFO - Setting next_dagrun for sakiga_ds_pipeline to 2026-02-15 00:00:00+00:00, run_after=2026-02-16 00:00:00+00:00
[2026-02-15T18:34:14.424+0000] {processor.py:183} INFO - Processing /opt/airflow/dags/sakiga_ds_pipeline.py took 0.171 seconds
[2026-02-15T18:34:44.589+0000] {processor.py:161} INFO - Started process (PID=174) to work on /opt/airflow/dags/sakiga_ds_pipeline.py
[2026-02-15T18:34:44.591+0000] {processor.py:830} INFO - Processing file /opt/airflow/dags/sakiga_ds_pipeline.py for tasks to queue
[2026-02-15T18:34:44.593+0000] {logging_mixin.py:188} INFO - [2026-02-15T18:34:44.593+0000] {dagbag.py:540} INFO - Filling up the DagBag from /opt/airflow/dags/sakiga_ds_pipeline.py
[2026-02-15T18:34:44.632+0000] {processor.py:840} INFO - DAG(s) 'sakiga_ds_pipeline' retrieved from /opt/airflow/dags/sakiga_ds_pipeline.py
[2026-02-15T18:34:44.664+0000] {logging_mixin.py:188} INFO - [2026-02-15T18:34:44.663+0000] {dag.py:3047} INFO - Sync 1 DAGs
[2026-02-15T18:34:44.686+0000] {logging_mixin.py:188} INFO - [2026-02-15T18:34:44.686+0000] {dag.py:3834} INFO - Setting next_dagrun for sakiga_ds_pipeline to 2026-02-15 00:00:00+00:00, run_after=2026-02-16 00:00:00+00:00
[2026-02-15T18:34:44.848+0000] {processor.py:183} INFO - Processing /opt/airflow/dags/sakiga_ds_pipeline.py took 0.263 seconds
[2026-02-15T18:35:15.053+0000] {processor.py:161} INFO - Started process (PID=175) to work on /opt/airflow/dags/sakiga_ds_pipeline.py
[2026-02-15T18:35:15.055+0000] {processor.py:830} INFO - Processing file /opt/airflow/dags/sakiga_ds_pipeline.py for tasks to queue
[2026-02-15T18:35:15.057+0000] {logging_mixin.py:188} INFO - [2026-02-15T18:35:15.056+0000] {dagbag.py:540} INFO - Filling up the DagBag from /opt/airflow/dags/sakiga_ds_pipeline.py
[2026-02-15T18:35:15.083+0000] {processor.py:840} INFO - DAG(s) 'sakiga_ds_pipeline' retrieved from /opt/airflow/dags/sakiga_ds_pipeline.py
[2026-02-15T18:35:15.119+0000] {logging_mixin.py:188} INFO - [2026-02-15T18:35:15.119+0000] {dag.py:3047} INFO - Sync 1 DAGs
[2026-02-15T18:35:15.140+0000] {logging_mixin.py:188} INFO - [2026-02-15T18:35:15.140+0000] {dag.py:3834} INFO - Setting next_dagrun for sakiga_ds_pipeline to 2026-02-15 00:00:00+00:00, run_after=2026-02-16 00:00:00+00:00
[2026-02-15T18:35:15.185+0000] {processor.py:183} INFO - Processing /opt/airflow/dags/sakiga_ds_pipeline.py took 0.138 seconds
[2026-02-15T18:35:45.312+0000] {processor.py:161} INFO - Started process (PID=176) to work on /opt/airflow/dags/sakiga_ds_pipeline.py
[2026-02-15T18:35:45.315+0000] {processor.py:830} INFO - Processing file /opt/airflow/dags/sakiga_ds_pipeline.py for tasks to queue
[2026-02-15T18:35:45.318+0000] {logging_mixin.py:188} INFO - [2026-02-15T18:35:45.317+0000] {dagbag.py:540} INFO - Filling up the DagBag from /opt/airflow/dags/sakiga_ds_pipeline.py
[2026-02-15T18:35:45.355+0000] {processor.py:840} INFO - DAG(s) 'sakiga_ds_pipeline' retrieved from /opt/airflow/dags/sakiga_ds_pipeline.py
[2026-02-15T18:35:45.386+0000] {logging_mixin.py:188} INFO - [2026-02-15T18:35:45.385+0000] {dag.py:3047} INFO - Sync 1 DAGs
[2026-02-15T18:35:45.406+0000] {logging_mixin.py:188} INFO - [2026-02-15T18:35:45.405+0000] {dag.py:3834} INFO - Setting next_dagrun for sakiga_ds_pipeline to 2026-02-15 00:00:00+00:00, run_after=2026-02-16 00:00:00+00:00
[2026-02-15T18:35:45.451+0000] {processor.py:183} INFO - Processing /opt/airflow/dags/sakiga_ds_pipeline.py took 0.146 seconds
[2026-02-15T18:36:15.615+0000] {processor.py:161} INFO - Started process (PID=177) to work on /opt/airflow/dags/sakiga_ds_pipeline.py
[2026-02-15T18:36:15.617+0000] {processor.py:830} INFO - Processing file /opt/airflow/dags/sakiga_ds_pipeline.py for tasks to queue
[2026-02-15T18:36:15.619+0000] {logging_mixin.py:188} INFO - [2026-02-15T18:36:15.618+0000] {dagbag.py:540} INFO - Filling up the DagBag from /opt/airflow/dags/sakiga_ds_pipeline.py
[2026-02-15T18:36:15.678+0000] {processor.py:840} INFO - DAG(s) 'sakiga_ds_pipeline' retrieved from /opt/airflow/dags/sakiga_ds_pipeline.py
[2026-02-15T18:36:15.725+0000] {logging_mixin.py:188} INFO - [2026-02-15T18:36:15.725+0000] {dag.py:3047} INFO - Sync 1 DAGs
[2026-02-15T18:36:15.752+0000] {logging_mixin.py:188} INFO - [2026-02-15T18:36:15.751+0000] {dag.py:3834} INFO - Setting next_dagrun for sakiga_ds_pipeline to 2026-02-15 00:00:00+00:00, run_after=2026-02-16 00:00:00+00:00
[2026-02-15T18:36:15.786+0000] {processor.py:183} INFO - Processing /opt/airflow/dags/sakiga_ds_pipeline.py took 0.176 seconds
[2026-02-15T18:36:45.950+0000] {processor.py:161} INFO - Started process (PID=178) to work on /opt/airflow/dags/sakiga_ds_pipeline.py
[2026-02-15T18:36:45.952+0000] {processor.py:830} INFO - Processing file /opt/airflow/dags/sakiga_ds_pipeline.py for tasks to queue
[2026-02-15T18:36:45.954+0000] {logging_mixin.py:188} INFO - [2026-02-15T18:36:45.953+0000] {dagbag.py:540} INFO - Filling up the DagBag from /opt/airflow/dags/sakiga_ds_pipeline.py
[2026-02-15T18:36:45.991+0000] {processor.py:840} INFO - DAG(s) 'sakiga_ds_pipeline' retrieved from /opt/airflow/dags/sakiga_ds_pipeline.py
[2026-02-15T18:36:46.024+0000] {logging_mixin.py:188} INFO - [2026-02-15T18:36:46.023+0000] {dag.py:3047} INFO - Sync 1 DAGs
[2026-02-15T18:36:46.044+0000] {logging_mixin.py:188} INFO - [2026-02-15T18:36:46.044+0000] {dag.py:3834} INFO - Setting next_dagrun for sakiga_ds_pipeline to 2026-02-15 00:00:00+00:00, run_after=2026-02-16 00:00:00+00:00
[2026-02-15T18:36:46.085+0000] {processor.py:183} INFO - Processing /opt/airflow/dags/sakiga_ds_pipeline.py took 0.143 seconds
[2026-02-15T18:37:16.207+0000] {processor.py:161} INFO - Started process (PID=179) to work on /opt/airflow/dags/sakiga_ds_pipeline.py
[2026-02-15T18:37:16.209+0000] {processor.py:830} INFO - Processing file /opt/airflow/dags/sakiga_ds_pipeline.py for tasks to queue
[2026-02-15T18:37:16.210+0000] {logging_mixin.py:188} INFO - [2026-02-15T18:37:16.209+0000] {dagbag.py:540} INFO - Filling up the DagBag from /opt/airflow/dags/sakiga_ds_pipeline.py
[2026-02-15T18:37:16.237+0000] {processor.py:840} INFO - DAG(s) 'sakiga_ds_pipeline' retrieved from /opt/airflow/dags/sakiga_ds_pipeline.py
[2026-02-15T18:37:16.277+0000] {logging_mixin.py:188} INFO - [2026-02-15T18:37:16.276+0000] {dag.py:3047} INFO - Sync 1 DAGs
[2026-02-15T18:37:16.311+0000] {logging_mixin.py:188} INFO - [2026-02-15T18:37:16.311+0000] {dag.py:3834} INFO - Setting next_dagrun for sakiga_ds_pipeline to 2026-02-15 00:00:00+00:00, run_after=2026-02-16 00:00:00+00:00
[2026-02-15T18:37:16.368+0000] {processor.py:183} INFO - Processing /opt/airflow/dags/sakiga_ds_pipeline.py took 0.165 seconds
[2026-02-15T18:37:46.517+0000] {processor.py:161} INFO - Started process (PID=180) to work on /opt/airflow/dags/sakiga_ds_pipeline.py
[2026-02-15T18:37:46.519+0000] {processor.py:830} INFO - Processing file /opt/airflow/dags/sakiga_ds_pipeline.py for tasks to queue
[2026-02-15T18:37:46.521+0000] {logging_mixin.py:188} INFO - [2026-02-15T18:37:46.520+0000] {dagbag.py:540} INFO - Filling up the DagBag from /opt/airflow/dags/sakiga_ds_pipeline.py
[2026-02-15T18:37:46.547+0000] {processor.py:840} INFO - DAG(s) 'sakiga_ds_pipeline' retrieved from /opt/airflow/dags/sakiga_ds_pipeline.py
[2026-02-15T18:37:46.578+0000] {logging_mixin.py:188} INFO - [2026-02-15T18:37:46.578+0000] {dag.py:3047} INFO - Sync 1 DAGs
[2026-02-15T18:37:46.713+0000] {logging_mixin.py:188} INFO - [2026-02-15T18:37:46.679+0000] {dag.py:3834} INFO - Setting next_dagrun for sakiga_ds_pipeline to 2026-02-15 00:00:00+00:00, run_after=2026-02-16 00:00:00+00:00
[2026-02-15T18:37:46.824+0000] {processor.py:183} INFO - Processing /opt/airflow/dags/sakiga_ds_pipeline.py took 0.311 seconds
[2026-02-15T18:38:17.038+0000] {processor.py:161} INFO - Started process (PID=181) to work on /opt/airflow/dags/sakiga_ds_pipeline.py
[2026-02-15T18:38:17.040+0000] {processor.py:830} INFO - Processing file /opt/airflow/dags/sakiga_ds_pipeline.py for tasks to queue
[2026-02-15T18:38:17.043+0000] {logging_mixin.py:188} INFO - [2026-02-15T18:38:17.042+0000] {dagbag.py:540} INFO - Filling up the DagBag from /opt/airflow/dags/sakiga_ds_pipeline.py
[2026-02-15T18:38:17.083+0000] {processor.py:840} INFO - DAG(s) 'sakiga_ds_pipeline' retrieved from /opt/airflow/dags/sakiga_ds_pipeline.py
[2026-02-15T18:38:17.119+0000] {logging_mixin.py:188} INFO - [2026-02-15T18:38:17.119+0000] {dag.py:3047} INFO - Sync 1 DAGs
[2026-02-15T18:38:17.143+0000] {logging_mixin.py:188} INFO - [2026-02-15T18:38:17.143+0000] {dag.py:3834} INFO - Setting next_dagrun for sakiga_ds_pipeline to 2026-02-15 00:00:00+00:00, run_after=2026-02-16 00:00:00+00:00
[2026-02-15T18:38:17.264+0000] {processor.py:183} INFO - Processing /opt/airflow/dags/sakiga_ds_pipeline.py took 0.231 seconds
[2026-02-15T18:38:47.460+0000] {processor.py:161} INFO - Started process (PID=182) to work on /opt/airflow/dags/sakiga_ds_pipeline.py
[2026-02-15T18:38:47.463+0000] {processor.py:830} INFO - Processing file /opt/airflow/dags/sakiga_ds_pipeline.py for tasks to queue
[2026-02-15T18:38:47.464+0000] {logging_mixin.py:188} INFO - [2026-02-15T18:38:47.464+0000] {dagbag.py:540} INFO - Filling up the DagBag from /opt/airflow/dags/sakiga_ds_pipeline.py
[2026-02-15T18:38:47.513+0000] {processor.py:840} INFO - DAG(s) 'sakiga_ds_pipeline' retrieved from /opt/airflow/dags/sakiga_ds_pipeline.py
[2026-02-15T18:38:47.544+0000] {logging_mixin.py:188} INFO - [2026-02-15T18:38:47.544+0000] {dag.py:3047} INFO - Sync 1 DAGs
[2026-02-15T18:38:47.572+0000] {logging_mixin.py:188} INFO - [2026-02-15T18:38:47.572+0000] {dag.py:3834} INFO - Setting next_dagrun for sakiga_ds_pipeline to 2026-02-15 00:00:00+00:00, run_after=2026-02-16 00:00:00+00:00
[2026-02-15T18:38:47.609+0000] {processor.py:183} INFO - Processing /opt/airflow/dags/sakiga_ds_pipeline.py took 0.154 seconds
[2026-02-15T18:39:17.811+0000] {processor.py:161} INFO - Started process (PID=183) to work on /opt/airflow/dags/sakiga_ds_pipeline.py
[2026-02-15T18:39:17.812+0000] {processor.py:830} INFO - Processing file /opt/airflow/dags/sakiga_ds_pipeline.py for tasks to queue
[2026-02-15T18:39:17.814+0000] {logging_mixin.py:188} INFO - [2026-02-15T18:39:17.814+0000] {dagbag.py:540} INFO - Filling up the DagBag from /opt/airflow/dags/sakiga_ds_pipeline.py
[2026-02-15T18:39:17.843+0000] {processor.py:840} INFO - DAG(s) 'sakiga_ds_pipeline' retrieved from /opt/airflow/dags/sakiga_ds_pipeline.py
[2026-02-15T18:39:17.876+0000] {logging_mixin.py:188} INFO - [2026-02-15T18:39:17.876+0000] {dag.py:3047} INFO - Sync 1 DAGs
[2026-02-15T18:39:17.900+0000] {logging_mixin.py:188} INFO - [2026-02-15T18:39:17.900+0000] {dag.py:3834} INFO - Setting next_dagrun for sakiga_ds_pipeline to 2026-02-15 00:00:00+00:00, run_after=2026-02-16 00:00:00+00:00
[2026-02-15T18:39:17.933+0000] {processor.py:183} INFO - Processing /opt/airflow/dags/sakiga_ds_pipeline.py took 0.127 seconds
[2026-02-15T18:39:48.140+0000] {processor.py:161} INFO - Started process (PID=184) to work on /opt/airflow/dags/sakiga_ds_pipeline.py
[2026-02-15T18:39:48.142+0000] {processor.py:830} INFO - Processing file /opt/airflow/dags/sakiga_ds_pipeline.py for tasks to queue
[2026-02-15T18:39:48.144+0000] {logging_mixin.py:188} INFO - [2026-02-15T18:39:48.143+0000] {dagbag.py:540} INFO - Filling up the DagBag from /opt/airflow/dags/sakiga_ds_pipeline.py
[2026-02-15T18:39:48.168+0000] {processor.py:840} INFO - DAG(s) 'sakiga_ds_pipeline' retrieved from /opt/airflow/dags/sakiga_ds_pipeline.py
[2026-02-15T18:39:48.199+0000] {logging_mixin.py:188} INFO - [2026-02-15T18:39:48.199+0000] {dag.py:3047} INFO - Sync 1 DAGs
[2026-02-15T18:39:48.220+0000] {logging_mixin.py:188} INFO - [2026-02-15T18:39:48.220+0000] {dag.py:3834} INFO - Setting next_dagrun for sakiga_ds_pipeline to 2026-02-15 00:00:00+00:00, run_after=2026-02-16 00:00:00+00:00
[2026-02-15T18:39:48.315+0000] {processor.py:183} INFO - Processing /opt/airflow/dags/sakiga_ds_pipeline.py took 0.179 seconds
[2026-02-15T18:40:18.541+0000] {processor.py:161} INFO - Started process (PID=185) to work on /opt/airflow/dags/sakiga_ds_pipeline.py
[2026-02-15T18:40:18.542+0000] {processor.py:830} INFO - Processing file /opt/airflow/dags/sakiga_ds_pipeline.py for tasks to queue
[2026-02-15T18:40:18.544+0000] {logging_mixin.py:188} INFO - [2026-02-15T18:40:18.543+0000] {dagbag.py:540} INFO - Filling up the DagBag from /opt/airflow/dags/sakiga_ds_pipeline.py
[2026-02-15T18:40:18.602+0000] {processor.py:840} INFO - DAG(s) 'sakiga_ds_pipeline' retrieved from /opt/airflow/dags/sakiga_ds_pipeline.py
[2026-02-15T18:40:18.632+0000] {logging_mixin.py:188} INFO - [2026-02-15T18:40:18.632+0000] {dag.py:3047} INFO - Sync 1 DAGs
[2026-02-15T18:40:18.652+0000] {logging_mixin.py:188} INFO - [2026-02-15T18:40:18.652+0000] {dag.py:3834} INFO - Setting next_dagrun for sakiga_ds_pipeline to 2026-02-15 00:00:00+00:00, run_after=2026-02-16 00:00:00+00:00
[2026-02-15T18:40:18.682+0000] {processor.py:183} INFO - Processing /opt/airflow/dags/sakiga_ds_pipeline.py took 0.146 seconds
[2026-02-15T18:40:48.846+0000] {processor.py:161} INFO - Started process (PID=186) to work on /opt/airflow/dags/sakiga_ds_pipeline.py
[2026-02-15T18:40:48.847+0000] {processor.py:830} INFO - Processing file /opt/airflow/dags/sakiga_ds_pipeline.py for tasks to queue
[2026-02-15T18:40:48.849+0000] {logging_mixin.py:188} INFO - [2026-02-15T18:40:48.848+0000] {dagbag.py:540} INFO - Filling up the DagBag from /opt/airflow/dags/sakiga_ds_pipeline.py
[2026-02-15T18:40:48.873+0000] {processor.py:840} INFO - DAG(s) 'sakiga_ds_pipeline' retrieved from /opt/airflow/dags/sakiga_ds_pipeline.py
[2026-02-15T18:40:48.903+0000] {logging_mixin.py:188} INFO - [2026-02-15T18:40:48.903+0000] {dag.py:3047} INFO - Sync 1 DAGs
[2026-02-15T18:40:48.924+0000] {logging_mixin.py:188} INFO - [2026-02-15T18:40:48.923+0000] {dag.py:3834} INFO - Setting next_dagrun for sakiga_ds_pipeline to 2026-02-15 00:00:00+00:00, run_after=2026-02-16 00:00:00+00:00
[2026-02-15T18:40:48.968+0000] {processor.py:183} INFO - Processing /opt/airflow/dags/sakiga_ds_pipeline.py took 0.127 seconds
[2026-02-15T18:41:19.132+0000] {processor.py:161} INFO - Started process (PID=187) to work on /opt/airflow/dags/sakiga_ds_pipeline.py
[2026-02-15T18:41:19.134+0000] {processor.py:830} INFO - Processing file /opt/airflow/dags/sakiga_ds_pipeline.py for tasks to queue
[2026-02-15T18:41:19.135+0000] {logging_mixin.py:188} INFO - [2026-02-15T18:41:19.135+0000] {dagbag.py:540} INFO - Filling up the DagBag from /opt/airflow/dags/sakiga_ds_pipeline.py
[2026-02-15T18:41:19.163+0000] {processor.py:840} INFO - DAG(s) 'sakiga_ds_pipeline' retrieved from /opt/airflow/dags/sakiga_ds_pipeline.py
[2026-02-15T18:41:19.194+0000] {logging_mixin.py:188} INFO - [2026-02-15T18:41:19.194+0000] {dag.py:3047} INFO - Sync 1 DAGs
[2026-02-15T18:41:19.238+0000] {logging_mixin.py:188} INFO - [2026-02-15T18:41:19.237+0000] {dag.py:3834} INFO - Setting next_dagrun for sakiga_ds_pipeline to 2026-02-15 00:00:00+00:00, run_after=2026-02-16 00:00:00+00:00
[2026-02-15T18:41:19.271+0000] {processor.py:183} INFO - Processing /opt/airflow/dags/sakiga_ds_pipeline.py took 0.143 seconds
[2026-02-15T18:41:49.452+0000] {processor.py:161} INFO - Started process (PID=188) to work on /opt/airflow/dags/sakiga_ds_pipeline.py
[2026-02-15T18:41:49.454+0000] {processor.py:830} INFO - Processing file /opt/airflow/dags/sakiga_ds_pipeline.py for tasks to queue
[2026-02-15T18:41:49.455+0000] {logging_mixin.py:188} INFO - [2026-02-15T18:41:49.455+0000] {dagbag.py:540} INFO - Filling up the DagBag from /opt/airflow/dags/sakiga_ds_pipeline.py
[2026-02-15T18:41:49.479+0000] {processor.py:840} INFO - DAG(s) 'sakiga_ds_pipeline' retrieved from /opt/airflow/dags/sakiga_ds_pipeline.py
[2026-02-15T18:41:49.509+0000] {logging_mixin.py:188} INFO - [2026-02-15T18:41:49.509+0000] {dag.py:3047} INFO - Sync 1 DAGs
[2026-02-15T18:41:49.528+0000] {logging_mixin.py:188} INFO - [2026-02-15T18:41:49.528+0000] {dag.py:3834} INFO - Setting next_dagrun for sakiga_ds_pipeline to 2026-02-15 00:00:00+00:00, run_after=2026-02-16 00:00:00+00:00
[2026-02-15T18:41:49.558+0000] {processor.py:183} INFO - Processing /opt/airflow/dags/sakiga_ds_pipeline.py took 0.109 seconds
[2026-02-15T18:42:19.747+0000] {processor.py:161} INFO - Started process (PID=189) to work on /opt/airflow/dags/sakiga_ds_pipeline.py
[2026-02-15T18:42:19.749+0000] {processor.py:830} INFO - Processing file /opt/airflow/dags/sakiga_ds_pipeline.py for tasks to queue
[2026-02-15T18:42:19.750+0000] {logging_mixin.py:188} INFO - [2026-02-15T18:42:19.750+0000] {dagbag.py:540} INFO - Filling up the DagBag from /opt/airflow/dags/sakiga_ds_pipeline.py
[2026-02-15T18:42:19.775+0000] {processor.py:840} INFO - DAG(s) 'sakiga_ds_pipeline' retrieved from /opt/airflow/dags/sakiga_ds_pipeline.py
[2026-02-15T18:42:19.805+0000] {logging_mixin.py:188} INFO - [2026-02-15T18:42:19.805+0000] {dag.py:3047} INFO - Sync 1 DAGs
[2026-02-15T18:42:19.824+0000] {logging_mixin.py:188} INFO - [2026-02-15T18:42:19.824+0000] {dag.py:3834} INFO - Setting next_dagrun for sakiga_ds_pipeline to 2026-02-15 00:00:00+00:00, run_after=2026-02-16 00:00:00+00:00
[2026-02-15T18:42:19.901+0000] {processor.py:183} INFO - Processing /opt/airflow/dags/sakiga_ds_pipeline.py took 0.158 seconds
[2026-02-15T18:42:50.058+0000] {processor.py:161} INFO - Started process (PID=190) to work on /opt/airflow/dags/sakiga_ds_pipeline.py
[2026-02-15T18:42:50.060+0000] {processor.py:830} INFO - Processing file /opt/airflow/dags/sakiga_ds_pipeline.py for tasks to queue
[2026-02-15T18:42:50.061+0000] {logging_mixin.py:188} INFO - [2026-02-15T18:42:50.061+0000] {dagbag.py:540} INFO - Filling up the DagBag from /opt/airflow/dags/sakiga_ds_pipeline.py
[2026-02-15T18:42:50.108+0000] {processor.py:840} INFO - DAG(s) 'sakiga_ds_pipeline' retrieved from /opt/airflow/dags/sakiga_ds_pipeline.py
[2026-02-15T18:42:50.144+0000] {logging_mixin.py:188} INFO - [2026-02-15T18:42:50.144+0000] {dag.py:3047} INFO - Sync 1 DAGs
[2026-02-15T18:42:50.163+0000] {logging_mixin.py:188} INFO - [2026-02-15T18:42:50.163+0000] {dag.py:3834} INFO - Setting next_dagrun for sakiga_ds_pipeline to 2026-02-15 00:00:00+00:00, run_after=2026-02-16 00:00:00+00:00
[2026-02-15T18:42:50.194+0000] {processor.py:183} INFO - Processing /opt/airflow/dags/sakiga_ds_pipeline.py took 0.141 seconds
[2026-02-15T18:43:20.388+0000] {processor.py:161} INFO - Started process (PID=191) to work on /opt/airflow/dags/sakiga_ds_pipeline.py
[2026-02-15T18:43:20.390+0000] {processor.py:830} INFO - Processing file /opt/airflow/dags/sakiga_ds_pipeline.py for tasks to queue
[2026-02-15T18:43:20.392+0000] {logging_mixin.py:188} INFO - [2026-02-15T18:43:20.391+0000] {dagbag.py:540} INFO - Filling up the DagBag from /opt/airflow/dags/sakiga_ds_pipeline.py
[2026-02-15T18:43:20.414+0000] {processor.py:840} INFO - DAG(s) 'sakiga_ds_pipeline' retrieved from /opt/airflow/dags/sakiga_ds_pipeline.py
[2026-02-15T18:43:20.443+0000] {logging_mixin.py:188} INFO - [2026-02-15T18:43:20.443+0000] {dag.py:3047} INFO - Sync 1 DAGs
[2026-02-15T18:43:20.464+0000] {logging_mixin.py:188} INFO - [2026-02-15T18:43:20.463+0000] {dag.py:3834} INFO - Setting next_dagrun for sakiga_ds_pipeline to 2026-02-15 00:00:00+00:00, run_after=2026-02-16 00:00:00+00:00
[2026-02-15T18:43:20.507+0000] {processor.py:183} INFO - Processing /opt/airflow/dags/sakiga_ds_pipeline.py took 0.122 seconds
[2026-02-15T18:43:50.710+0000] {processor.py:161} INFO - Started process (PID=192) to work on /opt/airflow/dags/sakiga_ds_pipeline.py
[2026-02-15T18:43:50.711+0000] {processor.py:830} INFO - Processing file /opt/airflow/dags/sakiga_ds_pipeline.py for tasks to queue
[2026-02-15T18:43:50.713+0000] {logging_mixin.py:188} INFO - [2026-02-15T18:43:50.712+0000] {dagbag.py:540} INFO - Filling up the DagBag from /opt/airflow/dags/sakiga_ds_pipeline.py
[2026-02-15T18:43:50.743+0000] {processor.py:840} INFO - DAG(s) 'sakiga_ds_pipeline' retrieved from /opt/airflow/dags/sakiga_ds_pipeline.py
[2026-02-15T18:43:50.777+0000] {logging_mixin.py:188} INFO - [2026-02-15T18:43:50.777+0000] {dag.py:3047} INFO - Sync 1 DAGs
[2026-02-15T18:43:50.799+0000] {logging_mixin.py:188} INFO - [2026-02-15T18:43:50.799+0000] {dag.py:3834} INFO - Setting next_dagrun for sakiga_ds_pipeline to 2026-02-15 00:00:00+00:00, run_after=2026-02-16 00:00:00+00:00
[2026-02-15T18:43:50.853+0000] {processor.py:183} INFO - Processing /opt/airflow/dags/sakiga_ds_pipeline.py took 0.147 seconds
[2026-02-15T18:44:21.091+0000] {processor.py:161} INFO - Started process (PID=193) to work on /opt/airflow/dags/sakiga_ds_pipeline.py
[2026-02-15T18:44:21.092+0000] {processor.py:830} INFO - Processing file /opt/airflow/dags/sakiga_ds_pipeline.py for tasks to queue
[2026-02-15T18:44:21.094+0000] {logging_mixin.py:188} INFO - [2026-02-15T18:44:21.093+0000] {dagbag.py:540} INFO - Filling up the DagBag from /opt/airflow/dags/sakiga_ds_pipeline.py
[2026-02-15T18:44:21.157+0000] {processor.py:840} INFO - DAG(s) 'sakiga_ds_pipeline' retrieved from /opt/airflow/dags/sakiga_ds_pipeline.py
[2026-02-15T18:44:21.223+0000] {logging_mixin.py:188} INFO - [2026-02-15T18:44:21.223+0000] {dag.py:3047} INFO - Sync 1 DAGs
[2026-02-15T18:44:21.268+0000] {logging_mixin.py:188} INFO - [2026-02-15T18:44:21.267+0000] {dag.py:3834} INFO - Setting next_dagrun for sakiga_ds_pipeline to 2026-02-15 00:00:00+00:00, run_after=2026-02-16 00:00:00+00:00
[2026-02-15T18:44:21.307+0000] {processor.py:183} INFO - Processing /opt/airflow/dags/sakiga_ds_pipeline.py took 0.220 seconds
[2026-02-15T18:44:51.480+0000] {processor.py:161} INFO - Started process (PID=194) to work on /opt/airflow/dags/sakiga_ds_pipeline.py
[2026-02-15T18:44:51.482+0000] {processor.py:830} INFO - Processing file /opt/airflow/dags/sakiga_ds_pipeline.py for tasks to queue
[2026-02-15T18:44:51.483+0000] {logging_mixin.py:188} INFO - [2026-02-15T18:44:51.483+0000] {dagbag.py:540} INFO - Filling up the DagBag from /opt/airflow/dags/sakiga_ds_pipeline.py
[2026-02-15T18:44:51.506+0000] {processor.py:840} INFO - DAG(s) 'sakiga_ds_pipeline' retrieved from /opt/airflow/dags/sakiga_ds_pipeline.py
[2026-02-15T18:44:51.536+0000] {logging_mixin.py:188} INFO - [2026-02-15T18:44:51.536+0000] {dag.py:3047} INFO - Sync 1 DAGs
[2026-02-15T18:44:51.555+0000] {logging_mixin.py:188} INFO - [2026-02-15T18:44:51.554+0000] {dag.py:3834} INFO - Setting next_dagrun for sakiga_ds_pipeline to 2026-02-15 00:00:00+00:00, run_after=2026-02-16 00:00:00+00:00
[2026-02-15T18:44:51.608+0000] {processor.py:183} INFO - Processing /opt/airflow/dags/sakiga_ds_pipeline.py took 0.133 seconds
[2026-02-15T18:45:21.729+0000] {processor.py:161} INFO - Started process (PID=195) to work on /opt/airflow/dags/sakiga_ds_pipeline.py
[2026-02-15T18:45:21.731+0000] {processor.py:830} INFO - Processing file /opt/airflow/dags/sakiga_ds_pipeline.py for tasks to queue
[2026-02-15T18:45:21.732+0000] {logging_mixin.py:188} INFO - [2026-02-15T18:45:21.732+0000] {dagbag.py:540} INFO - Filling up the DagBag from /opt/airflow/dags/sakiga_ds_pipeline.py
[2026-02-15T18:45:21.757+0000] {processor.py:840} INFO - DAG(s) 'sakiga_ds_pipeline' retrieved from /opt/airflow/dags/sakiga_ds_pipeline.py
[2026-02-15T18:45:21.787+0000] {logging_mixin.py:188} INFO - [2026-02-15T18:45:21.786+0000] {dag.py:3047} INFO - Sync 1 DAGs
[2026-02-15T18:45:21.808+0000] {logging_mixin.py:188} INFO - [2026-02-15T18:45:21.808+0000] {dag.py:3834} INFO - Setting next_dagrun for sakiga_ds_pipeline to 2026-02-15 00:00:00+00:00, run_after=2026-02-16 00:00:00+00:00
[2026-02-15T18:45:21.837+0000] {processor.py:183} INFO - Processing /opt/airflow/dags/sakiga_ds_pipeline.py took 0.112 seconds
[2026-02-15T18:45:52.089+0000] {processor.py:161} INFO - Started process (PID=196) to work on /opt/airflow/dags/sakiga_ds_pipeline.py
[2026-02-15T18:45:52.091+0000] {processor.py:830} INFO - Processing file /opt/airflow/dags/sakiga_ds_pipeline.py for tasks to queue
[2026-02-15T18:45:52.093+0000] {logging_mixin.py:188} INFO - [2026-02-15T18:45:52.092+0000] {dagbag.py:540} INFO - Filling up the DagBag from /opt/airflow/dags/sakiga_ds_pipeline.py
[2026-02-15T18:45:52.119+0000] {processor.py:840} INFO - DAG(s) 'sakiga_ds_pipeline' retrieved from /opt/airflow/dags/sakiga_ds_pipeline.py
[2026-02-15T18:45:52.163+0000] {logging_mixin.py:188} INFO - [2026-02-15T18:45:52.163+0000] {dag.py:3047} INFO - Sync 1 DAGs
[2026-02-15T18:45:52.183+0000] {logging_mixin.py:188} INFO - [2026-02-15T18:45:52.183+0000] {dag.py:3834} INFO - Setting next_dagrun for sakiga_ds_pipeline to 2026-02-15 00:00:00+00:00, run_after=2026-02-16 00:00:00+00:00
[2026-02-15T18:45:52.211+0000] {processor.py:183} INFO - Processing /opt/airflow/dags/sakiga_ds_pipeline.py took 0.126 seconds
[2026-02-15T18:46:22.341+0000] {processor.py:161} INFO - Started process (PID=197) to work on /opt/airflow/dags/sakiga_ds_pipeline.py
[2026-02-15T18:46:22.344+0000] {processor.py:830} INFO - Processing file /opt/airflow/dags/sakiga_ds_pipeline.py for tasks to queue
[2026-02-15T18:46:22.346+0000] {logging_mixin.py:188} INFO - [2026-02-15T18:46:22.346+0000] {dagbag.py:540} INFO - Filling up the DagBag from /opt/airflow/dags/sakiga_ds_pipeline.py
[2026-02-15T18:46:22.380+0000] {processor.py:840} INFO - DAG(s) 'sakiga_ds_pipeline' retrieved from /opt/airflow/dags/sakiga_ds_pipeline.py
[2026-02-15T18:46:22.411+0000] {logging_mixin.py:188} INFO - [2026-02-15T18:46:22.410+0000] {dag.py:3047} INFO - Sync 1 DAGs
[2026-02-15T18:46:22.432+0000] {logging_mixin.py:188} INFO - [2026-02-15T18:46:22.431+0000] {dag.py:3834} INFO - Setting next_dagrun for sakiga_ds_pipeline to 2026-02-15 00:00:00+00:00, run_after=2026-02-16 00:00:00+00:00
[2026-02-15T18:46:22.476+0000] {processor.py:183} INFO - Processing /opt/airflow/dags/sakiga_ds_pipeline.py took 0.139 seconds
[2026-02-15T18:46:52.652+0000] {processor.py:161} INFO - Started process (PID=198) to work on /opt/airflow/dags/sakiga_ds_pipeline.py
[2026-02-15T18:46:52.653+0000] {processor.py:830} INFO - Processing file /opt/airflow/dags/sakiga_ds_pipeline.py for tasks to queue
[2026-02-15T18:46:52.655+0000] {logging_mixin.py:188} INFO - [2026-02-15T18:46:52.654+0000] {dagbag.py:540} INFO - Filling up the DagBag from /opt/airflow/dags/sakiga_ds_pipeline.py
[2026-02-15T18:46:52.678+0000] {processor.py:840} INFO - DAG(s) 'sakiga_ds_pipeline' retrieved from /opt/airflow/dags/sakiga_ds_pipeline.py
[2026-02-15T18:46:52.711+0000] {logging_mixin.py:188} INFO - [2026-02-15T18:46:52.711+0000] {dag.py:3047} INFO - Sync 1 DAGs
[2026-02-15T18:46:52.733+0000] {logging_mixin.py:188} INFO - [2026-02-15T18:46:52.733+0000] {dag.py:3834} INFO - Setting next_dagrun for sakiga_ds_pipeline to 2026-02-15 00:00:00+00:00, run_after=2026-02-16 00:00:00+00:00
[2026-02-15T18:46:52.762+0000] {processor.py:183} INFO - Processing /opt/airflow/dags/sakiga_ds_pipeline.py took 0.115 seconds
[2026-02-15T18:47:22.951+0000] {processor.py:161} INFO - Started process (PID=199) to work on /opt/airflow/dags/sakiga_ds_pipeline.py
[2026-02-15T18:47:22.953+0000] {processor.py:830} INFO - Processing file /opt/airflow/dags/sakiga_ds_pipeline.py for tasks to queue
[2026-02-15T18:47:22.954+0000] {logging_mixin.py:188} INFO - [2026-02-15T18:47:22.954+0000] {dagbag.py:540} INFO - Filling up the DagBag from /opt/airflow/dags/sakiga_ds_pipeline.py
[2026-02-15T18:47:22.991+0000] {processor.py:840} INFO - DAG(s) 'sakiga_ds_pipeline' retrieved from /opt/airflow/dags/sakiga_ds_pipeline.py
[2026-02-15T18:47:23.021+0000] {logging_mixin.py:188} INFO - [2026-02-15T18:47:23.021+0000] {dag.py:3047} INFO - Sync 1 DAGs
[2026-02-15T18:47:23.040+0000] {logging_mixin.py:188} INFO - [2026-02-15T18:47:23.040+0000] {dag.py:3834} INFO - Setting next_dagrun for sakiga_ds_pipeline to 2026-02-15 00:00:00+00:00, run_after=2026-02-16 00:00:00+00:00
[2026-02-15T18:47:23.069+0000] {processor.py:183} INFO - Processing /opt/airflow/dags/sakiga_ds_pipeline.py took 0.123 seconds
[2026-02-15T18:47:53.259+0000] {processor.py:161} INFO - Started process (PID=200) to work on /opt/airflow/dags/sakiga_ds_pipeline.py
[2026-02-15T18:47:53.262+0000] {processor.py:830} INFO - Processing file /opt/airflow/dags/sakiga_ds_pipeline.py for tasks to queue
[2026-02-15T18:47:53.263+0000] {logging_mixin.py:188} INFO - [2026-02-15T18:47:53.263+0000] {dagbag.py:540} INFO - Filling up the DagBag from /opt/airflow/dags/sakiga_ds_pipeline.py
[2026-02-15T18:47:53.288+0000] {processor.py:840} INFO - DAG(s) 'sakiga_ds_pipeline' retrieved from /opt/airflow/dags/sakiga_ds_pipeline.py
[2026-02-15T18:47:53.324+0000] {logging_mixin.py:188} INFO - [2026-02-15T18:47:53.324+0000] {dag.py:3047} INFO - Sync 1 DAGs
[2026-02-15T18:47:53.553+0000] {logging_mixin.py:188} INFO - [2026-02-15T18:47:53.553+0000] {dag.py:3834} INFO - Setting next_dagrun for sakiga_ds_pipeline to 2026-02-15 00:00:00+00:00, run_after=2026-02-16 00:00:00+00:00
[2026-02-15T18:47:53.941+0000] {processor.py:183} INFO - Processing /opt/airflow/dags/sakiga_ds_pipeline.py took 0.687 seconds
[2026-02-15T18:48:24.152+0000] {processor.py:161} INFO - Started process (PID=201) to work on /opt/airflow/dags/sakiga_ds_pipeline.py
[2026-02-15T18:48:24.153+0000] {processor.py:830} INFO - Processing file /opt/airflow/dags/sakiga_ds_pipeline.py for tasks to queue
[2026-02-15T18:48:24.155+0000] {logging_mixin.py:188} INFO - [2026-02-15T18:48:24.154+0000] {dagbag.py:540} INFO - Filling up the DagBag from /opt/airflow/dags/sakiga_ds_pipeline.py
[2026-02-15T18:48:24.181+0000] {processor.py:840} INFO - DAG(s) 'sakiga_ds_pipeline' retrieved from /opt/airflow/dags/sakiga_ds_pipeline.py
[2026-02-15T18:48:24.213+0000] {logging_mixin.py:188} INFO - [2026-02-15T18:48:24.212+0000] {dag.py:3047} INFO - Sync 1 DAGs
[2026-02-15T18:48:24.235+0000] {logging_mixin.py:188} INFO - [2026-02-15T18:48:24.235+0000] {dag.py:3834} INFO - Setting next_dagrun for sakiga_ds_pipeline to 2026-02-15 00:00:00+00:00, run_after=2026-02-16 00:00:00+00:00
[2026-02-15T18:48:24.301+0000] {processor.py:183} INFO - Processing /opt/airflow/dags/sakiga_ds_pipeline.py took 0.154 seconds
[2026-02-15T18:48:54.481+0000] {processor.py:161} INFO - Started process (PID=202) to work on /opt/airflow/dags/sakiga_ds_pipeline.py
[2026-02-15T18:48:54.483+0000] {processor.py:830} INFO - Processing file /opt/airflow/dags/sakiga_ds_pipeline.py for tasks to queue
[2026-02-15T18:48:54.486+0000] {logging_mixin.py:188} INFO - [2026-02-15T18:48:54.485+0000] {dagbag.py:540} INFO - Filling up the DagBag from /opt/airflow/dags/sakiga_ds_pipeline.py
[2026-02-15T18:48:54.513+0000] {processor.py:840} INFO - DAG(s) 'sakiga_ds_pipeline' retrieved from /opt/airflow/dags/sakiga_ds_pipeline.py
[2026-02-15T18:48:54.551+0000] {logging_mixin.py:188} INFO - [2026-02-15T18:48:54.551+0000] {dag.py:3047} INFO - Sync 1 DAGs
[2026-02-15T18:48:54.579+0000] {logging_mixin.py:188} INFO - [2026-02-15T18:48:54.578+0000] {dag.py:3834} INFO - Setting next_dagrun for sakiga_ds_pipeline to 2026-02-15 00:00:00+00:00, run_after=2026-02-16 00:00:00+00:00
[2026-02-15T18:48:54.611+0000] {processor.py:183} INFO - Processing /opt/airflow/dags/sakiga_ds_pipeline.py took 0.136 seconds
[2026-02-15T18:49:24.788+0000] {processor.py:161} INFO - Started process (PID=203) to work on /opt/airflow/dags/sakiga_ds_pipeline.py
[2026-02-15T18:49:24.790+0000] {processor.py:830} INFO - Processing file /opt/airflow/dags/sakiga_ds_pipeline.py for tasks to queue
[2026-02-15T18:49:24.792+0000] {logging_mixin.py:188} INFO - [2026-02-15T18:49:24.791+0000] {dagbag.py:540} INFO - Filling up the DagBag from /opt/airflow/dags/sakiga_ds_pipeline.py
[2026-02-15T18:49:24.817+0000] {processor.py:840} INFO - DAG(s) 'sakiga_ds_pipeline' retrieved from /opt/airflow/dags/sakiga_ds_pipeline.py
[2026-02-15T18:49:24.850+0000] {logging_mixin.py:188} INFO - [2026-02-15T18:49:24.849+0000] {dag.py:3047} INFO - Sync 1 DAGs
[2026-02-15T18:49:24.870+0000] {logging_mixin.py:188} INFO - [2026-02-15T18:49:24.870+0000] {dag.py:3834} INFO - Setting next_dagrun for sakiga_ds_pipeline to 2026-02-15 00:00:00+00:00, run_after=2026-02-16 00:00:00+00:00
[2026-02-15T18:49:24.943+0000] {processor.py:183} INFO - Processing /opt/airflow/dags/sakiga_ds_pipeline.py took 0.159 seconds
[2026-02-15T18:49:55.129+0000] {processor.py:161} INFO - Started process (PID=204) to work on /opt/airflow/dags/sakiga_ds_pipeline.py
[2026-02-15T18:49:55.130+0000] {processor.py:830} INFO - Processing file /opt/airflow/dags/sakiga_ds_pipeline.py for tasks to queue
[2026-02-15T18:49:55.132+0000] {logging_mixin.py:188} INFO - [2026-02-15T18:49:55.131+0000] {dagbag.py:540} INFO - Filling up the DagBag from /opt/airflow/dags/sakiga_ds_pipeline.py
[2026-02-15T18:49:55.172+0000] {processor.py:840} INFO - DAG(s) 'sakiga_ds_pipeline' retrieved from /opt/airflow/dags/sakiga_ds_pipeline.py
[2026-02-15T18:49:55.203+0000] {logging_mixin.py:188} INFO - [2026-02-15T18:49:55.203+0000] {dag.py:3047} INFO - Sync 1 DAGs
[2026-02-15T18:49:55.223+0000] {logging_mixin.py:188} INFO - [2026-02-15T18:49:55.223+0000] {dag.py:3834} INFO - Setting next_dagrun for sakiga_ds_pipeline to 2026-02-15 00:00:00+00:00, run_after=2026-02-16 00:00:00+00:00
[2026-02-15T18:49:55.254+0000] {processor.py:183} INFO - Processing /opt/airflow/dags/sakiga_ds_pipeline.py took 0.130 seconds
[2026-02-15T18:50:25.431+0000] {processor.py:161} INFO - Started process (PID=205) to work on /opt/airflow/dags/sakiga_ds_pipeline.py
[2026-02-15T18:50:25.433+0000] {processor.py:830} INFO - Processing file /opt/airflow/dags/sakiga_ds_pipeline.py for tasks to queue
[2026-02-15T18:50:25.435+0000] {logging_mixin.py:188} INFO - [2026-02-15T18:50:25.434+0000] {dagbag.py:540} INFO - Filling up the DagBag from /opt/airflow/dags/sakiga_ds_pipeline.py
[2026-02-15T18:50:25.458+0000] {processor.py:840} INFO - DAG(s) 'sakiga_ds_pipeline' retrieved from /opt/airflow/dags/sakiga_ds_pipeline.py
[2026-02-15T18:50:25.488+0000] {logging_mixin.py:188} INFO - [2026-02-15T18:50:25.487+0000] {dag.py:3047} INFO - Sync 1 DAGs
[2026-02-15T18:50:25.507+0000] {logging_mixin.py:188} INFO - [2026-02-15T18:50:25.506+0000] {dag.py:3834} INFO - Setting next_dagrun for sakiga_ds_pipeline to 2026-02-15 00:00:00+00:00, run_after=2026-02-16 00:00:00+00:00
[2026-02-15T18:50:25.557+0000] {processor.py:183} INFO - Processing /opt/airflow/dags/sakiga_ds_pipeline.py took 0.130 seconds
[2026-02-15T18:50:55.716+0000] {processor.py:161} INFO - Started process (PID=206) to work on /opt/airflow/dags/sakiga_ds_pipeline.py
[2026-02-15T18:50:55.718+0000] {processor.py:830} INFO - Processing file /opt/airflow/dags/sakiga_ds_pipeline.py for tasks to queue
[2026-02-15T18:50:55.720+0000] {logging_mixin.py:188} INFO - [2026-02-15T18:50:55.719+0000] {dagbag.py:540} INFO - Filling up the DagBag from /opt/airflow/dags/sakiga_ds_pipeline.py
[2026-02-15T18:50:55.745+0000] {processor.py:840} INFO - DAG(s) 'sakiga_ds_pipeline' retrieved from /opt/airflow/dags/sakiga_ds_pipeline.py
[2026-02-15T18:50:55.778+0000] {logging_mixin.py:188} INFO - [2026-02-15T18:50:55.778+0000] {dag.py:3047} INFO - Sync 1 DAGs
[2026-02-15T18:50:55.797+0000] {logging_mixin.py:188} INFO - [2026-02-15T18:50:55.797+0000] {dag.py:3834} INFO - Setting next_dagrun for sakiga_ds_pipeline to 2026-02-15 00:00:00+00:00, run_after=2026-02-16 00:00:00+00:00
[2026-02-15T18:50:55.853+0000] {processor.py:183} INFO - Processing /opt/airflow/dags/sakiga_ds_pipeline.py took 0.141 seconds
[2026-02-15T18:51:26.019+0000] {processor.py:161} INFO - Started process (PID=207) to work on /opt/airflow/dags/sakiga_ds_pipeline.py
[2026-02-15T18:51:26.021+0000] {processor.py:830} INFO - Processing file /opt/airflow/dags/sakiga_ds_pipeline.py for tasks to queue
[2026-02-15T18:51:26.023+0000] {logging_mixin.py:188} INFO - [2026-02-15T18:51:26.022+0000] {dagbag.py:540} INFO - Filling up the DagBag from /opt/airflow/dags/sakiga_ds_pipeline.py
[2026-02-15T18:51:26.048+0000] {processor.py:840} INFO - DAG(s) 'sakiga_ds_pipeline' retrieved from /opt/airflow/dags/sakiga_ds_pipeline.py
[2026-02-15T18:51:26.079+0000] {logging_mixin.py:188} INFO - [2026-02-15T18:51:26.079+0000] {dag.py:3047} INFO - Sync 1 DAGs
[2026-02-15T18:51:26.101+0000] {logging_mixin.py:188} INFO - [2026-02-15T18:51:26.100+0000] {dag.py:3834} INFO - Setting next_dagrun for sakiga_ds_pipeline to 2026-02-15 00:00:00+00:00, run_after=2026-02-16 00:00:00+00:00
[2026-02-15T18:51:26.234+0000] {processor.py:183} INFO - Processing /opt/airflow/dags/sakiga_ds_pipeline.py took 0.219 seconds
[2026-02-15T18:51:56.452+0000] {processor.py:161} INFO - Started process (PID=208) to work on /opt/airflow/dags/sakiga_ds_pipeline.py
[2026-02-15T18:51:56.453+0000] {processor.py:830} INFO - Processing file /opt/airflow/dags/sakiga_ds_pipeline.py for tasks to queue
[2026-02-15T18:51:56.455+0000] {logging_mixin.py:188} INFO - [2026-02-15T18:51:56.454+0000] {dagbag.py:540} INFO - Filling up the DagBag from /opt/airflow/dags/sakiga_ds_pipeline.py
[2026-02-15T18:51:56.476+0000] {processor.py:840} INFO - DAG(s) 'sakiga_ds_pipeline' retrieved from /opt/airflow/dags/sakiga_ds_pipeline.py
[2026-02-15T18:51:56.507+0000] {logging_mixin.py:188} INFO - [2026-02-15T18:51:56.506+0000] {dag.py:3047} INFO - Sync 1 DAGs
[2026-02-15T18:51:56.527+0000] {logging_mixin.py:188} INFO - [2026-02-15T18:51:56.526+0000] {dag.py:3834} INFO - Setting next_dagrun for sakiga_ds_pipeline to 2026-02-15 00:00:00+00:00, run_after=2026-02-16 00:00:00+00:00
[2026-02-15T18:51:56.552+0000] {processor.py:183} INFO - Processing /opt/airflow/dags/sakiga_ds_pipeline.py took 0.105 seconds
[2026-02-15T18:52:26.826+0000] {processor.py:161} INFO - Started process (PID=209) to work on /opt/airflow/dags/sakiga_ds_pipeline.py
[2026-02-15T18:52:26.827+0000] {processor.py:830} INFO - Processing file /opt/airflow/dags/sakiga_ds_pipeline.py for tasks to queue
[2026-02-15T18:52:26.829+0000] {logging_mixin.py:188} INFO - [2026-02-15T18:52:26.828+0000] {dagbag.py:540} INFO - Filling up the DagBag from /opt/airflow/dags/sakiga_ds_pipeline.py
[2026-02-15T18:52:26.869+0000] {processor.py:840} INFO - DAG(s) 'sakiga_ds_pipeline' retrieved from /opt/airflow/dags/sakiga_ds_pipeline.py
[2026-02-15T18:52:26.898+0000] {logging_mixin.py:188} INFO - [2026-02-15T18:52:26.898+0000] {dag.py:3047} INFO - Sync 1 DAGs
[2026-02-15T18:52:26.918+0000] {logging_mixin.py:188} INFO - [2026-02-15T18:52:26.918+0000] {dag.py:3834} INFO - Setting next_dagrun for sakiga_ds_pipeline to 2026-02-15 00:00:00+00:00, run_after=2026-02-16 00:00:00+00:00
[2026-02-15T18:52:27.061+0000] {processor.py:183} INFO - Processing /opt/airflow/dags/sakiga_ds_pipeline.py took 0.239 seconds
[2026-02-15T18:52:57.225+0000] {processor.py:161} INFO - Started process (PID=210) to work on /opt/airflow/dags/sakiga_ds_pipeline.py
[2026-02-15T18:52:57.227+0000] {processor.py:830} INFO - Processing file /opt/airflow/dags/sakiga_ds_pipeline.py for tasks to queue
[2026-02-15T18:52:57.229+0000] {logging_mixin.py:188} INFO - [2026-02-15T18:52:57.228+0000] {dagbag.py:540} INFO - Filling up the DagBag from /opt/airflow/dags/sakiga_ds_pipeline.py
[2026-02-15T18:52:57.281+0000] {processor.py:840} INFO - DAG(s) 'sakiga_ds_pipeline' retrieved from /opt/airflow/dags/sakiga_ds_pipeline.py
[2026-02-15T18:52:57.323+0000] {logging_mixin.py:188} INFO - [2026-02-15T18:52:57.323+0000] {dag.py:3047} INFO - Sync 1 DAGs
[2026-02-15T18:52:57.342+0000] {logging_mixin.py:188} INFO - [2026-02-15T18:52:57.342+0000] {dag.py:3834} INFO - Setting next_dagrun for sakiga_ds_pipeline to 2026-02-15 00:00:00+00:00, run_after=2026-02-16 00:00:00+00:00
[2026-02-15T18:52:57.376+0000] {processor.py:183} INFO - Processing /opt/airflow/dags/sakiga_ds_pipeline.py took 0.155 seconds
[2026-02-15T18:53:27.566+0000] {processor.py:161} INFO - Started process (PID=211) to work on /opt/airflow/dags/sakiga_ds_pipeline.py
[2026-02-15T18:53:27.567+0000] {processor.py:830} INFO - Processing file /opt/airflow/dags/sakiga_ds_pipeline.py for tasks to queue
[2026-02-15T18:53:27.570+0000] {logging_mixin.py:188} INFO - [2026-02-15T18:53:27.568+0000] {dagbag.py:540} INFO - Filling up the DagBag from /opt/airflow/dags/sakiga_ds_pipeline.py
[2026-02-15T18:53:27.615+0000] {processor.py:840} INFO - DAG(s) 'sakiga_ds_pipeline' retrieved from /opt/airflow/dags/sakiga_ds_pipeline.py
[2026-02-15T18:53:27.648+0000] {logging_mixin.py:188} INFO - [2026-02-15T18:53:27.648+0000] {dag.py:3047} INFO - Sync 1 DAGs
[2026-02-15T18:53:27.668+0000] {logging_mixin.py:188} INFO - [2026-02-15T18:53:27.668+0000] {dag.py:3834} INFO - Setting next_dagrun for sakiga_ds_pipeline to 2026-02-15 00:00:00+00:00, run_after=2026-02-16 00:00:00+00:00
[2026-02-15T18:53:27.755+0000] {processor.py:183} INFO - Processing /opt/airflow/dags/sakiga_ds_pipeline.py took 0.193 seconds
[2026-02-15T18:53:57.932+0000] {processor.py:161} INFO - Started process (PID=212) to work on /opt/airflow/dags/sakiga_ds_pipeline.py
[2026-02-15T18:53:57.935+0000] {processor.py:830} INFO - Processing file /opt/airflow/dags/sakiga_ds_pipeline.py for tasks to queue
[2026-02-15T18:53:57.943+0000] {logging_mixin.py:188} INFO - [2026-02-15T18:53:57.943+0000] {dagbag.py:540} INFO - Filling up the DagBag from /opt/airflow/dags/sakiga_ds_pipeline.py
[2026-02-15T18:53:57.980+0000] {processor.py:840} INFO - DAG(s) 'sakiga_ds_pipeline' retrieved from /opt/airflow/dags/sakiga_ds_pipeline.py
[2026-02-15T18:53:58.030+0000] {logging_mixin.py:188} INFO - [2026-02-15T18:53:58.030+0000] {dag.py:3047} INFO - Sync 1 DAGs
[2026-02-15T18:53:58.078+0000] {logging_mixin.py:188} INFO - [2026-02-15T18:53:58.078+0000] {dag.py:3834} INFO - Setting next_dagrun for sakiga_ds_pipeline to 2026-02-15 00:00:00+00:00, run_after=2026-02-16 00:00:00+00:00
[2026-02-15T18:53:58.191+0000] {processor.py:183} INFO - Processing /opt/airflow/dags/sakiga_ds_pipeline.py took 0.264 seconds
[2026-02-15T18:54:28.641+0000] {processor.py:161} INFO - Started process (PID=213) to work on /opt/airflow/dags/sakiga_ds_pipeline.py
[2026-02-15T18:54:28.643+0000] {processor.py:830} INFO - Processing file /opt/airflow/dags/sakiga_ds_pipeline.py for tasks to queue
[2026-02-15T18:54:28.647+0000] {logging_mixin.py:188} INFO - [2026-02-15T18:54:28.644+0000] {dagbag.py:540} INFO - Filling up the DagBag from /opt/airflow/dags/sakiga_ds_pipeline.py
[2026-02-15T18:54:28.676+0000] {processor.py:840} INFO - DAG(s) 'sakiga_ds_pipeline' retrieved from /opt/airflow/dags/sakiga_ds_pipeline.py
[2026-02-15T18:54:28.708+0000] {logging_mixin.py:188} INFO - [2026-02-15T18:54:28.707+0000] {dag.py:3047} INFO - Sync 1 DAGs
[2026-02-15T18:54:28.730+0000] {logging_mixin.py:188} INFO - [2026-02-15T18:54:28.729+0000] {dag.py:3834} INFO - Setting next_dagrun for sakiga_ds_pipeline to 2026-02-15 00:00:00+00:00, run_after=2026-02-16 00:00:00+00:00
[2026-02-15T18:54:28.762+0000] {processor.py:183} INFO - Processing /opt/airflow/dags/sakiga_ds_pipeline.py took 0.125 seconds
[2026-02-15T18:54:58.971+0000] {processor.py:161} INFO - Started process (PID=214) to work on /opt/airflow/dags/sakiga_ds_pipeline.py
[2026-02-15T18:54:58.973+0000] {processor.py:830} INFO - Processing file /opt/airflow/dags/sakiga_ds_pipeline.py for tasks to queue
[2026-02-15T18:54:58.975+0000] {logging_mixin.py:188} INFO - [2026-02-15T18:54:58.974+0000] {dagbag.py:540} INFO - Filling up the DagBag from /opt/airflow/dags/sakiga_ds_pipeline.py
[2026-02-15T18:54:58.999+0000] {processor.py:840} INFO - DAG(s) 'sakiga_ds_pipeline' retrieved from /opt/airflow/dags/sakiga_ds_pipeline.py
[2026-02-15T18:54:59.033+0000] {logging_mixin.py:188} INFO - [2026-02-15T18:54:59.033+0000] {dag.py:3047} INFO - Sync 1 DAGs
[2026-02-15T18:54:59.068+0000] {logging_mixin.py:188} INFO - [2026-02-15T18:54:59.068+0000] {dag.py:3834} INFO - Setting next_dagrun for sakiga_ds_pipeline to 2026-02-15 00:00:00+00:00, run_after=2026-02-16 00:00:00+00:00
[2026-02-15T18:54:59.098+0000] {processor.py:183} INFO - Processing /opt/airflow/dags/sakiga_ds_pipeline.py took 0.131 seconds
[2026-02-15T18:55:29.388+0000] {processor.py:161} INFO - Started process (PID=215) to work on /opt/airflow/dags/sakiga_ds_pipeline.py
[2026-02-15T18:55:29.390+0000] {processor.py:830} INFO - Processing file /opt/airflow/dags/sakiga_ds_pipeline.py for tasks to queue
[2026-02-15T18:55:29.392+0000] {logging_mixin.py:188} INFO - [2026-02-15T18:55:29.390+0000] {dagbag.py:540} INFO - Filling up the DagBag from /opt/airflow/dags/sakiga_ds_pipeline.py
[2026-02-15T18:55:29.419+0000] {processor.py:840} INFO - DAG(s) 'sakiga_ds_pipeline' retrieved from /opt/airflow/dags/sakiga_ds_pipeline.py
[2026-02-15T18:55:29.448+0000] {logging_mixin.py:188} INFO - [2026-02-15T18:55:29.448+0000] {dag.py:3047} INFO - Sync 1 DAGs
[2026-02-15T18:55:29.469+0000] {logging_mixin.py:188} INFO - [2026-02-15T18:55:29.469+0000] {dag.py:3834} INFO - Setting next_dagrun for sakiga_ds_pipeline to 2026-02-15 00:00:00+00:00, run_after=2026-02-16 00:00:00+00:00
[2026-02-15T18:55:29.543+0000] {processor.py:183} INFO - Processing /opt/airflow/dags/sakiga_ds_pipeline.py took 0.159 seconds
[2026-02-15T18:55:59.844+0000] {processor.py:161} INFO - Started process (PID=216) to work on /opt/airflow/dags/sakiga_ds_pipeline.py
[2026-02-15T18:55:59.848+0000] {processor.py:830} INFO - Processing file /opt/airflow/dags/sakiga_ds_pipeline.py for tasks to queue
[2026-02-15T18:55:59.851+0000] {logging_mixin.py:188} INFO - [2026-02-15T18:55:59.850+0000] {dagbag.py:540} INFO - Filling up the DagBag from /opt/airflow/dags/sakiga_ds_pipeline.py
[2026-02-15T18:55:59.884+0000] {processor.py:840} INFO - DAG(s) 'sakiga_ds_pipeline' retrieved from /opt/airflow/dags/sakiga_ds_pipeline.py
[2026-02-15T18:55:59.926+0000] {logging_mixin.py:188} INFO - [2026-02-15T18:55:59.925+0000] {dag.py:3047} INFO - Sync 1 DAGs
[2026-02-15T18:56:00.047+0000] {logging_mixin.py:188} INFO - [2026-02-15T18:56:00.046+0000] {dag.py:3834} INFO - Setting next_dagrun for sakiga_ds_pipeline to 2026-02-15 00:00:00+00:00, run_after=2026-02-16 00:00:00+00:00
[2026-02-15T18:56:00.122+0000] {processor.py:183} INFO - Processing /opt/airflow/dags/sakiga_ds_pipeline.py took 0.288 seconds
[2026-02-15T18:56:30.413+0000] {processor.py:161} INFO - Started process (PID=217) to work on /opt/airflow/dags/sakiga_ds_pipeline.py
[2026-02-15T18:56:30.415+0000] {processor.py:830} INFO - Processing file /opt/airflow/dags/sakiga_ds_pipeline.py for tasks to queue
[2026-02-15T18:56:30.417+0000] {logging_mixin.py:188} INFO - [2026-02-15T18:56:30.416+0000] {dagbag.py:540} INFO - Filling up the DagBag from /opt/airflow/dags/sakiga_ds_pipeline.py
[2026-02-15T18:56:30.442+0000] {processor.py:840} INFO - DAG(s) 'sakiga_ds_pipeline' retrieved from /opt/airflow/dags/sakiga_ds_pipeline.py
[2026-02-15T18:56:30.472+0000] {logging_mixin.py:188} INFO - [2026-02-15T18:56:30.472+0000] {dag.py:3047} INFO - Sync 1 DAGs
[2026-02-15T18:56:30.493+0000] {logging_mixin.py:188} INFO - [2026-02-15T18:56:30.492+0000] {dag.py:3834} INFO - Setting next_dagrun for sakiga_ds_pipeline to 2026-02-15 00:00:00+00:00, run_after=2026-02-16 00:00:00+00:00
[2026-02-15T18:56:30.535+0000] {processor.py:183} INFO - Processing /opt/airflow/dags/sakiga_ds_pipeline.py took 0.126 seconds
[2026-02-15T18:57:00.799+0000] {processor.py:161} INFO - Started process (PID=218) to work on /opt/airflow/dags/sakiga_ds_pipeline.py
[2026-02-15T18:57:00.802+0000] {processor.py:830} INFO - Processing file /opt/airflow/dags/sakiga_ds_pipeline.py for tasks to queue
[2026-02-15T18:57:00.806+0000] {logging_mixin.py:188} INFO - [2026-02-15T18:57:00.805+0000] {dagbag.py:540} INFO - Filling up the DagBag from /opt/airflow/dags/sakiga_ds_pipeline.py
[2026-02-15T18:57:00.842+0000] {processor.py:840} INFO - DAG(s) 'sakiga_ds_pipeline' retrieved from /opt/airflow/dags/sakiga_ds_pipeline.py
[2026-02-15T18:57:00.874+0000] {logging_mixin.py:188} INFO - [2026-02-15T18:57:00.873+0000] {dag.py:3047} INFO - Sync 1 DAGs
[2026-02-15T18:57:00.904+0000] {logging_mixin.py:188} INFO - [2026-02-15T18:57:00.903+0000] {dag.py:3834} INFO - Setting next_dagrun for sakiga_ds_pipeline to 2026-02-15 00:00:00+00:00, run_after=2026-02-16 00:00:00+00:00
[2026-02-15T18:57:01.059+0000] {processor.py:183} INFO - Processing /opt/airflow/dags/sakiga_ds_pipeline.py took 0.265 seconds
[2026-02-15T18:57:31.355+0000] {processor.py:161} INFO - Started process (PID=219) to work on /opt/airflow/dags/sakiga_ds_pipeline.py
[2026-02-15T18:57:31.357+0000] {processor.py:830} INFO - Processing file /opt/airflow/dags/sakiga_ds_pipeline.py for tasks to queue
[2026-02-15T18:57:31.360+0000] {logging_mixin.py:188} INFO - [2026-02-15T18:57:31.359+0000] {dagbag.py:540} INFO - Filling up the DagBag from /opt/airflow/dags/sakiga_ds_pipeline.py
[2026-02-15T18:57:31.390+0000] {processor.py:840} INFO - DAG(s) 'sakiga_ds_pipeline' retrieved from /opt/airflow/dags/sakiga_ds_pipeline.py
[2026-02-15T18:57:31.431+0000] {logging_mixin.py:188} INFO - [2026-02-15T18:57:31.430+0000] {dag.py:3047} INFO - Sync 1 DAGs
[2026-02-15T18:57:31.462+0000] {logging_mixin.py:188} INFO - [2026-02-15T18:57:31.462+0000] {dag.py:3834} INFO - Setting next_dagrun for sakiga_ds_pipeline to 2026-02-15 00:00:00+00:00, run_after=2026-02-16 00:00:00+00:00
[2026-02-15T18:57:31.512+0000] {processor.py:183} INFO - Processing /opt/airflow/dags/sakiga_ds_pipeline.py took 0.165 seconds
[2026-02-15T18:58:01.722+0000] {processor.py:161} INFO - Started process (PID=220) to work on /opt/airflow/dags/sakiga_ds_pipeline.py
[2026-02-15T18:58:01.724+0000] {processor.py:830} INFO - Processing file /opt/airflow/dags/sakiga_ds_pipeline.py for tasks to queue
[2026-02-15T18:58:01.725+0000] {logging_mixin.py:188} INFO - [2026-02-15T18:58:01.725+0000] {dagbag.py:540} INFO - Filling up the DagBag from /opt/airflow/dags/sakiga_ds_pipeline.py
[2026-02-15T18:58:01.758+0000] {processor.py:840} INFO - DAG(s) 'sakiga_ds_pipeline' retrieved from /opt/airflow/dags/sakiga_ds_pipeline.py
[2026-02-15T18:58:01.790+0000] {logging_mixin.py:188} INFO - [2026-02-15T18:58:01.789+0000] {dag.py:3047} INFO - Sync 1 DAGs
[2026-02-15T18:58:01.812+0000] {logging_mixin.py:188} INFO - [2026-02-15T18:58:01.812+0000] {dag.py:3834} INFO - Setting next_dagrun for sakiga_ds_pipeline to 2026-02-15 00:00:00+00:00, run_after=2026-02-16 00:00:00+00:00
[2026-02-15T18:58:01.858+0000] {processor.py:183} INFO - Processing /opt/airflow/dags/sakiga_ds_pipeline.py took 0.140 seconds
[2026-02-15T18:58:34.236+0000] {processor.py:161} INFO - Started process (PID=221) to work on /opt/airflow/dags/sakiga_ds_pipeline.py
[2026-02-15T18:58:34.239+0000] {processor.py:830} INFO - Processing file /opt/airflow/dags/sakiga_ds_pipeline.py for tasks to queue
[2026-02-15T18:58:34.240+0000] {logging_mixin.py:188} INFO - [2026-02-15T18:58:34.240+0000] {dagbag.py:540} INFO - Filling up the DagBag from /opt/airflow/dags/sakiga_ds_pipeline.py
[2026-02-15T18:58:34.264+0000] {processor.py:840} INFO - DAG(s) 'sakiga_ds_pipeline' retrieved from /opt/airflow/dags/sakiga_ds_pipeline.py
[2026-02-15T18:58:34.297+0000] {logging_mixin.py:188} INFO - [2026-02-15T18:58:34.296+0000] {dag.py:3047} INFO - Sync 1 DAGs
[2026-02-15T18:58:34.316+0000] {logging_mixin.py:188} INFO - [2026-02-15T18:58:34.316+0000] {dag.py:3834} INFO - Setting next_dagrun for sakiga_ds_pipeline to 2026-02-15 00:00:00+00:00, run_after=2026-02-16 00:00:00+00:00
[2026-02-15T18:58:34.352+0000] {processor.py:183} INFO - Processing /opt/airflow/dags/sakiga_ds_pipeline.py took 0.129 seconds
[2026-02-15T18:59:05.049+0000] {processor.py:161} INFO - Started process (PID=222) to work on /opt/airflow/dags/sakiga_ds_pipeline.py
[2026-02-15T18:59:05.051+0000] {processor.py:830} INFO - Processing file /opt/airflow/dags/sakiga_ds_pipeline.py for tasks to queue
[2026-02-15T18:59:05.052+0000] {logging_mixin.py:188} INFO - [2026-02-15T18:59:05.052+0000] {dagbag.py:540} INFO - Filling up the DagBag from /opt/airflow/dags/sakiga_ds_pipeline.py
[2026-02-15T18:59:05.078+0000] {processor.py:840} INFO - DAG(s) 'sakiga_ds_pipeline' retrieved from /opt/airflow/dags/sakiga_ds_pipeline.py
[2026-02-15T18:59:05.116+0000] {logging_mixin.py:188} INFO - [2026-02-15T18:59:05.116+0000] {dag.py:3047} INFO - Sync 1 DAGs
[2026-02-15T18:59:05.140+0000] {logging_mixin.py:188} INFO - [2026-02-15T18:59:05.140+0000] {dag.py:3834} INFO - Setting next_dagrun for sakiga_ds_pipeline to 2026-02-15 00:00:00+00:00, run_after=2026-02-16 00:00:00+00:00
[2026-02-15T18:59:05.182+0000] {processor.py:183} INFO - Processing /opt/airflow/dags/sakiga_ds_pipeline.py took 0.137 seconds
[2026-02-15T18:59:35.495+0000] {processor.py:161} INFO - Started process (PID=223) to work on /opt/airflow/dags/sakiga_ds_pipeline.py
[2026-02-15T18:59:35.497+0000] {processor.py:830} INFO - Processing file /opt/airflow/dags/sakiga_ds_pipeline.py for tasks to queue
[2026-02-15T18:59:35.499+0000] {logging_mixin.py:188} INFO - [2026-02-15T18:59:35.498+0000] {dagbag.py:540} INFO - Filling up the DagBag from /opt/airflow/dags/sakiga_ds_pipeline.py
[2026-02-15T18:59:35.551+0000] {processor.py:840} INFO - DAG(s) 'sakiga_ds_pipeline' retrieved from /opt/airflow/dags/sakiga_ds_pipeline.py
[2026-02-15T18:59:35.589+0000] {logging_mixin.py:188} INFO - [2026-02-15T18:59:35.589+0000] {dag.py:3047} INFO - Sync 1 DAGs
[2026-02-15T18:59:35.610+0000] {logging_mixin.py:188} INFO - [2026-02-15T18:59:35.609+0000] {dag.py:3834} INFO - Setting next_dagrun for sakiga_ds_pipeline to 2026-02-15 00:00:00+00:00, run_after=2026-02-16 00:00:00+00:00
[2026-02-15T18:59:35.645+0000] {processor.py:183} INFO - Processing /opt/airflow/dags/sakiga_ds_pipeline.py took 0.158 seconds
[2026-02-15T19:00:05.931+0000] {processor.py:161} INFO - Started process (PID=224) to work on /opt/airflow/dags/sakiga_ds_pipeline.py
[2026-02-15T19:00:05.932+0000] {processor.py:830} INFO - Processing file /opt/airflow/dags/sakiga_ds_pipeline.py for tasks to queue
[2026-02-15T19:00:05.934+0000] {logging_mixin.py:188} INFO - [2026-02-15T19:00:05.933+0000] {dagbag.py:540} INFO - Filling up the DagBag from /opt/airflow/dags/sakiga_ds_pipeline.py
[2026-02-15T19:00:05.962+0000] {processor.py:840} INFO - DAG(s) 'sakiga_ds_pipeline' retrieved from /opt/airflow/dags/sakiga_ds_pipeline.py
[2026-02-15T19:00:05.996+0000] {logging_mixin.py:188} INFO - [2026-02-15T19:00:05.995+0000] {dag.py:3047} INFO - Sync 1 DAGs
[2026-02-15T19:00:06.022+0000] {logging_mixin.py:188} INFO - [2026-02-15T19:00:06.022+0000] {dag.py:3834} INFO - Setting next_dagrun for sakiga_ds_pipeline to 2026-02-15 00:00:00+00:00, run_after=2026-02-16 00:00:00+00:00
[2026-02-15T19:00:06.072+0000] {processor.py:183} INFO - Processing /opt/airflow/dags/sakiga_ds_pipeline.py took 0.145 seconds
[2026-02-15T19:00:36.301+0000] {processor.py:161} INFO - Started process (PID=225) to work on /opt/airflow/dags/sakiga_ds_pipeline.py
[2026-02-15T19:00:36.303+0000] {processor.py:830} INFO - Processing file /opt/airflow/dags/sakiga_ds_pipeline.py for tasks to queue
[2026-02-15T19:00:36.305+0000] {logging_mixin.py:188} INFO - [2026-02-15T19:00:36.304+0000] {dagbag.py:540} INFO - Filling up the DagBag from /opt/airflow/dags/sakiga_ds_pipeline.py
[2026-02-15T19:00:36.351+0000] {processor.py:840} INFO - DAG(s) 'sakiga_ds_pipeline' retrieved from /opt/airflow/dags/sakiga_ds_pipeline.py
[2026-02-15T19:00:36.388+0000] {logging_mixin.py:188} INFO - [2026-02-15T19:00:36.387+0000] {dag.py:3047} INFO - Sync 1 DAGs
[2026-02-15T19:00:36.412+0000] {logging_mixin.py:188} INFO - [2026-02-15T19:00:36.412+0000] {dag.py:3834} INFO - Setting next_dagrun for sakiga_ds_pipeline to 2026-02-15 00:00:00+00:00, run_after=2026-02-16 00:00:00+00:00
[2026-02-15T19:00:36.447+0000] {processor.py:183} INFO - Processing /opt/airflow/dags/sakiga_ds_pipeline.py took 0.150 seconds
[2026-02-15T19:01:06.846+0000] {processor.py:161} INFO - Started process (PID=226) to work on /opt/airflow/dags/sakiga_ds_pipeline.py
[2026-02-15T19:01:06.860+0000] {processor.py:830} INFO - Processing file /opt/airflow/dags/sakiga_ds_pipeline.py for tasks to queue
[2026-02-15T19:01:06.864+0000] {logging_mixin.py:188} INFO - [2026-02-15T19:01:06.862+0000] {dagbag.py:540} INFO - Filling up the DagBag from /opt/airflow/dags/sakiga_ds_pipeline.py
[2026-02-15T19:01:06.904+0000] {processor.py:840} INFO - DAG(s) 'sakiga_ds_pipeline' retrieved from /opt/airflow/dags/sakiga_ds_pipeline.py
[2026-02-15T19:01:06.935+0000] {logging_mixin.py:188} INFO - [2026-02-15T19:01:06.935+0000] {dag.py:3047} INFO - Sync 1 DAGs
[2026-02-15T19:01:06.956+0000] {logging_mixin.py:188} INFO - [2026-02-15T19:01:06.956+0000] {dag.py:3834} INFO - Setting next_dagrun for sakiga_ds_pipeline to 2026-02-15 00:00:00+00:00, run_after=2026-02-16 00:00:00+00:00
[2026-02-15T19:01:07.005+0000] {processor.py:183} INFO - Processing /opt/airflow/dags/sakiga_ds_pipeline.py took 0.165 seconds
[2026-02-15T19:01:37.427+0000] {processor.py:161} INFO - Started process (PID=227) to work on /opt/airflow/dags/sakiga_ds_pipeline.py
[2026-02-15T19:01:37.429+0000] {processor.py:830} INFO - Processing file /opt/airflow/dags/sakiga_ds_pipeline.py for tasks to queue
[2026-02-15T19:01:37.431+0000] {logging_mixin.py:188} INFO - [2026-02-15T19:01:37.431+0000] {dagbag.py:540} INFO - Filling up the DagBag from /opt/airflow/dags/sakiga_ds_pipeline.py
[2026-02-15T19:01:37.475+0000] {processor.py:840} INFO - DAG(s) 'sakiga_ds_pipeline' retrieved from /opt/airflow/dags/sakiga_ds_pipeline.py
[2026-02-15T19:01:37.507+0000] {logging_mixin.py:188} INFO - [2026-02-15T19:01:37.507+0000] {dag.py:3047} INFO - Sync 1 DAGs
[2026-02-15T19:01:37.528+0000] {logging_mixin.py:188} INFO - [2026-02-15T19:01:37.528+0000] {dag.py:3834} INFO - Setting next_dagrun for sakiga_ds_pipeline to 2026-02-15 00:00:00+00:00, run_after=2026-02-16 00:00:00+00:00
[2026-02-15T19:01:37.563+0000] {processor.py:183} INFO - Processing /opt/airflow/dags/sakiga_ds_pipeline.py took 0.141 seconds
[2026-02-15T19:02:07.817+0000] {processor.py:161} INFO - Started process (PID=228) to work on /opt/airflow/dags/sakiga_ds_pipeline.py
[2026-02-15T19:02:07.820+0000] {processor.py:830} INFO - Processing file /opt/airflow/dags/sakiga_ds_pipeline.py for tasks to queue
[2026-02-15T19:02:07.822+0000] {logging_mixin.py:188} INFO - [2026-02-15T19:02:07.821+0000] {dagbag.py:540} INFO - Filling up the DagBag from /opt/airflow/dags/sakiga_ds_pipeline.py
[2026-02-15T19:02:07.850+0000] {processor.py:840} INFO - DAG(s) 'sakiga_ds_pipeline' retrieved from /opt/airflow/dags/sakiga_ds_pipeline.py
[2026-02-15T19:02:07.883+0000] {logging_mixin.py:188} INFO - [2026-02-15T19:02:07.883+0000] {dag.py:3047} INFO - Sync 1 DAGs
[2026-02-15T19:02:07.902+0000] {logging_mixin.py:188} INFO - [2026-02-15T19:02:07.902+0000] {dag.py:3834} INFO - Setting next_dagrun for sakiga_ds_pipeline to 2026-02-15 00:00:00+00:00, run_after=2026-02-16 00:00:00+00:00
[2026-02-15T19:02:07.935+0000] {processor.py:183} INFO - Processing /opt/airflow/dags/sakiga_ds_pipeline.py took 0.123 seconds
[2026-02-15T19:02:38.173+0000] {processor.py:161} INFO - Started process (PID=229) to work on /opt/airflow/dags/sakiga_ds_pipeline.py
[2026-02-15T19:02:38.175+0000] {processor.py:830} INFO - Processing file /opt/airflow/dags/sakiga_ds_pipeline.py for tasks to queue
[2026-02-15T19:02:38.177+0000] {logging_mixin.py:188} INFO - [2026-02-15T19:02:38.176+0000] {dagbag.py:540} INFO - Filling up the DagBag from /opt/airflow/dags/sakiga_ds_pipeline.py
[2026-02-15T19:02:38.219+0000] {processor.py:840} INFO - DAG(s) 'sakiga_ds_pipeline' retrieved from /opt/airflow/dags/sakiga_ds_pipeline.py
[2026-02-15T19:02:38.250+0000] {logging_mixin.py:188} INFO - [2026-02-15T19:02:38.249+0000] {dag.py:3047} INFO - Sync 1 DAGs
[2026-02-15T19:02:38.269+0000] {logging_mixin.py:188} INFO - [2026-02-15T19:02:38.269+0000] {dag.py:3834} INFO - Setting next_dagrun for sakiga_ds_pipeline to 2026-02-15 00:00:00+00:00, run_after=2026-02-16 00:00:00+00:00
[2026-02-15T19:02:38.315+0000] {processor.py:183} INFO - Processing /opt/airflow/dags/sakiga_ds_pipeline.py took 0.146 seconds
[2026-02-15T19:03:08.549+0000] {processor.py:161} INFO - Started process (PID=230) to work on /opt/airflow/dags/sakiga_ds_pipeline.py
[2026-02-15T19:03:08.551+0000] {processor.py:830} INFO - Processing file /opt/airflow/dags/sakiga_ds_pipeline.py for tasks to queue
[2026-02-15T19:03:08.553+0000] {logging_mixin.py:188} INFO - [2026-02-15T19:03:08.552+0000] {dagbag.py:540} INFO - Filling up the DagBag from /opt/airflow/dags/sakiga_ds_pipeline.py
[2026-02-15T19:03:08.630+0000] {processor.py:840} INFO - DAG(s) 'sakiga_ds_pipeline' retrieved from /opt/airflow/dags/sakiga_ds_pipeline.py
[2026-02-15T19:03:08.678+0000] {logging_mixin.py:188} INFO - [2026-02-15T19:03:08.677+0000] {dag.py:3047} INFO - Sync 1 DAGs
[2026-02-15T19:03:08.700+0000] {logging_mixin.py:188} INFO - [2026-02-15T19:03:08.700+0000] {dag.py:3834} INFO - Setting next_dagrun for sakiga_ds_pipeline to 2026-02-15 00:00:00+00:00, run_after=2026-02-16 00:00:00+00:00
[2026-02-15T19:03:08.743+0000] {processor.py:183} INFO - Processing /opt/airflow/dags/sakiga_ds_pipeline.py took 0.199 seconds
[2026-02-15T19:03:39.039+0000] {processor.py:161} INFO - Started process (PID=231) to work on /opt/airflow/dags/sakiga_ds_pipeline.py
[2026-02-15T19:03:39.041+0000] {processor.py:830} INFO - Processing file /opt/airflow/dags/sakiga_ds_pipeline.py for tasks to queue
[2026-02-15T19:03:39.043+0000] {logging_mixin.py:188} INFO - [2026-02-15T19:03:39.042+0000] {dagbag.py:540} INFO - Filling up the DagBag from /opt/airflow/dags/sakiga_ds_pipeline.py
[2026-02-15T19:03:39.120+0000] {processor.py:840} INFO - DAG(s) 'sakiga_ds_pipeline' retrieved from /opt/airflow/dags/sakiga_ds_pipeline.py
[2026-02-15T19:03:39.152+0000] {logging_mixin.py:188} INFO - [2026-02-15T19:03:39.151+0000] {dag.py:3047} INFO - Sync 1 DAGs
[2026-02-15T19:03:39.174+0000] {logging_mixin.py:188} INFO - [2026-02-15T19:03:39.174+0000] {dag.py:3834} INFO - Setting next_dagrun for sakiga_ds_pipeline to 2026-02-15 00:00:00+00:00, run_after=2026-02-16 00:00:00+00:00
[2026-02-15T19:03:39.203+0000] {processor.py:183} INFO - Processing /opt/airflow/dags/sakiga_ds_pipeline.py took 0.168 seconds
[2026-02-15T19:04:09.506+0000] {processor.py:161} INFO - Started process (PID=232) to work on /opt/airflow/dags/sakiga_ds_pipeline.py
[2026-02-15T19:04:09.508+0000] {processor.py:830} INFO - Processing file /opt/airflow/dags/sakiga_ds_pipeline.py for tasks to queue
[2026-02-15T19:04:09.509+0000] {logging_mixin.py:188} INFO - [2026-02-15T19:04:09.509+0000] {dagbag.py:540} INFO - Filling up the DagBag from /opt/airflow/dags/sakiga_ds_pipeline.py
[2026-02-15T19:04:09.535+0000] {processor.py:840} INFO - DAG(s) 'sakiga_ds_pipeline' retrieved from /opt/airflow/dags/sakiga_ds_pipeline.py
[2026-02-15T19:04:09.566+0000] {logging_mixin.py:188} INFO - [2026-02-15T19:04:09.566+0000] {dag.py:3047} INFO - Sync 1 DAGs
[2026-02-15T19:04:09.589+0000] {logging_mixin.py:188} INFO - [2026-02-15T19:04:09.589+0000] {dag.py:3834} INFO - Setting next_dagrun for sakiga_ds_pipeline to 2026-02-15 00:00:00+00:00, run_after=2026-02-16 00:00:00+00:00
[2026-02-15T19:04:09.619+0000] {processor.py:183} INFO - Processing /opt/airflow/dags/sakiga_ds_pipeline.py took 0.117 seconds
[2026-02-15T19:04:39.888+0000] {processor.py:161} INFO - Started process (PID=233) to work on /opt/airflow/dags/sakiga_ds_pipeline.py
[2026-02-15T19:04:39.890+0000] {processor.py:830} INFO - Processing file /opt/airflow/dags/sakiga_ds_pipeline.py for tasks to queue
[2026-02-15T19:04:39.893+0000] {logging_mixin.py:188} INFO - [2026-02-15T19:04:39.892+0000] {dagbag.py:540} INFO - Filling up the DagBag from /opt/airflow/dags/sakiga_ds_pipeline.py
[2026-02-15T19:04:39.916+0000] {processor.py:840} INFO - DAG(s) 'sakiga_ds_pipeline' retrieved from /opt/airflow/dags/sakiga_ds_pipeline.py
[2026-02-15T19:04:39.950+0000] {logging_mixin.py:188} INFO - [2026-02-15T19:04:39.949+0000] {dag.py:3047} INFO - Sync 1 DAGs
[2026-02-15T19:04:39.975+0000] {logging_mixin.py:188} INFO - [2026-02-15T19:04:39.975+0000] {dag.py:3834} INFO - Setting next_dagrun for sakiga_ds_pipeline to 2026-02-15 00:00:00+00:00, run_after=2026-02-16 00:00:00+00:00
[2026-02-15T19:04:40.009+0000] {processor.py:183} INFO - Processing /opt/airflow/dags/sakiga_ds_pipeline.py took 0.126 seconds
[2026-02-15T19:05:10.166+0000] {processor.py:161} INFO - Started process (PID=234) to work on /opt/airflow/dags/sakiga_ds_pipeline.py
[2026-02-15T19:05:10.168+0000] {processor.py:830} INFO - Processing file /opt/airflow/dags/sakiga_ds_pipeline.py for tasks to queue
[2026-02-15T19:05:10.169+0000] {logging_mixin.py:188} INFO - [2026-02-15T19:05:10.169+0000] {dagbag.py:540} INFO - Filling up the DagBag from /opt/airflow/dags/sakiga_ds_pipeline.py
[2026-02-15T19:05:10.194+0000] {processor.py:840} INFO - DAG(s) 'sakiga_ds_pipeline' retrieved from /opt/airflow/dags/sakiga_ds_pipeline.py
[2026-02-15T19:05:10.226+0000] {logging_mixin.py:188} INFO - [2026-02-15T19:05:10.226+0000] {dag.py:3047} INFO - Sync 1 DAGs
[2026-02-15T19:05:10.253+0000] {logging_mixin.py:188} INFO - [2026-02-15T19:05:10.252+0000] {dag.py:3834} INFO - Setting next_dagrun for sakiga_ds_pipeline to 2026-02-15 00:00:00+00:00, run_after=2026-02-16 00:00:00+00:00
[2026-02-15T19:05:10.293+0000] {processor.py:183} INFO - Processing /opt/airflow/dags/sakiga_ds_pipeline.py took 0.131 seconds
[2026-02-15T19:05:40.407+0000] {processor.py:161} INFO - Started process (PID=235) to work on /opt/airflow/dags/sakiga_ds_pipeline.py
[2026-02-15T19:05:40.412+0000] {processor.py:830} INFO - Processing file /opt/airflow/dags/sakiga_ds_pipeline.py for tasks to queue
[2026-02-15T19:05:40.414+0000] {logging_mixin.py:188} INFO - [2026-02-15T19:05:40.413+0000] {dagbag.py:540} INFO - Filling up the DagBag from /opt/airflow/dags/sakiga_ds_pipeline.py
[2026-02-15T19:05:40.441+0000] {processor.py:840} INFO - DAG(s) 'sakiga_ds_pipeline' retrieved from /opt/airflow/dags/sakiga_ds_pipeline.py
[2026-02-15T19:05:40.473+0000] {logging_mixin.py:188} INFO - [2026-02-15T19:05:40.472+0000] {dag.py:3047} INFO - Sync 1 DAGs
[2026-02-15T19:05:40.494+0000] {logging_mixin.py:188} INFO - [2026-02-15T19:05:40.493+0000] {dag.py:3834} INFO - Setting next_dagrun for sakiga_ds_pipeline to 2026-02-15 00:00:00+00:00, run_after=2026-02-16 00:00:00+00:00
[2026-02-15T19:05:40.524+0000] {processor.py:183} INFO - Processing /opt/airflow/dags/sakiga_ds_pipeline.py took 0.121 seconds
[2026-02-15T19:06:10.742+0000] {processor.py:161} INFO - Started process (PID=236) to work on /opt/airflow/dags/sakiga_ds_pipeline.py
[2026-02-15T19:06:10.745+0000] {processor.py:830} INFO - Processing file /opt/airflow/dags/sakiga_ds_pipeline.py for tasks to queue
[2026-02-15T19:06:10.746+0000] {logging_mixin.py:188} INFO - [2026-02-15T19:06:10.746+0000] {dagbag.py:540} INFO - Filling up the DagBag from /opt/airflow/dags/sakiga_ds_pipeline.py
[2026-02-15T19:06:10.770+0000] {processor.py:840} INFO - DAG(s) 'sakiga_ds_pipeline' retrieved from /opt/airflow/dags/sakiga_ds_pipeline.py
[2026-02-15T19:06:10.802+0000] {logging_mixin.py:188} INFO - [2026-02-15T19:06:10.802+0000] {dag.py:3047} INFO - Sync 1 DAGs
[2026-02-15T19:06:10.822+0000] {logging_mixin.py:188} INFO - [2026-02-15T19:06:10.822+0000] {dag.py:3834} INFO - Setting next_dagrun for sakiga_ds_pipeline to 2026-02-15 00:00:00+00:00, run_after=2026-02-16 00:00:00+00:00
[2026-02-15T19:06:10.852+0000] {processor.py:183} INFO - Processing /opt/airflow/dags/sakiga_ds_pipeline.py took 0.114 seconds
[2026-02-15T19:06:41.021+0000] {processor.py:161} INFO - Started process (PID=237) to work on /opt/airflow/dags/sakiga_ds_pipeline.py
[2026-02-15T19:06:41.023+0000] {processor.py:830} INFO - Processing file /opt/airflow/dags/sakiga_ds_pipeline.py for tasks to queue
[2026-02-15T19:06:41.024+0000] {logging_mixin.py:188} INFO - [2026-02-15T19:06:41.024+0000] {dagbag.py:540} INFO - Filling up the DagBag from /opt/airflow/dags/sakiga_ds_pipeline.py
[2026-02-15T19:06:41.139+0000] {processor.py:840} INFO - DAG(s) 'sakiga_ds_pipeline' retrieved from /opt/airflow/dags/sakiga_ds_pipeline.py
[2026-02-15T19:06:41.176+0000] {logging_mixin.py:188} INFO - [2026-02-15T19:06:41.175+0000] {dag.py:3047} INFO - Sync 1 DAGs
[2026-02-15T19:06:41.201+0000] {logging_mixin.py:188} INFO - [2026-02-15T19:06:41.201+0000] {dag.py:3834} INFO - Setting next_dagrun for sakiga_ds_pipeline to 2026-02-15 00:00:00+00:00, run_after=2026-02-16 00:00:00+00:00
[2026-02-15T19:06:41.236+0000] {processor.py:183} INFO - Processing /opt/airflow/dags/sakiga_ds_pipeline.py took 0.219 seconds
[2026-02-15T19:07:11.420+0000] {processor.py:161} INFO - Started process (PID=238) to work on /opt/airflow/dags/sakiga_ds_pipeline.py
[2026-02-15T19:07:11.422+0000] {processor.py:830} INFO - Processing file /opt/airflow/dags/sakiga_ds_pipeline.py for tasks to queue
[2026-02-15T19:07:11.423+0000] {logging_mixin.py:188} INFO - [2026-02-15T19:07:11.423+0000] {dagbag.py:540} INFO - Filling up the DagBag from /opt/airflow/dags/sakiga_ds_pipeline.py
[2026-02-15T19:07:11.448+0000] {processor.py:840} INFO - DAG(s) 'sakiga_ds_pipeline' retrieved from /opt/airflow/dags/sakiga_ds_pipeline.py
[2026-02-15T19:07:11.485+0000] {logging_mixin.py:188} INFO - [2026-02-15T19:07:11.485+0000] {dag.py:3047} INFO - Sync 1 DAGs
[2026-02-15T19:07:11.521+0000] {logging_mixin.py:188} INFO - [2026-02-15T19:07:11.520+0000] {dag.py:3834} INFO - Setting next_dagrun for sakiga_ds_pipeline to 2026-02-15 00:00:00+00:00, run_after=2026-02-16 00:00:00+00:00
[2026-02-15T19:07:11.643+0000] {processor.py:183} INFO - Processing /opt/airflow/dags/sakiga_ds_pipeline.py took 0.228 seconds
[2026-02-15T19:07:41.904+0000] {processor.py:161} INFO - Started process (PID=239) to work on /opt/airflow/dags/sakiga_ds_pipeline.py
[2026-02-15T19:07:41.907+0000] {processor.py:830} INFO - Processing file /opt/airflow/dags/sakiga_ds_pipeline.py for tasks to queue
[2026-02-15T19:07:41.911+0000] {logging_mixin.py:188} INFO - [2026-02-15T19:07:41.910+0000] {dagbag.py:540} INFO - Filling up the DagBag from /opt/airflow/dags/sakiga_ds_pipeline.py
[2026-02-15T19:07:41.939+0000] {processor.py:840} INFO - DAG(s) 'sakiga_ds_pipeline' retrieved from /opt/airflow/dags/sakiga_ds_pipeline.py
[2026-02-15T19:07:41.977+0000] {logging_mixin.py:188} INFO - [2026-02-15T19:07:41.977+0000] {dag.py:3047} INFO - Sync 1 DAGs
[2026-02-15T19:07:41.999+0000] {logging_mixin.py:188} INFO - [2026-02-15T19:07:41.999+0000] {dag.py:3834} INFO - Setting next_dagrun for sakiga_ds_pipeline to 2026-02-15 00:00:00+00:00, run_after=2026-02-16 00:00:00+00:00
[2026-02-15T19:07:42.034+0000] {processor.py:183} INFO - Processing /opt/airflow/dags/sakiga_ds_pipeline.py took 0.134 seconds
[2026-02-15T19:08:12.243+0000] {processor.py:161} INFO - Started process (PID=240) to work on /opt/airflow/dags/sakiga_ds_pipeline.py
[2026-02-15T19:08:12.245+0000] {processor.py:830} INFO - Processing file /opt/airflow/dags/sakiga_ds_pipeline.py for tasks to queue
[2026-02-15T19:08:12.248+0000] {logging_mixin.py:188} INFO - [2026-02-15T19:08:12.247+0000] {dagbag.py:540} INFO - Filling up the DagBag from /opt/airflow/dags/sakiga_ds_pipeline.py
[2026-02-15T19:08:12.272+0000] {processor.py:840} INFO - DAG(s) 'sakiga_ds_pipeline' retrieved from /opt/airflow/dags/sakiga_ds_pipeline.py
[2026-02-15T19:08:12.314+0000] {logging_mixin.py:188} INFO - [2026-02-15T19:08:12.314+0000] {dag.py:3047} INFO - Sync 1 DAGs
[2026-02-15T19:08:12.352+0000] {logging_mixin.py:188} INFO - [2026-02-15T19:08:12.351+0000] {dag.py:3834} INFO - Setting next_dagrun for sakiga_ds_pipeline to 2026-02-15 00:00:00+00:00, run_after=2026-02-16 00:00:00+00:00
[2026-02-15T19:08:12.396+0000] {processor.py:183} INFO - Processing /opt/airflow/dags/sakiga_ds_pipeline.py took 0.159 seconds
[2026-02-15T19:08:42.607+0000] {processor.py:161} INFO - Started process (PID=241) to work on /opt/airflow/dags/sakiga_ds_pipeline.py
[2026-02-15T19:08:42.611+0000] {processor.py:830} INFO - Processing file /opt/airflow/dags/sakiga_ds_pipeline.py for tasks to queue
[2026-02-15T19:08:42.613+0000] {logging_mixin.py:188} INFO - [2026-02-15T19:08:42.612+0000] {dagbag.py:540} INFO - Filling up the DagBag from /opt/airflow/dags/sakiga_ds_pipeline.py
[2026-02-15T19:08:42.640+0000] {processor.py:840} INFO - DAG(s) 'sakiga_ds_pipeline' retrieved from /opt/airflow/dags/sakiga_ds_pipeline.py
[2026-02-15T19:08:42.670+0000] {logging_mixin.py:188} INFO - [2026-02-15T19:08:42.670+0000] {dag.py:3047} INFO - Sync 1 DAGs
[2026-02-15T19:08:42.690+0000] {logging_mixin.py:188} INFO - [2026-02-15T19:08:42.690+0000] {dag.py:3834} INFO - Setting next_dagrun for sakiga_ds_pipeline to 2026-02-15 00:00:00+00:00, run_after=2026-02-16 00:00:00+00:00
[2026-02-15T19:08:42.718+0000] {processor.py:183} INFO - Processing /opt/airflow/dags/sakiga_ds_pipeline.py took 0.120 seconds
[2026-02-15T19:09:12.852+0000] {processor.py:161} INFO - Started process (PID=242) to work on /opt/airflow/dags/sakiga_ds_pipeline.py
[2026-02-15T19:09:12.854+0000] {processor.py:830} INFO - Processing file /opt/airflow/dags/sakiga_ds_pipeline.py for tasks to queue
[2026-02-15T19:09:12.855+0000] {logging_mixin.py:188} INFO - [2026-02-15T19:09:12.855+0000] {dagbag.py:540} INFO - Filling up the DagBag from /opt/airflow/dags/sakiga_ds_pipeline.py
[2026-02-15T19:09:12.882+0000] {processor.py:840} INFO - DAG(s) 'sakiga_ds_pipeline' retrieved from /opt/airflow/dags/sakiga_ds_pipeline.py
[2026-02-15T19:09:12.912+0000] {logging_mixin.py:188} INFO - [2026-02-15T19:09:12.912+0000] {dag.py:3047} INFO - Sync 1 DAGs
[2026-02-15T19:09:12.932+0000] {logging_mixin.py:188} INFO - [2026-02-15T19:09:12.931+0000] {dag.py:3834} INFO - Setting next_dagrun for sakiga_ds_pipeline to 2026-02-15 00:00:00+00:00, run_after=2026-02-16 00:00:00+00:00
[2026-02-15T19:09:12.962+0000] {processor.py:183} INFO - Processing /opt/airflow/dags/sakiga_ds_pipeline.py took 0.114 seconds
[2026-02-15T19:09:43.129+0000] {processor.py:161} INFO - Started process (PID=243) to work on /opt/airflow/dags/sakiga_ds_pipeline.py
[2026-02-15T19:09:43.132+0000] {processor.py:830} INFO - Processing file /opt/airflow/dags/sakiga_ds_pipeline.py for tasks to queue
[2026-02-15T19:09:43.134+0000] {logging_mixin.py:188} INFO - [2026-02-15T19:09:43.134+0000] {dagbag.py:540} INFO - Filling up the DagBag from /opt/airflow/dags/sakiga_ds_pipeline.py
[2026-02-15T19:09:43.160+0000] {processor.py:840} INFO - DAG(s) 'sakiga_ds_pipeline' retrieved from /opt/airflow/dags/sakiga_ds_pipeline.py
[2026-02-15T19:09:43.193+0000] {logging_mixin.py:188} INFO - [2026-02-15T19:09:43.193+0000] {dag.py:3047} INFO - Sync 1 DAGs
[2026-02-15T19:09:43.219+0000] {logging_mixin.py:188} INFO - [2026-02-15T19:09:43.219+0000] {dag.py:3834} INFO - Setting next_dagrun for sakiga_ds_pipeline to 2026-02-15 00:00:00+00:00, run_after=2026-02-16 00:00:00+00:00
[2026-02-15T19:09:43.326+0000] {processor.py:183} INFO - Processing /opt/airflow/dags/sakiga_ds_pipeline.py took 0.201 seconds
[2026-02-15T19:10:13.611+0000] {processor.py:161} INFO - Started process (PID=244) to work on /opt/airflow/dags/sakiga_ds_pipeline.py
[2026-02-15T19:10:13.615+0000] {processor.py:830} INFO - Processing file /opt/airflow/dags/sakiga_ds_pipeline.py for tasks to queue
[2026-02-15T19:10:13.617+0000] {logging_mixin.py:188} INFO - [2026-02-15T19:10:13.616+0000] {dagbag.py:540} INFO - Filling up the DagBag from /opt/airflow/dags/sakiga_ds_pipeline.py
[2026-02-15T19:10:13.657+0000] {processor.py:840} INFO - DAG(s) 'sakiga_ds_pipeline' retrieved from /opt/airflow/dags/sakiga_ds_pipeline.py
[2026-02-15T19:10:13.699+0000] {logging_mixin.py:188} INFO - [2026-02-15T19:10:13.698+0000] {dag.py:3047} INFO - Sync 1 DAGs
[2026-02-15T19:10:13.726+0000] {logging_mixin.py:188} INFO - [2026-02-15T19:10:13.726+0000] {dag.py:3834} INFO - Setting next_dagrun for sakiga_ds_pipeline to 2026-02-15 00:00:00+00:00, run_after=2026-02-16 00:00:00+00:00
[2026-02-15T19:10:13.793+0000] {processor.py:183} INFO - Processing /opt/airflow/dags/sakiga_ds_pipeline.py took 0.194 seconds
[2026-02-15T19:10:44.033+0000] {processor.py:161} INFO - Started process (PID=245) to work on /opt/airflow/dags/sakiga_ds_pipeline.py
[2026-02-15T19:10:44.035+0000] {processor.py:830} INFO - Processing file /opt/airflow/dags/sakiga_ds_pipeline.py for tasks to queue
[2026-02-15T19:10:44.037+0000] {logging_mixin.py:188} INFO - [2026-02-15T19:10:44.036+0000] {dagbag.py:540} INFO - Filling up the DagBag from /opt/airflow/dags/sakiga_ds_pipeline.py
[2026-02-15T19:10:44.093+0000] {processor.py:840} INFO - DAG(s) 'sakiga_ds_pipeline' retrieved from /opt/airflow/dags/sakiga_ds_pipeline.py
[2026-02-15T19:10:44.127+0000] {logging_mixin.py:188} INFO - [2026-02-15T19:10:44.126+0000] {dag.py:3047} INFO - Sync 1 DAGs
[2026-02-15T19:10:44.147+0000] {logging_mixin.py:188} INFO - [2026-02-15T19:10:44.146+0000] {dag.py:3834} INFO - Setting next_dagrun for sakiga_ds_pipeline to 2026-02-15 00:00:00+00:00, run_after=2026-02-16 00:00:00+00:00
[2026-02-15T19:10:44.176+0000] {processor.py:183} INFO - Processing /opt/airflow/dags/sakiga_ds_pipeline.py took 0.147 seconds
[2026-02-15T19:11:14.257+0000] {processor.py:161} INFO - Started process (PID=246) to work on /opt/airflow/dags/sakiga_ds_pipeline.py
[2026-02-15T19:11:14.262+0000] {processor.py:830} INFO - Processing file /opt/airflow/dags/sakiga_ds_pipeline.py for tasks to queue
[2026-02-15T19:11:14.264+0000] {logging_mixin.py:188} INFO - [2026-02-15T19:11:14.264+0000] {dagbag.py:540} INFO - Filling up the DagBag from /opt/airflow/dags/sakiga_ds_pipeline.py
[2026-02-15T19:11:14.310+0000] {processor.py:840} INFO - DAG(s) 'sakiga_ds_pipeline' retrieved from /opt/airflow/dags/sakiga_ds_pipeline.py
[2026-02-15T19:11:14.344+0000] {logging_mixin.py:188} INFO - [2026-02-15T19:11:14.343+0000] {dag.py:3047} INFO - Sync 1 DAGs
[2026-02-15T19:11:14.364+0000] {logging_mixin.py:188} INFO - [2026-02-15T19:11:14.364+0000] {dag.py:3834} INFO - Setting next_dagrun for sakiga_ds_pipeline to 2026-02-15 00:00:00+00:00, run_after=2026-02-16 00:00:00+00:00
[2026-02-15T19:11:14.413+0000] {processor.py:183} INFO - Processing /opt/airflow/dags/sakiga_ds_pipeline.py took 0.162 seconds
[2026-02-15T19:11:44.613+0000] {processor.py:161} INFO - Started process (PID=247) to work on /opt/airflow/dags/sakiga_ds_pipeline.py
[2026-02-15T19:11:44.614+0000] {processor.py:830} INFO - Processing file /opt/airflow/dags/sakiga_ds_pipeline.py for tasks to queue
[2026-02-15T19:11:44.616+0000] {logging_mixin.py:188} INFO - [2026-02-15T19:11:44.615+0000] {dagbag.py:540} INFO - Filling up the DagBag from /opt/airflow/dags/sakiga_ds_pipeline.py
[2026-02-15T19:11:44.645+0000] {processor.py:840} INFO - DAG(s) 'sakiga_ds_pipeline' retrieved from /opt/airflow/dags/sakiga_ds_pipeline.py
[2026-02-15T19:11:44.681+0000] {logging_mixin.py:188} INFO - [2026-02-15T19:11:44.681+0000] {dag.py:3047} INFO - Sync 1 DAGs
[2026-02-15T19:11:44.710+0000] {logging_mixin.py:188} INFO - [2026-02-15T19:11:44.710+0000] {dag.py:3834} INFO - Setting next_dagrun for sakiga_ds_pipeline to 2026-02-15 00:00:00+00:00, run_after=2026-02-16 00:00:00+00:00
[2026-02-15T19:11:44.740+0000] {processor.py:183} INFO - Processing /opt/airflow/dags/sakiga_ds_pipeline.py took 0.133 seconds
[2026-02-15T19:12:14.988+0000] {processor.py:161} INFO - Started process (PID=248) to work on /opt/airflow/dags/sakiga_ds_pipeline.py
[2026-02-15T19:12:14.992+0000] {processor.py:830} INFO - Processing file /opt/airflow/dags/sakiga_ds_pipeline.py for tasks to queue
[2026-02-15T19:12:14.993+0000] {logging_mixin.py:188} INFO - [2026-02-15T19:12:14.993+0000] {dagbag.py:540} INFO - Filling up the DagBag from /opt/airflow/dags/sakiga_ds_pipeline.py
[2026-02-15T19:12:15.022+0000] {processor.py:840} INFO - DAG(s) 'sakiga_ds_pipeline' retrieved from /opt/airflow/dags/sakiga_ds_pipeline.py
[2026-02-15T19:12:15.073+0000] {logging_mixin.py:188} INFO - [2026-02-15T19:12:15.073+0000] {dag.py:3047} INFO - Sync 1 DAGs
[2026-02-15T19:12:15.101+0000] {logging_mixin.py:188} INFO - [2026-02-15T19:12:15.100+0000] {dag.py:3834} INFO - Setting next_dagrun for sakiga_ds_pipeline to 2026-02-15 00:00:00+00:00, run_after=2026-02-16 00:00:00+00:00
[2026-02-15T19:12:15.129+0000] {processor.py:183} INFO - Processing /opt/airflow/dags/sakiga_ds_pipeline.py took 0.145 seconds
[2026-02-15T19:12:45.423+0000] {processor.py:161} INFO - Started process (PID=249) to work on /opt/airflow/dags/sakiga_ds_pipeline.py
[2026-02-15T19:12:45.428+0000] {processor.py:830} INFO - Processing file /opt/airflow/dags/sakiga_ds_pipeline.py for tasks to queue
[2026-02-15T19:12:45.430+0000] {logging_mixin.py:188} INFO - [2026-02-15T19:12:45.429+0000] {dagbag.py:540} INFO - Filling up the DagBag from /opt/airflow/dags/sakiga_ds_pipeline.py
[2026-02-15T19:12:45.473+0000] {processor.py:840} INFO - DAG(s) 'sakiga_ds_pipeline' retrieved from /opt/airflow/dags/sakiga_ds_pipeline.py
[2026-02-15T19:12:45.519+0000] {logging_mixin.py:188} INFO - [2026-02-15T19:12:45.518+0000] {dag.py:3047} INFO - Sync 1 DAGs
[2026-02-15T19:12:45.546+0000] {logging_mixin.py:188} INFO - [2026-02-15T19:12:45.545+0000] {dag.py:3834} INFO - Setting next_dagrun for sakiga_ds_pipeline to 2026-02-15 00:00:00+00:00, run_after=2026-02-16 00:00:00+00:00
[2026-02-15T19:12:45.599+0000] {processor.py:183} INFO - Processing /opt/airflow/dags/sakiga_ds_pipeline.py took 0.181 seconds
[2026-02-15T19:13:15.825+0000] {processor.py:161} INFO - Started process (PID=250) to work on /opt/airflow/dags/sakiga_ds_pipeline.py
[2026-02-15T19:13:15.827+0000] {processor.py:830} INFO - Processing file /opt/airflow/dags/sakiga_ds_pipeline.py for tasks to queue
[2026-02-15T19:13:15.829+0000] {logging_mixin.py:188} INFO - [2026-02-15T19:13:15.828+0000] {dagbag.py:540} INFO - Filling up the DagBag from /opt/airflow/dags/sakiga_ds_pipeline.py
[2026-02-15T19:13:15.854+0000] {processor.py:840} INFO - DAG(s) 'sakiga_ds_pipeline' retrieved from /opt/airflow/dags/sakiga_ds_pipeline.py
[2026-02-15T19:13:15.884+0000] {logging_mixin.py:188} INFO - [2026-02-15T19:13:15.884+0000] {dag.py:3047} INFO - Sync 1 DAGs
[2026-02-15T19:13:15.904+0000] {logging_mixin.py:188} INFO - [2026-02-15T19:13:15.903+0000] {dag.py:3834} INFO - Setting next_dagrun for sakiga_ds_pipeline to 2026-02-15 00:00:00+00:00, run_after=2026-02-16 00:00:00+00:00
[2026-02-15T19:13:15.932+0000] {processor.py:183} INFO - Processing /opt/airflow/dags/sakiga_ds_pipeline.py took 0.111 seconds
[2026-02-15T19:13:46.171+0000] {processor.py:161} INFO - Started process (PID=251) to work on /opt/airflow/dags/sakiga_ds_pipeline.py
[2026-02-15T19:13:46.173+0000] {processor.py:830} INFO - Processing file /opt/airflow/dags/sakiga_ds_pipeline.py for tasks to queue
[2026-02-15T19:13:46.174+0000] {logging_mixin.py:188} INFO - [2026-02-15T19:13:46.174+0000] {dagbag.py:540} INFO - Filling up the DagBag from /opt/airflow/dags/sakiga_ds_pipeline.py
[2026-02-15T19:13:46.196+0000] {processor.py:840} INFO - DAG(s) 'sakiga_ds_pipeline' retrieved from /opt/airflow/dags/sakiga_ds_pipeline.py
[2026-02-15T19:13:46.234+0000] {logging_mixin.py:188} INFO - [2026-02-15T19:13:46.234+0000] {dag.py:3047} INFO - Sync 1 DAGs
[2026-02-15T19:13:46.258+0000] {logging_mixin.py:188} INFO - [2026-02-15T19:13:46.258+0000] {dag.py:3834} INFO - Setting next_dagrun for sakiga_ds_pipeline to 2026-02-15 00:00:00+00:00, run_after=2026-02-16 00:00:00+00:00
[2026-02-15T19:13:46.290+0000] {processor.py:183} INFO - Processing /opt/airflow/dags/sakiga_ds_pipeline.py took 0.124 seconds
[2026-02-15T19:14:16.484+0000] {processor.py:161} INFO - Started process (PID=252) to work on /opt/airflow/dags/sakiga_ds_pipeline.py
[2026-02-15T19:14:16.486+0000] {processor.py:830} INFO - Processing file /opt/airflow/dags/sakiga_ds_pipeline.py for tasks to queue
[2026-02-15T19:14:16.488+0000] {logging_mixin.py:188} INFO - [2026-02-15T19:14:16.487+0000] {dagbag.py:540} INFO - Filling up the DagBag from /opt/airflow/dags/sakiga_ds_pipeline.py
[2026-02-15T19:14:16.518+0000] {processor.py:840} INFO - DAG(s) 'sakiga_ds_pipeline' retrieved from /opt/airflow/dags/sakiga_ds_pipeline.py
[2026-02-15T19:14:16.549+0000] {logging_mixin.py:188} INFO - [2026-02-15T19:14:16.548+0000] {dag.py:3047} INFO - Sync 1 DAGs
[2026-02-15T19:14:16.568+0000] {logging_mixin.py:188} INFO - [2026-02-15T19:14:16.568+0000] {dag.py:3834} INFO - Setting next_dagrun for sakiga_ds_pipeline to 2026-02-15 00:00:00+00:00, run_after=2026-02-16 00:00:00+00:00
[2026-02-15T19:14:16.597+0000] {processor.py:183} INFO - Processing /opt/airflow/dags/sakiga_ds_pipeline.py took 0.117 seconds
[2026-02-15T19:14:46.800+0000] {processor.py:161} INFO - Started process (PID=253) to work on /opt/airflow/dags/sakiga_ds_pipeline.py
[2026-02-15T19:14:46.802+0000] {processor.py:830} INFO - Processing file /opt/airflow/dags/sakiga_ds_pipeline.py for tasks to queue
[2026-02-15T19:14:46.803+0000] {logging_mixin.py:188} INFO - [2026-02-15T19:14:46.803+0000] {dagbag.py:540} INFO - Filling up the DagBag from /opt/airflow/dags/sakiga_ds_pipeline.py
[2026-02-15T19:14:46.830+0000] {processor.py:840} INFO - DAG(s) 'sakiga_ds_pipeline' retrieved from /opt/airflow/dags/sakiga_ds_pipeline.py
[2026-02-15T19:14:46.863+0000] {logging_mixin.py:188} INFO - [2026-02-15T19:14:46.863+0000] {dag.py:3047} INFO - Sync 1 DAGs
[2026-02-15T19:14:46.884+0000] {logging_mixin.py:188} INFO - [2026-02-15T19:14:46.883+0000] {dag.py:3834} INFO - Setting next_dagrun for sakiga_ds_pipeline to 2026-02-15 00:00:00+00:00, run_after=2026-02-16 00:00:00+00:00
[2026-02-15T19:14:46.922+0000] {processor.py:183} INFO - Processing /opt/airflow/dags/sakiga_ds_pipeline.py took 0.126 seconds
[2026-02-15T19:15:17.076+0000] {processor.py:161} INFO - Started process (PID=254) to work on /opt/airflow/dags/sakiga_ds_pipeline.py
[2026-02-15T19:15:17.077+0000] {processor.py:830} INFO - Processing file /opt/airflow/dags/sakiga_ds_pipeline.py for tasks to queue
[2026-02-15T19:15:17.079+0000] {logging_mixin.py:188} INFO - [2026-02-15T19:15:17.079+0000] {dagbag.py:540} INFO - Filling up the DagBag from /opt/airflow/dags/sakiga_ds_pipeline.py
[2026-02-15T19:15:17.103+0000] {processor.py:840} INFO - DAG(s) 'sakiga_ds_pipeline' retrieved from /opt/airflow/dags/sakiga_ds_pipeline.py
[2026-02-15T19:15:17.136+0000] {logging_mixin.py:188} INFO - [2026-02-15T19:15:17.136+0000] {dag.py:3047} INFO - Sync 1 DAGs
[2026-02-15T19:15:17.156+0000] {logging_mixin.py:188} INFO - [2026-02-15T19:15:17.156+0000] {dag.py:3834} INFO - Setting next_dagrun for sakiga_ds_pipeline to 2026-02-15 00:00:00+00:00, run_after=2026-02-16 00:00:00+00:00
[2026-02-15T19:15:17.188+0000] {processor.py:183} INFO - Processing /opt/airflow/dags/sakiga_ds_pipeline.py took 0.117 seconds
[2026-02-15T19:15:47.437+0000] {processor.py:161} INFO - Started process (PID=255) to work on /opt/airflow/dags/sakiga_ds_pipeline.py
[2026-02-15T19:15:47.439+0000] {processor.py:830} INFO - Processing file /opt/airflow/dags/sakiga_ds_pipeline.py for tasks to queue
[2026-02-15T19:15:47.441+0000] {logging_mixin.py:188} INFO - [2026-02-15T19:15:47.440+0000] {dagbag.py:540} INFO - Filling up the DagBag from /opt/airflow/dags/sakiga_ds_pipeline.py
[2026-02-15T19:15:47.509+0000] {processor.py:840} INFO - DAG(s) 'sakiga_ds_pipeline' retrieved from /opt/airflow/dags/sakiga_ds_pipeline.py
[2026-02-15T19:15:47.554+0000] {logging_mixin.py:188} INFO - [2026-02-15T19:15:47.554+0000] {dag.py:3047} INFO - Sync 1 DAGs
[2026-02-15T19:15:47.577+0000] {logging_mixin.py:188} INFO - [2026-02-15T19:15:47.577+0000] {dag.py:3834} INFO - Setting next_dagrun for sakiga_ds_pipeline to 2026-02-15 00:00:00+00:00, run_after=2026-02-16 00:00:00+00:00
[2026-02-15T19:15:47.610+0000] {processor.py:183} INFO - Processing /opt/airflow/dags/sakiga_ds_pipeline.py took 0.177 seconds
[2026-02-15T19:16:17.782+0000] {processor.py:161} INFO - Started process (PID=256) to work on /opt/airflow/dags/sakiga_ds_pipeline.py
[2026-02-15T19:16:17.783+0000] {processor.py:830} INFO - Processing file /opt/airflow/dags/sakiga_ds_pipeline.py for tasks to queue
[2026-02-15T19:16:17.785+0000] {logging_mixin.py:188} INFO - [2026-02-15T19:16:17.784+0000] {dagbag.py:540} INFO - Filling up the DagBag from /opt/airflow/dags/sakiga_ds_pipeline.py
[2026-02-15T19:16:17.822+0000] {processor.py:840} INFO - DAG(s) 'sakiga_ds_pipeline' retrieved from /opt/airflow/dags/sakiga_ds_pipeline.py
[2026-02-15T19:16:17.854+0000] {logging_mixin.py:188} INFO - [2026-02-15T19:16:17.854+0000] {dag.py:3047} INFO - Sync 1 DAGs
[2026-02-15T19:16:17.892+0000] {logging_mixin.py:188} INFO - [2026-02-15T19:16:17.892+0000] {dag.py:3834} INFO - Setting next_dagrun for sakiga_ds_pipeline to 2026-02-15 00:00:00+00:00, run_after=2026-02-16 00:00:00+00:00
[2026-02-15T19:16:17.928+0000] {processor.py:183} INFO - Processing /opt/airflow/dags/sakiga_ds_pipeline.py took 0.151 seconds
[2026-02-15T19:16:48.111+0000] {processor.py:161} INFO - Started process (PID=257) to work on /opt/airflow/dags/sakiga_ds_pipeline.py
[2026-02-15T19:16:48.113+0000] {processor.py:830} INFO - Processing file /opt/airflow/dags/sakiga_ds_pipeline.py for tasks to queue
[2026-02-15T19:16:48.114+0000] {logging_mixin.py:188} INFO - [2026-02-15T19:16:48.114+0000] {dagbag.py:540} INFO - Filling up the DagBag from /opt/airflow/dags/sakiga_ds_pipeline.py
[2026-02-15T19:16:48.147+0000] {processor.py:840} INFO - DAG(s) 'sakiga_ds_pipeline' retrieved from /opt/airflow/dags/sakiga_ds_pipeline.py
[2026-02-15T19:16:48.183+0000] {logging_mixin.py:188} INFO - [2026-02-15T19:16:48.182+0000] {dag.py:3047} INFO - Sync 1 DAGs
[2026-02-15T19:16:48.214+0000] {logging_mixin.py:188} INFO - [2026-02-15T19:16:48.214+0000] {dag.py:3834} INFO - Setting next_dagrun for sakiga_ds_pipeline to 2026-02-15 00:00:00+00:00, run_after=2026-02-16 00:00:00+00:00
[2026-02-15T19:16:48.250+0000] {processor.py:183} INFO - Processing /opt/airflow/dags/sakiga_ds_pipeline.py took 0.143 seconds
[2026-02-15T19:17:18.444+0000] {processor.py:161} INFO - Started process (PID=258) to work on /opt/airflow/dags/sakiga_ds_pipeline.py
[2026-02-15T19:17:18.445+0000] {processor.py:830} INFO - Processing file /opt/airflow/dags/sakiga_ds_pipeline.py for tasks to queue
[2026-02-15T19:17:18.448+0000] {logging_mixin.py:188} INFO - [2026-02-15T19:17:18.447+0000] {dagbag.py:540} INFO - Filling up the DagBag from /opt/airflow/dags/sakiga_ds_pipeline.py
[2026-02-15T19:17:18.483+0000] {processor.py:840} INFO - DAG(s) 'sakiga_ds_pipeline' retrieved from /opt/airflow/dags/sakiga_ds_pipeline.py
[2026-02-15T19:17:18.541+0000] {logging_mixin.py:188} INFO - [2026-02-15T19:17:18.541+0000] {dag.py:3047} INFO - Sync 1 DAGs
[2026-02-15T19:17:18.591+0000] {logging_mixin.py:188} INFO - [2026-02-15T19:17:18.590+0000] {dag.py:3834} INFO - Setting next_dagrun for sakiga_ds_pipeline to 2026-02-15 00:00:00+00:00, run_after=2026-02-16 00:00:00+00:00
[2026-02-15T19:17:18.639+0000] {processor.py:183} INFO - Processing /opt/airflow/dags/sakiga_ds_pipeline.py took 0.204 seconds
[2026-02-15T19:17:48.917+0000] {processor.py:161} INFO - Started process (PID=259) to work on /opt/airflow/dags/sakiga_ds_pipeline.py
[2026-02-15T19:17:48.919+0000] {processor.py:830} INFO - Processing file /opt/airflow/dags/sakiga_ds_pipeline.py for tasks to queue
[2026-02-15T19:17:48.920+0000] {logging_mixin.py:188} INFO - [2026-02-15T19:17:48.920+0000] {dagbag.py:540} INFO - Filling up the DagBag from /opt/airflow/dags/sakiga_ds_pipeline.py
[2026-02-15T19:17:48.946+0000] {processor.py:840} INFO - DAG(s) 'sakiga_ds_pipeline' retrieved from /opt/airflow/dags/sakiga_ds_pipeline.py
[2026-02-15T19:17:48.982+0000] {logging_mixin.py:188} INFO - [2026-02-15T19:17:48.982+0000] {dag.py:3047} INFO - Sync 1 DAGs
[2026-02-15T19:17:49.012+0000] {logging_mixin.py:188} INFO - [2026-02-15T19:17:49.012+0000] {dag.py:3834} INFO - Setting next_dagrun for sakiga_ds_pipeline to 2026-02-15 00:00:00+00:00, run_after=2026-02-16 00:00:00+00:00
[2026-02-15T19:17:49.126+0000] {processor.py:183} INFO - Processing /opt/airflow/dags/sakiga_ds_pipeline.py took 0.215 seconds
[2026-02-15T19:18:19.291+0000] {processor.py:161} INFO - Started process (PID=260) to work on /opt/airflow/dags/sakiga_ds_pipeline.py
[2026-02-15T19:18:19.293+0000] {processor.py:830} INFO - Processing file /opt/airflow/dags/sakiga_ds_pipeline.py for tasks to queue
[2026-02-15T19:18:19.295+0000] {logging_mixin.py:188} INFO - [2026-02-15T19:18:19.294+0000] {dagbag.py:540} INFO - Filling up the DagBag from /opt/airflow/dags/sakiga_ds_pipeline.py
[2026-02-15T19:18:19.331+0000] {processor.py:840} INFO - DAG(s) 'sakiga_ds_pipeline' retrieved from /opt/airflow/dags/sakiga_ds_pipeline.py
[2026-02-15T19:18:19.370+0000] {logging_mixin.py:188} INFO - [2026-02-15T19:18:19.370+0000] {dag.py:3047} INFO - Sync 1 DAGs
[2026-02-15T19:18:19.401+0000] {logging_mixin.py:188} INFO - [2026-02-15T19:18:19.400+0000] {dag.py:3834} INFO - Setting next_dagrun for sakiga_ds_pipeline to 2026-02-15 00:00:00+00:00, run_after=2026-02-16 00:00:00+00:00
[2026-02-15T19:18:19.459+0000] {processor.py:183} INFO - Processing /opt/airflow/dags/sakiga_ds_pipeline.py took 0.173 seconds
[2026-02-15T19:18:49.818+0000] {processor.py:161} INFO - Started process (PID=261) to work on /opt/airflow/dags/sakiga_ds_pipeline.py
[2026-02-15T19:18:49.820+0000] {processor.py:830} INFO - Processing file /opt/airflow/dags/sakiga_ds_pipeline.py for tasks to queue
[2026-02-15T19:18:49.822+0000] {logging_mixin.py:188} INFO - [2026-02-15T19:18:49.822+0000] {dagbag.py:540} INFO - Filling up the DagBag from /opt/airflow/dags/sakiga_ds_pipeline.py
[2026-02-15T19:18:49.896+0000] {processor.py:840} INFO - DAG(s) 'sakiga_ds_pipeline' retrieved from /opt/airflow/dags/sakiga_ds_pipeline.py
[2026-02-15T19:18:49.959+0000] {logging_mixin.py:188} INFO - [2026-02-15T19:18:49.958+0000] {dag.py:3047} INFO - Sync 1 DAGs
[2026-02-15T19:18:50.016+0000] {logging_mixin.py:188} INFO - [2026-02-15T19:18:50.016+0000] {dag.py:3834} INFO - Setting next_dagrun for sakiga_ds_pipeline to 2026-02-15 00:00:00+00:00, run_after=2026-02-16 00:00:00+00:00
[2026-02-15T19:18:50.056+0000] {processor.py:183} INFO - Processing /opt/airflow/dags/sakiga_ds_pipeline.py took 0.243 seconds
[2026-02-15T19:19:22.755+0000] {processor.py:161} INFO - Started process (PID=262) to work on /opt/airflow/dags/sakiga_ds_pipeline.py
[2026-02-15T19:19:22.758+0000] {processor.py:830} INFO - Processing file /opt/airflow/dags/sakiga_ds_pipeline.py for tasks to queue
[2026-02-15T19:19:22.762+0000] {logging_mixin.py:188} INFO - [2026-02-15T19:19:22.761+0000] {dagbag.py:540} INFO - Filling up the DagBag from /opt/airflow/dags/sakiga_ds_pipeline.py
[2026-02-15T19:19:22.807+0000] {processor.py:840} INFO - DAG(s) 'sakiga_ds_pipeline' retrieved from /opt/airflow/dags/sakiga_ds_pipeline.py
[2026-02-15T19:19:22.837+0000] {logging_mixin.py:188} INFO - [2026-02-15T19:19:22.836+0000] {dag.py:3047} INFO - Sync 1 DAGs
[2026-02-15T19:19:22.857+0000] {logging_mixin.py:188} INFO - [2026-02-15T19:19:22.857+0000] {dag.py:3834} INFO - Setting next_dagrun for sakiga_ds_pipeline to 2026-02-15 00:00:00+00:00, run_after=2026-02-16 00:00:00+00:00
[2026-02-15T19:19:22.888+0000] {processor.py:183} INFO - Processing /opt/airflow/dags/sakiga_ds_pipeline.py took 0.141 seconds
[2026-02-15T21:49:08.242+0000] {processor.py:161} INFO - Started process (PID=39) to work on /opt/airflow/dags/sakiga_ds_pipeline.py
[2026-02-15T21:49:08.245+0000] {processor.py:830} INFO - Processing file /opt/airflow/dags/sakiga_ds_pipeline.py for tasks to queue
[2026-02-15T21:49:08.247+0000] {logging_mixin.py:188} INFO - [2026-02-15T21:49:08.246+0000] {dagbag.py:540} INFO - Filling up the DagBag from /opt/airflow/dags/sakiga_ds_pipeline.py
[2026-02-15T21:49:08.287+0000] {processor.py:840} INFO - DAG(s) 'sakiga_ds_pipeline' retrieved from /opt/airflow/dags/sakiga_ds_pipeline.py
[2026-02-15T21:49:08.303+0000] {logging_mixin.py:188} INFO - [2026-02-15T21:49:08.302+0000] {dag.py:3047} INFO - Sync 1 DAGs
[2026-02-15T21:49:08.339+0000] {logging_mixin.py:188} INFO - [2026-02-15T21:49:08.339+0000] {dag.py:3834} INFO - Setting next_dagrun for sakiga_ds_pipeline to 2026-02-15 00:00:00+00:00, run_after=2026-02-16 00:00:00+00:00
[2026-02-15T21:49:08.374+0000] {processor.py:183} INFO - Processing /opt/airflow/dags/sakiga_ds_pipeline.py took 0.139 seconds
[2026-02-15T21:51:21.903+0000] {processor.py:161} INFO - Started process (PID=92) to work on /opt/airflow/dags/sakiga_ds_pipeline.py
[2026-02-15T21:51:21.905+0000] {processor.py:830} INFO - Processing file /opt/airflow/dags/sakiga_ds_pipeline.py for tasks to queue
[2026-02-15T21:51:21.912+0000] {logging_mixin.py:188} INFO - [2026-02-15T21:51:21.906+0000] {dagbag.py:540} INFO - Filling up the DagBag from /opt/airflow/dags/sakiga_ds_pipeline.py
[2026-02-15T21:51:21.938+0000] {processor.py:840} INFO - DAG(s) 'sakiga_ds_pipeline' retrieved from /opt/airflow/dags/sakiga_ds_pipeline.py
[2026-02-15T21:51:22.364+0000] {logging_mixin.py:188} INFO - [2026-02-15T21:51:22.364+0000] {dag.py:3047} INFO - Sync 1 DAGs
[2026-02-15T21:51:22.382+0000] {logging_mixin.py:188} INFO - [2026-02-15T21:51:22.382+0000] {dag.py:3834} INFO - Setting next_dagrun for sakiga_ds_pipeline to 2026-02-15 00:00:00+00:00, run_after=2026-02-16 00:00:00+00:00
[2026-02-15T21:51:22.418+0000] {processor.py:183} INFO - Processing /opt/airflow/dags/sakiga_ds_pipeline.py took 0.519 seconds
[2026-02-15T21:52:33.259+0000] {processor.py:161} INFO - Started process (PID=143) to work on /opt/airflow/dags/sakiga_ds_pipeline.py
[2026-02-15T21:52:33.261+0000] {processor.py:830} INFO - Processing file /opt/airflow/dags/sakiga_ds_pipeline.py for tasks to queue
[2026-02-15T21:52:33.263+0000] {logging_mixin.py:188} INFO - [2026-02-15T21:52:33.262+0000] {dagbag.py:540} INFO - Filling up the DagBag from /opt/airflow/dags/sakiga_ds_pipeline.py
[2026-02-15T21:52:33.296+0000] {processor.py:840} INFO - DAG(s) 'sakiga_ds_pipeline' retrieved from /opt/airflow/dags/sakiga_ds_pipeline.py
[2026-02-15T21:52:33.337+0000] {logging_mixin.py:188} INFO - [2026-02-15T21:52:33.337+0000] {dag.py:3047} INFO - Sync 1 DAGs
[2026-02-15T21:52:33.364+0000] {logging_mixin.py:188} INFO - [2026-02-15T21:52:33.364+0000] {dag.py:3834} INFO - Setting next_dagrun for sakiga_ds_pipeline to 2026-02-15 00:00:00+00:00, run_after=2026-02-16 00:00:00+00:00
[2026-02-15T21:52:33.538+0000] {processor.py:183} INFO - Processing /opt/airflow/dags/sakiga_ds_pipeline.py took 0.285 seconds
[2026-02-15T21:53:46.288+0000] {processor.py:161} INFO - Started process (PID=186) to work on /opt/airflow/dags/sakiga_ds_pipeline.py
[2026-02-15T21:53:46.291+0000] {processor.py:830} INFO - Processing file /opt/airflow/dags/sakiga_ds_pipeline.py for tasks to queue
[2026-02-15T21:53:46.293+0000] {logging_mixin.py:188} INFO - [2026-02-15T21:53:46.292+0000] {dagbag.py:540} INFO - Filling up the DagBag from /opt/airflow/dags/sakiga_ds_pipeline.py
[2026-02-15T21:53:46.335+0000] {processor.py:840} INFO - DAG(s) 'sakiga_ds_pipeline' retrieved from /opt/airflow/dags/sakiga_ds_pipeline.py
[2026-02-15T21:53:46.399+0000] {logging_mixin.py:188} INFO - [2026-02-15T21:53:46.398+0000] {dag.py:3047} INFO - Sync 1 DAGs
[2026-02-15T21:53:46.421+0000] {logging_mixin.py:188} INFO - [2026-02-15T21:53:46.421+0000] {dag.py:3834} INFO - Setting next_dagrun for sakiga_ds_pipeline to 2026-02-15 00:00:00+00:00, run_after=2026-02-16 00:00:00+00:00
[2026-02-15T21:53:46.513+0000] {processor.py:183} INFO - Processing /opt/airflow/dags/sakiga_ds_pipeline.py took 0.231 seconds
[2026-02-15T21:54:16.710+0000] {processor.py:161} INFO - Started process (PID=209) to work on /opt/airflow/dags/sakiga_ds_pipeline.py
[2026-02-15T21:54:16.711+0000] {processor.py:830} INFO - Processing file /opt/airflow/dags/sakiga_ds_pipeline.py for tasks to queue
[2026-02-15T21:54:16.713+0000] {logging_mixin.py:188} INFO - [2026-02-15T21:54:16.712+0000] {dagbag.py:540} INFO - Filling up the DagBag from /opt/airflow/dags/sakiga_ds_pipeline.py
[2026-02-15T21:54:16.739+0000] {processor.py:840} INFO - DAG(s) 'sakiga_ds_pipeline' retrieved from /opt/airflow/dags/sakiga_ds_pipeline.py
[2026-02-15T21:54:16.776+0000] {logging_mixin.py:188} INFO - [2026-02-15T21:54:16.775+0000] {dag.py:3047} INFO - Sync 1 DAGs
[2026-02-15T21:54:16.796+0000] {logging_mixin.py:188} INFO - [2026-02-15T21:54:16.795+0000] {dag.py:3834} INFO - Setting next_dagrun for sakiga_ds_pipeline to 2026-02-15 00:00:00+00:00, run_after=2026-02-16 00:00:00+00:00
[2026-02-15T21:54:16.825+0000] {processor.py:183} INFO - Processing /opt/airflow/dags/sakiga_ds_pipeline.py took 0.120 seconds
[2026-02-15T21:54:47.230+0000] {processor.py:161} INFO - Started process (PID=210) to work on /opt/airflow/dags/sakiga_ds_pipeline.py
[2026-02-15T21:54:47.231+0000] {processor.py:830} INFO - Processing file /opt/airflow/dags/sakiga_ds_pipeline.py for tasks to queue
[2026-02-15T21:54:47.233+0000] {logging_mixin.py:188} INFO - [2026-02-15T21:54:47.232+0000] {dagbag.py:540} INFO - Filling up the DagBag from /opt/airflow/dags/sakiga_ds_pipeline.py
[2026-02-15T21:54:47.253+0000] {processor.py:840} INFO - DAG(s) 'sakiga_ds_pipeline' retrieved from /opt/airflow/dags/sakiga_ds_pipeline.py
[2026-02-15T21:54:47.298+0000] {logging_mixin.py:188} INFO - [2026-02-15T21:54:47.297+0000] {dag.py:3047} INFO - Sync 1 DAGs
[2026-02-15T21:54:47.323+0000] {logging_mixin.py:188} INFO - [2026-02-15T21:54:47.322+0000] {dag.py:3834} INFO - Setting next_dagrun for sakiga_ds_pipeline to 2026-02-15 00:00:00+00:00, run_after=2026-02-16 00:00:00+00:00
[2026-02-15T21:54:47.383+0000] {processor.py:183} INFO - Processing /opt/airflow/dags/sakiga_ds_pipeline.py took 0.158 seconds
[2026-02-15T21:55:44.149+0000] {processor.py:161} INFO - Started process (PID=279) to work on /opt/airflow/dags/sakiga_ds_pipeline.py
[2026-02-15T21:55:44.151+0000] {processor.py:830} INFO - Processing file /opt/airflow/dags/sakiga_ds_pipeline.py for tasks to queue
[2026-02-15T21:55:44.153+0000] {logging_mixin.py:188} INFO - [2026-02-15T21:55:44.152+0000] {dagbag.py:540} INFO - Filling up the DagBag from /opt/airflow/dags/sakiga_ds_pipeline.py
[2026-02-15T21:55:44.180+0000] {processor.py:840} INFO - DAG(s) 'sakiga_ds_pipeline' retrieved from /opt/airflow/dags/sakiga_ds_pipeline.py
[2026-02-15T21:55:44.236+0000] {logging_mixin.py:188} INFO - [2026-02-15T21:55:44.235+0000] {dag.py:3047} INFO - Sync 1 DAGs
[2026-02-15T21:55:44.260+0000] {logging_mixin.py:188} INFO - [2026-02-15T21:55:44.260+0000] {dag.py:3834} INFO - Setting next_dagrun for sakiga_ds_pipeline to 2026-02-15 00:00:00+00:00, run_after=2026-02-16 00:00:00+00:00
[2026-02-15T21:55:44.295+0000] {processor.py:183} INFO - Processing /opt/airflow/dags/sakiga_ds_pipeline.py took 0.152 seconds
[2026-02-15T21:56:14.962+0000] {processor.py:161} INFO - Started process (PID=302) to work on /opt/airflow/dags/sakiga_ds_pipeline.py
[2026-02-15T21:56:14.964+0000] {processor.py:830} INFO - Processing file /opt/airflow/dags/sakiga_ds_pipeline.py for tasks to queue
[2026-02-15T21:56:14.965+0000] {logging_mixin.py:188} INFO - [2026-02-15T21:56:14.965+0000] {dagbag.py:540} INFO - Filling up the DagBag from /opt/airflow/dags/sakiga_ds_pipeline.py
[2026-02-15T21:56:14.990+0000] {processor.py:840} INFO - DAG(s) 'sakiga_ds_pipeline' retrieved from /opt/airflow/dags/sakiga_ds_pipeline.py
[2026-02-15T21:56:15.029+0000] {logging_mixin.py:188} INFO - [2026-02-15T21:56:15.029+0000] {dag.py:3047} INFO - Sync 1 DAGs
[2026-02-15T21:56:15.049+0000] {logging_mixin.py:188} INFO - [2026-02-15T21:56:15.049+0000] {dag.py:3834} INFO - Setting next_dagrun for sakiga_ds_pipeline to 2026-02-15 00:00:00+00:00, run_after=2026-02-16 00:00:00+00:00
[2026-02-15T21:56:15.091+0000] {processor.py:183} INFO - Processing /opt/airflow/dags/sakiga_ds_pipeline.py took 0.139 seconds
[2026-02-15T21:56:45.510+0000] {processor.py:161} INFO - Started process (PID=303) to work on /opt/airflow/dags/sakiga_ds_pipeline.py
[2026-02-15T21:56:45.515+0000] {processor.py:830} INFO - Processing file /opt/airflow/dags/sakiga_ds_pipeline.py for tasks to queue
[2026-02-15T21:56:45.519+0000] {logging_mixin.py:188} INFO - [2026-02-15T21:56:45.517+0000] {dagbag.py:540} INFO - Filling up the DagBag from /opt/airflow/dags/sakiga_ds_pipeline.py
[2026-02-15T21:56:45.560+0000] {processor.py:840} INFO - DAG(s) 'sakiga_ds_pipeline' retrieved from /opt/airflow/dags/sakiga_ds_pipeline.py
[2026-02-15T21:56:45.598+0000] {logging_mixin.py:188} INFO - [2026-02-15T21:56:45.598+0000] {dag.py:3047} INFO - Sync 1 DAGs
[2026-02-15T21:56:45.632+0000] {logging_mixin.py:188} INFO - [2026-02-15T21:56:45.631+0000] {dag.py:3834} INFO - Setting next_dagrun for sakiga_ds_pipeline to 2026-02-15 00:00:00+00:00, run_after=2026-02-16 00:00:00+00:00
[2026-02-15T21:56:45.763+0000] {processor.py:183} INFO - Processing /opt/airflow/dags/sakiga_ds_pipeline.py took 0.270 seconds
[2026-02-15T21:57:15.947+0000] {processor.py:161} INFO - Started process (PID=304) to work on /opt/airflow/dags/sakiga_ds_pipeline.py
[2026-02-15T21:57:15.953+0000] {processor.py:830} INFO - Processing file /opt/airflow/dags/sakiga_ds_pipeline.py for tasks to queue
[2026-02-15T21:57:15.957+0000] {logging_mixin.py:188} INFO - [2026-02-15T21:57:15.955+0000] {dagbag.py:540} INFO - Filling up the DagBag from /opt/airflow/dags/sakiga_ds_pipeline.py
[2026-02-15T21:57:15.986+0000] {processor.py:840} INFO - DAG(s) 'sakiga_ds_pipeline' retrieved from /opt/airflow/dags/sakiga_ds_pipeline.py
[2026-02-15T21:57:16.021+0000] {logging_mixin.py:188} INFO - [2026-02-15T21:57:16.021+0000] {dag.py:3047} INFO - Sync 1 DAGs
[2026-02-15T21:57:16.044+0000] {logging_mixin.py:188} INFO - [2026-02-15T21:57:16.044+0000] {dag.py:3834} INFO - Setting next_dagrun for sakiga_ds_pipeline to 2026-02-15 00:00:00+00:00, run_after=2026-02-16 00:00:00+00:00
[2026-02-15T21:57:16.078+0000] {processor.py:183} INFO - Processing /opt/airflow/dags/sakiga_ds_pipeline.py took 0.145 seconds
[2026-02-15T21:57:46.257+0000] {processor.py:161} INFO - Started process (PID=305) to work on /opt/airflow/dags/sakiga_ds_pipeline.py
[2026-02-15T21:57:46.259+0000] {processor.py:830} INFO - Processing file /opt/airflow/dags/sakiga_ds_pipeline.py for tasks to queue
[2026-02-15T21:57:46.261+0000] {logging_mixin.py:188} INFO - [2026-02-15T21:57:46.260+0000] {dagbag.py:540} INFO - Filling up the DagBag from /opt/airflow/dags/sakiga_ds_pipeline.py
[2026-02-15T21:57:46.315+0000] {processor.py:840} INFO - DAG(s) 'sakiga_ds_pipeline' retrieved from /opt/airflow/dags/sakiga_ds_pipeline.py
[2026-02-15T21:57:46.347+0000] {logging_mixin.py:188} INFO - [2026-02-15T21:57:46.346+0000] {dag.py:3047} INFO - Sync 1 DAGs
[2026-02-15T21:57:46.368+0000] {logging_mixin.py:188} INFO - [2026-02-15T21:57:46.367+0000] {dag.py:3834} INFO - Setting next_dagrun for sakiga_ds_pipeline to 2026-02-15 00:00:00+00:00, run_after=2026-02-16 00:00:00+00:00
[2026-02-15T21:57:46.407+0000] {processor.py:183} INFO - Processing /opt/airflow/dags/sakiga_ds_pipeline.py took 0.159 seconds
[2026-02-15T21:58:16.570+0000] {processor.py:161} INFO - Started process (PID=306) to work on /opt/airflow/dags/sakiga_ds_pipeline.py
[2026-02-15T21:58:16.572+0000] {processor.py:830} INFO - Processing file /opt/airflow/dags/sakiga_ds_pipeline.py for tasks to queue
[2026-02-15T21:58:16.574+0000] {logging_mixin.py:188} INFO - [2026-02-15T21:58:16.573+0000] {dagbag.py:540} INFO - Filling up the DagBag from /opt/airflow/dags/sakiga_ds_pipeline.py
[2026-02-15T21:58:16.597+0000] {processor.py:840} INFO - DAG(s) 'sakiga_ds_pipeline' retrieved from /opt/airflow/dags/sakiga_ds_pipeline.py
[2026-02-15T21:58:16.627+0000] {logging_mixin.py:188} INFO - [2026-02-15T21:58:16.626+0000] {dag.py:3047} INFO - Sync 1 DAGs
[2026-02-15T21:58:16.650+0000] {logging_mixin.py:188} INFO - [2026-02-15T21:58:16.650+0000] {dag.py:3834} INFO - Setting next_dagrun for sakiga_ds_pipeline to 2026-02-15 00:00:00+00:00, run_after=2026-02-16 00:00:00+00:00
[2026-02-15T21:58:16.691+0000] {processor.py:183} INFO - Processing /opt/airflow/dags/sakiga_ds_pipeline.py took 0.125 seconds
[2026-02-15T21:58:46.950+0000] {processor.py:161} INFO - Started process (PID=307) to work on /opt/airflow/dags/sakiga_ds_pipeline.py
[2026-02-15T21:58:46.952+0000] {processor.py:830} INFO - Processing file /opt/airflow/dags/sakiga_ds_pipeline.py for tasks to queue
[2026-02-15T21:58:46.954+0000] {logging_mixin.py:188} INFO - [2026-02-15T21:58:46.953+0000] {dagbag.py:540} INFO - Filling up the DagBag from /opt/airflow/dags/sakiga_ds_pipeline.py
[2026-02-15T21:58:46.979+0000] {processor.py:840} INFO - DAG(s) 'sakiga_ds_pipeline' retrieved from /opt/airflow/dags/sakiga_ds_pipeline.py
[2026-02-15T21:58:47.013+0000] {logging_mixin.py:188} INFO - [2026-02-15T21:58:47.013+0000] {dag.py:3047} INFO - Sync 1 DAGs
[2026-02-15T21:58:47.037+0000] {logging_mixin.py:188} INFO - [2026-02-15T21:58:47.037+0000] {dag.py:3834} INFO - Setting next_dagrun for sakiga_ds_pipeline to 2026-02-15 00:00:00+00:00, run_after=2026-02-16 00:00:00+00:00
[2026-02-15T21:58:47.069+0000] {processor.py:183} INFO - Processing /opt/airflow/dags/sakiga_ds_pipeline.py took 0.123 seconds
[2026-02-15T21:59:17.300+0000] {processor.py:161} INFO - Started process (PID=308) to work on /opt/airflow/dags/sakiga_ds_pipeline.py
[2026-02-15T21:59:17.301+0000] {processor.py:830} INFO - Processing file /opt/airflow/dags/sakiga_ds_pipeline.py for tasks to queue
[2026-02-15T21:59:17.303+0000] {logging_mixin.py:188} INFO - [2026-02-15T21:59:17.302+0000] {dagbag.py:540} INFO - Filling up the DagBag from /opt/airflow/dags/sakiga_ds_pipeline.py
[2026-02-15T21:59:17.329+0000] {processor.py:840} INFO - DAG(s) 'sakiga_ds_pipeline' retrieved from /opt/airflow/dags/sakiga_ds_pipeline.py
[2026-02-15T21:59:17.359+0000] {logging_mixin.py:188} INFO - [2026-02-15T21:59:17.359+0000] {dag.py:3047} INFO - Sync 1 DAGs
[2026-02-15T21:59:17.379+0000] {logging_mixin.py:188} INFO - [2026-02-15T21:59:17.379+0000] {dag.py:3834} INFO - Setting next_dagrun for sakiga_ds_pipeline to 2026-02-15 00:00:00+00:00, run_after=2026-02-16 00:00:00+00:00
[2026-02-15T21:59:17.412+0000] {processor.py:183} INFO - Processing /opt/airflow/dags/sakiga_ds_pipeline.py took 0.117 seconds
[2026-02-15T21:59:47.686+0000] {processor.py:161} INFO - Started process (PID=309) to work on /opt/airflow/dags/sakiga_ds_pipeline.py
[2026-02-15T21:59:47.688+0000] {processor.py:830} INFO - Processing file /opt/airflow/dags/sakiga_ds_pipeline.py for tasks to queue
[2026-02-15T21:59:47.689+0000] {logging_mixin.py:188} INFO - [2026-02-15T21:59:47.689+0000] {dagbag.py:540} INFO - Filling up the DagBag from /opt/airflow/dags/sakiga_ds_pipeline.py
[2026-02-15T21:59:47.715+0000] {processor.py:840} INFO - DAG(s) 'sakiga_ds_pipeline' retrieved from /opt/airflow/dags/sakiga_ds_pipeline.py
[2026-02-15T21:59:47.745+0000] {logging_mixin.py:188} INFO - [2026-02-15T21:59:47.744+0000] {dag.py:3047} INFO - Sync 1 DAGs
[2026-02-15T21:59:47.765+0000] {logging_mixin.py:188} INFO - [2026-02-15T21:59:47.765+0000] {dag.py:3834} INFO - Setting next_dagrun for sakiga_ds_pipeline to 2026-02-15 00:00:00+00:00, run_after=2026-02-16 00:00:00+00:00
[2026-02-15T21:59:47.795+0000] {processor.py:183} INFO - Processing /opt/airflow/dags/sakiga_ds_pipeline.py took 0.117 seconds
[2026-02-15T22:00:17.960+0000] {processor.py:161} INFO - Started process (PID=310) to work on /opt/airflow/dags/sakiga_ds_pipeline.py
[2026-02-15T22:00:17.962+0000] {processor.py:830} INFO - Processing file /opt/airflow/dags/sakiga_ds_pipeline.py for tasks to queue
[2026-02-15T22:00:17.964+0000] {logging_mixin.py:188} INFO - [2026-02-15T22:00:17.963+0000] {dagbag.py:540} INFO - Filling up the DagBag from /opt/airflow/dags/sakiga_ds_pipeline.py
[2026-02-15T22:00:17.991+0000] {processor.py:840} INFO - DAG(s) 'sakiga_ds_pipeline' retrieved from /opt/airflow/dags/sakiga_ds_pipeline.py
[2026-02-15T22:00:18.025+0000] {logging_mixin.py:188} INFO - [2026-02-15T22:00:18.025+0000] {dag.py:3047} INFO - Sync 1 DAGs
[2026-02-15T22:00:18.047+0000] {logging_mixin.py:188} INFO - [2026-02-15T22:00:18.047+0000] {dag.py:3834} INFO - Setting next_dagrun for sakiga_ds_pipeline to 2026-02-15 00:00:00+00:00, run_after=2026-02-16 00:00:00+00:00
[2026-02-15T22:00:18.078+0000] {processor.py:183} INFO - Processing /opt/airflow/dags/sakiga_ds_pipeline.py took 0.124 seconds
[2026-02-15T22:00:48.297+0000] {processor.py:161} INFO - Started process (PID=311) to work on /opt/airflow/dags/sakiga_ds_pipeline.py
[2026-02-15T22:00:48.299+0000] {processor.py:830} INFO - Processing file /opt/airflow/dags/sakiga_ds_pipeline.py for tasks to queue
[2026-02-15T22:00:48.301+0000] {logging_mixin.py:188} INFO - [2026-02-15T22:00:48.300+0000] {dagbag.py:540} INFO - Filling up the DagBag from /opt/airflow/dags/sakiga_ds_pipeline.py
[2026-02-15T22:00:48.325+0000] {processor.py:840} INFO - DAG(s) 'sakiga_ds_pipeline' retrieved from /opt/airflow/dags/sakiga_ds_pipeline.py
[2026-02-15T22:00:48.354+0000] {logging_mixin.py:188} INFO - [2026-02-15T22:00:48.354+0000] {dag.py:3047} INFO - Sync 1 DAGs
[2026-02-15T22:00:48.380+0000] {logging_mixin.py:188} INFO - [2026-02-15T22:00:48.379+0000] {dag.py:3834} INFO - Setting next_dagrun for sakiga_ds_pipeline to 2026-02-15 00:00:00+00:00, run_after=2026-02-16 00:00:00+00:00
[2026-02-15T22:00:48.423+0000] {processor.py:183} INFO - Processing /opt/airflow/dags/sakiga_ds_pipeline.py took 0.130 seconds
[2026-02-15T22:01:18.610+0000] {processor.py:161} INFO - Started process (PID=312) to work on /opt/airflow/dags/sakiga_ds_pipeline.py
[2026-02-15T22:01:18.612+0000] {processor.py:830} INFO - Processing file /opt/airflow/dags/sakiga_ds_pipeline.py for tasks to queue
[2026-02-15T22:01:18.613+0000] {logging_mixin.py:188} INFO - [2026-02-15T22:01:18.613+0000] {dagbag.py:540} INFO - Filling up the DagBag from /opt/airflow/dags/sakiga_ds_pipeline.py
[2026-02-15T22:01:18.640+0000] {processor.py:840} INFO - DAG(s) 'sakiga_ds_pipeline' retrieved from /opt/airflow/dags/sakiga_ds_pipeline.py
[2026-02-15T22:01:18.671+0000] {logging_mixin.py:188} INFO - [2026-02-15T22:01:18.671+0000] {dag.py:3047} INFO - Sync 1 DAGs
[2026-02-15T22:01:18.690+0000] {logging_mixin.py:188} INFO - [2026-02-15T22:01:18.690+0000] {dag.py:3834} INFO - Setting next_dagrun for sakiga_ds_pipeline to 2026-02-15 00:00:00+00:00, run_after=2026-02-16 00:00:00+00:00
[2026-02-15T22:01:18.720+0000] {processor.py:183} INFO - Processing /opt/airflow/dags/sakiga_ds_pipeline.py took 0.114 seconds
[2026-02-15T22:01:48.889+0000] {processor.py:161} INFO - Started process (PID=313) to work on /opt/airflow/dags/sakiga_ds_pipeline.py
[2026-02-15T22:01:48.891+0000] {processor.py:830} INFO - Processing file /opt/airflow/dags/sakiga_ds_pipeline.py for tasks to queue
[2026-02-15T22:01:48.893+0000] {logging_mixin.py:188} INFO - [2026-02-15T22:01:48.892+0000] {dagbag.py:540} INFO - Filling up the DagBag from /opt/airflow/dags/sakiga_ds_pipeline.py
[2026-02-15T22:01:48.943+0000] {processor.py:840} INFO - DAG(s) 'sakiga_ds_pipeline' retrieved from /opt/airflow/dags/sakiga_ds_pipeline.py
[2026-02-15T22:01:48.991+0000] {logging_mixin.py:188} INFO - [2026-02-15T22:01:48.991+0000] {dag.py:3047} INFO - Sync 1 DAGs
[2026-02-15T22:01:49.018+0000] {logging_mixin.py:188} INFO - [2026-02-15T22:01:49.018+0000] {dag.py:3834} INFO - Setting next_dagrun for sakiga_ds_pipeline to 2026-02-15 00:00:00+00:00, run_after=2026-02-16 00:00:00+00:00
[2026-02-15T22:01:49.055+0000] {processor.py:183} INFO - Processing /opt/airflow/dags/sakiga_ds_pipeline.py took 0.170 seconds
[2026-02-15T22:02:19.203+0000] {processor.py:161} INFO - Started process (PID=314) to work on /opt/airflow/dags/sakiga_ds_pipeline.py
[2026-02-15T22:02:19.205+0000] {processor.py:830} INFO - Processing file /opt/airflow/dags/sakiga_ds_pipeline.py for tasks to queue
[2026-02-15T22:02:19.207+0000] {logging_mixin.py:188} INFO - [2026-02-15T22:02:19.207+0000] {dagbag.py:540} INFO - Filling up the DagBag from /opt/airflow/dags/sakiga_ds_pipeline.py
[2026-02-15T22:02:19.232+0000] {processor.py:840} INFO - DAG(s) 'sakiga_ds_pipeline' retrieved from /opt/airflow/dags/sakiga_ds_pipeline.py
[2026-02-15T22:02:19.265+0000] {logging_mixin.py:188} INFO - [2026-02-15T22:02:19.265+0000] {dag.py:3047} INFO - Sync 1 DAGs
[2026-02-15T22:02:19.287+0000] {logging_mixin.py:188} INFO - [2026-02-15T22:02:19.286+0000] {dag.py:3834} INFO - Setting next_dagrun for sakiga_ds_pipeline to 2026-02-15 00:00:00+00:00, run_after=2026-02-16 00:00:00+00:00
[2026-02-15T22:02:19.321+0000] {processor.py:183} INFO - Processing /opt/airflow/dags/sakiga_ds_pipeline.py took 0.123 seconds
[2026-02-15T22:02:49.539+0000] {processor.py:161} INFO - Started process (PID=315) to work on /opt/airflow/dags/sakiga_ds_pipeline.py
[2026-02-15T22:02:49.541+0000] {processor.py:830} INFO - Processing file /opt/airflow/dags/sakiga_ds_pipeline.py for tasks to queue
[2026-02-15T22:02:49.543+0000] {logging_mixin.py:188} INFO - [2026-02-15T22:02:49.542+0000] {dagbag.py:540} INFO - Filling up the DagBag from /opt/airflow/dags/sakiga_ds_pipeline.py
[2026-02-15T22:02:49.567+0000] {processor.py:840} INFO - DAG(s) 'sakiga_ds_pipeline' retrieved from /opt/airflow/dags/sakiga_ds_pipeline.py
[2026-02-15T22:02:49.598+0000] {logging_mixin.py:188} INFO - [2026-02-15T22:02:49.598+0000] {dag.py:3047} INFO - Sync 1 DAGs
[2026-02-15T22:02:49.620+0000] {logging_mixin.py:188} INFO - [2026-02-15T22:02:49.620+0000] {dag.py:3834} INFO - Setting next_dagrun for sakiga_ds_pipeline to 2026-02-15 00:00:00+00:00, run_after=2026-02-16 00:00:00+00:00
[2026-02-15T22:02:49.657+0000] {processor.py:183} INFO - Processing /opt/airflow/dags/sakiga_ds_pipeline.py took 0.124 seconds
[2026-02-15T22:03:19.859+0000] {processor.py:161} INFO - Started process (PID=316) to work on /opt/airflow/dags/sakiga_ds_pipeline.py
[2026-02-15T22:03:19.861+0000] {processor.py:830} INFO - Processing file /opt/airflow/dags/sakiga_ds_pipeline.py for tasks to queue
[2026-02-15T22:03:19.863+0000] {logging_mixin.py:188} INFO - [2026-02-15T22:03:19.862+0000] {dagbag.py:540} INFO - Filling up the DagBag from /opt/airflow/dags/sakiga_ds_pipeline.py
[2026-02-15T22:03:19.887+0000] {processor.py:840} INFO - DAG(s) 'sakiga_ds_pipeline' retrieved from /opt/airflow/dags/sakiga_ds_pipeline.py
[2026-02-15T22:03:19.917+0000] {logging_mixin.py:188} INFO - [2026-02-15T22:03:19.917+0000] {dag.py:3047} INFO - Sync 1 DAGs
[2026-02-15T22:03:19.948+0000] {logging_mixin.py:188} INFO - [2026-02-15T22:03:19.948+0000] {dag.py:3834} INFO - Setting next_dagrun for sakiga_ds_pipeline to 2026-02-15 00:00:00+00:00, run_after=2026-02-16 00:00:00+00:00
[2026-02-15T22:03:19.981+0000] {processor.py:183} INFO - Processing /opt/airflow/dags/sakiga_ds_pipeline.py took 0.126 seconds
[2026-02-15T22:03:50.231+0000] {processor.py:161} INFO - Started process (PID=317) to work on /opt/airflow/dags/sakiga_ds_pipeline.py
[2026-02-15T22:03:50.234+0000] {processor.py:830} INFO - Processing file /opt/airflow/dags/sakiga_ds_pipeline.py for tasks to queue
[2026-02-15T22:03:50.238+0000] {logging_mixin.py:188} INFO - [2026-02-15T22:03:50.237+0000] {dagbag.py:540} INFO - Filling up the DagBag from /opt/airflow/dags/sakiga_ds_pipeline.py
[2026-02-15T22:03:50.265+0000] {processor.py:840} INFO - DAG(s) 'sakiga_ds_pipeline' retrieved from /opt/airflow/dags/sakiga_ds_pipeline.py
[2026-02-15T22:03:50.313+0000] {logging_mixin.py:188} INFO - [2026-02-15T22:03:50.313+0000] {dag.py:3047} INFO - Sync 1 DAGs
[2026-02-15T22:03:50.383+0000] {logging_mixin.py:188} INFO - [2026-02-15T22:03:50.383+0000] {dag.py:3834} INFO - Setting next_dagrun for sakiga_ds_pipeline to 2026-02-15 00:00:00+00:00, run_after=2026-02-16 00:00:00+00:00
[2026-02-15T22:03:50.433+0000] {processor.py:183} INFO - Processing /opt/airflow/dags/sakiga_ds_pipeline.py took 0.206 seconds
[2026-02-15T22:04:20.689+0000] {processor.py:161} INFO - Started process (PID=318) to work on /opt/airflow/dags/sakiga_ds_pipeline.py
[2026-02-15T22:04:20.691+0000] {processor.py:830} INFO - Processing file /opt/airflow/dags/sakiga_ds_pipeline.py for tasks to queue
[2026-02-15T22:04:20.693+0000] {logging_mixin.py:188} INFO - [2026-02-15T22:04:20.692+0000] {dagbag.py:540} INFO - Filling up the DagBag from /opt/airflow/dags/sakiga_ds_pipeline.py
[2026-02-15T22:04:20.714+0000] {processor.py:840} INFO - DAG(s) 'sakiga_ds_pipeline' retrieved from /opt/airflow/dags/sakiga_ds_pipeline.py
[2026-02-15T22:04:20.744+0000] {logging_mixin.py:188} INFO - [2026-02-15T22:04:20.744+0000] {dag.py:3047} INFO - Sync 1 DAGs
[2026-02-15T22:04:20.767+0000] {logging_mixin.py:188} INFO - [2026-02-15T22:04:20.767+0000] {dag.py:3834} INFO - Setting next_dagrun for sakiga_ds_pipeline to 2026-02-15 00:00:00+00:00, run_after=2026-02-16 00:00:00+00:00
[2026-02-15T22:04:20.795+0000] {processor.py:183} INFO - Processing /opt/airflow/dags/sakiga_ds_pipeline.py took 0.110 seconds
[2026-02-15T22:05:25.767+0000] {processor.py:161} INFO - Started process (PID=387) to work on /opt/airflow/dags/sakiga_ds_pipeline.py
[2026-02-15T22:05:25.769+0000] {processor.py:830} INFO - Processing file /opt/airflow/dags/sakiga_ds_pipeline.py for tasks to queue
[2026-02-15T22:05:25.771+0000] {logging_mixin.py:188} INFO - [2026-02-15T22:05:25.770+0000] {dagbag.py:540} INFO - Filling up the DagBag from /opt/airflow/dags/sakiga_ds_pipeline.py
[2026-02-15T22:05:25.794+0000] {processor.py:840} INFO - DAG(s) 'sakiga_ds_pipeline' retrieved from /opt/airflow/dags/sakiga_ds_pipeline.py
[2026-02-15T22:05:25.827+0000] {logging_mixin.py:188} INFO - [2026-02-15T22:05:25.827+0000] {dag.py:3047} INFO - Sync 1 DAGs
[2026-02-15T22:05:25.848+0000] {logging_mixin.py:188} INFO - [2026-02-15T22:05:25.848+0000] {dag.py:3834} INFO - Setting next_dagrun for sakiga_ds_pipeline to 2026-02-15 00:00:00+00:00, run_after=2026-02-16 00:00:00+00:00
[2026-02-15T22:05:25.880+0000] {processor.py:183} INFO - Processing /opt/airflow/dags/sakiga_ds_pipeline.py took 0.118 seconds
[2026-02-15T22:05:56.297+0000] {processor.py:161} INFO - Started process (PID=410) to work on /opt/airflow/dags/sakiga_ds_pipeline.py
[2026-02-15T22:05:56.298+0000] {processor.py:830} INFO - Processing file /opt/airflow/dags/sakiga_ds_pipeline.py for tasks to queue
[2026-02-15T22:05:56.300+0000] {logging_mixin.py:188} INFO - [2026-02-15T22:05:56.300+0000] {dagbag.py:540} INFO - Filling up the DagBag from /opt/airflow/dags/sakiga_ds_pipeline.py
[2026-02-15T22:05:56.329+0000] {processor.py:840} INFO - DAG(s) 'sakiga_ds_pipeline' retrieved from /opt/airflow/dags/sakiga_ds_pipeline.py
[2026-02-15T22:05:56.370+0000] {logging_mixin.py:188} INFO - [2026-02-15T22:05:56.370+0000] {dag.py:3047} INFO - Sync 1 DAGs
[2026-02-15T22:05:56.394+0000] {logging_mixin.py:188} INFO - [2026-02-15T22:05:56.393+0000] {dag.py:3834} INFO - Setting next_dagrun for sakiga_ds_pipeline to 2026-02-15 00:00:00+00:00, run_after=2026-02-16 00:00:00+00:00
[2026-02-15T22:05:56.425+0000] {processor.py:183} INFO - Processing /opt/airflow/dags/sakiga_ds_pipeline.py took 0.133 seconds
[2026-02-15T22:06:26.808+0000] {processor.py:161} INFO - Started process (PID=411) to work on /opt/airflow/dags/sakiga_ds_pipeline.py
[2026-02-15T22:06:26.810+0000] {processor.py:830} INFO - Processing file /opt/airflow/dags/sakiga_ds_pipeline.py for tasks to queue
[2026-02-15T22:06:26.811+0000] {logging_mixin.py:188} INFO - [2026-02-15T22:06:26.811+0000] {dagbag.py:540} INFO - Filling up the DagBag from /opt/airflow/dags/sakiga_ds_pipeline.py
[2026-02-15T22:06:26.837+0000] {processor.py:840} INFO - DAG(s) 'sakiga_ds_pipeline' retrieved from /opt/airflow/dags/sakiga_ds_pipeline.py
[2026-02-15T22:06:26.867+0000] {logging_mixin.py:188} INFO - [2026-02-15T22:06:26.867+0000] {dag.py:3047} INFO - Sync 1 DAGs
[2026-02-15T22:06:26.886+0000] {logging_mixin.py:188} INFO - [2026-02-15T22:06:26.886+0000] {dag.py:3834} INFO - Setting next_dagrun for sakiga_ds_pipeline to 2026-02-15 00:00:00+00:00, run_after=2026-02-16 00:00:00+00:00
[2026-02-15T22:06:26.916+0000] {processor.py:183} INFO - Processing /opt/airflow/dags/sakiga_ds_pipeline.py took 0.112 seconds
[2026-02-15T22:06:58.029+0000] {processor.py:161} INFO - Started process (PID=412) to work on /opt/airflow/dags/sakiga_ds_pipeline.py
[2026-02-15T22:06:58.030+0000] {processor.py:830} INFO - Processing file /opt/airflow/dags/sakiga_ds_pipeline.py for tasks to queue
[2026-02-15T22:06:58.032+0000] {logging_mixin.py:188} INFO - [2026-02-15T22:06:58.031+0000] {dagbag.py:540} INFO - Filling up the DagBag from /opt/airflow/dags/sakiga_ds_pipeline.py
[2026-02-15T22:06:58.057+0000] {processor.py:840} INFO - DAG(s) 'sakiga_ds_pipeline' retrieved from /opt/airflow/dags/sakiga_ds_pipeline.py
[2026-02-15T22:06:58.089+0000] {logging_mixin.py:188} INFO - [2026-02-15T22:06:58.089+0000] {dag.py:3047} INFO - Sync 1 DAGs
[2026-02-15T22:06:58.112+0000] {logging_mixin.py:188} INFO - [2026-02-15T22:06:58.112+0000] {dag.py:3834} INFO - Setting next_dagrun for sakiga_ds_pipeline to 2026-02-15 00:00:00+00:00, run_after=2026-02-16 00:00:00+00:00
[2026-02-15T22:06:58.145+0000] {processor.py:183} INFO - Processing /opt/airflow/dags/sakiga_ds_pipeline.py took 0.120 seconds
[2026-02-15T22:07:28.314+0000] {processor.py:161} INFO - Started process (PID=413) to work on /opt/airflow/dags/sakiga_ds_pipeline.py
[2026-02-15T22:07:28.316+0000] {processor.py:830} INFO - Processing file /opt/airflow/dags/sakiga_ds_pipeline.py for tasks to queue
[2026-02-15T22:07:28.317+0000] {logging_mixin.py:188} INFO - [2026-02-15T22:07:28.317+0000] {dagbag.py:540} INFO - Filling up the DagBag from /opt/airflow/dags/sakiga_ds_pipeline.py
[2026-02-15T22:07:28.346+0000] {processor.py:840} INFO - DAG(s) 'sakiga_ds_pipeline' retrieved from /opt/airflow/dags/sakiga_ds_pipeline.py
[2026-02-15T22:07:28.380+0000] {logging_mixin.py:188} INFO - [2026-02-15T22:07:28.379+0000] {dag.py:3047} INFO - Sync 1 DAGs
[2026-02-15T22:07:28.401+0000] {logging_mixin.py:188} INFO - [2026-02-15T22:07:28.401+0000] {dag.py:3834} INFO - Setting next_dagrun for sakiga_ds_pipeline to 2026-02-15 00:00:00+00:00, run_after=2026-02-16 00:00:00+00:00
[2026-02-15T22:07:28.429+0000] {processor.py:183} INFO - Processing /opt/airflow/dags/sakiga_ds_pipeline.py took 0.121 seconds
[2026-02-15T22:07:58.620+0000] {processor.py:161} INFO - Started process (PID=414) to work on /opt/airflow/dags/sakiga_ds_pipeline.py
[2026-02-15T22:07:58.623+0000] {processor.py:830} INFO - Processing file /opt/airflow/dags/sakiga_ds_pipeline.py for tasks to queue
[2026-02-15T22:07:58.624+0000] {logging_mixin.py:188} INFO - [2026-02-15T22:07:58.624+0000] {dagbag.py:540} INFO - Filling up the DagBag from /opt/airflow/dags/sakiga_ds_pipeline.py
[2026-02-15T22:07:58.648+0000] {processor.py:840} INFO - DAG(s) 'sakiga_ds_pipeline' retrieved from /opt/airflow/dags/sakiga_ds_pipeline.py
[2026-02-15T22:07:58.678+0000] {logging_mixin.py:188} INFO - [2026-02-15T22:07:58.678+0000] {dag.py:3047} INFO - Sync 1 DAGs
[2026-02-15T22:07:58.703+0000] {logging_mixin.py:188} INFO - [2026-02-15T22:07:58.703+0000] {dag.py:3834} INFO - Setting next_dagrun for sakiga_ds_pipeline to 2026-02-15 00:00:00+00:00, run_after=2026-02-16 00:00:00+00:00
[2026-02-15T22:07:58.731+0000] {processor.py:183} INFO - Processing /opt/airflow/dags/sakiga_ds_pipeline.py took 0.116 seconds
[2026-02-15T22:08:28.941+0000] {processor.py:161} INFO - Started process (PID=415) to work on /opt/airflow/dags/sakiga_ds_pipeline.py
[2026-02-15T22:08:28.943+0000] {processor.py:830} INFO - Processing file /opt/airflow/dags/sakiga_ds_pipeline.py for tasks to queue
[2026-02-15T22:08:28.944+0000] {logging_mixin.py:188} INFO - [2026-02-15T22:08:28.944+0000] {dagbag.py:540} INFO - Filling up the DagBag from /opt/airflow/dags/sakiga_ds_pipeline.py
[2026-02-15T22:08:28.968+0000] {processor.py:840} INFO - DAG(s) 'sakiga_ds_pipeline' retrieved from /opt/airflow/dags/sakiga_ds_pipeline.py
[2026-02-15T22:08:28.998+0000] {logging_mixin.py:188} INFO - [2026-02-15T22:08:28.997+0000] {dag.py:3047} INFO - Sync 1 DAGs
[2026-02-15T22:08:29.018+0000] {logging_mixin.py:188} INFO - [2026-02-15T22:08:29.017+0000] {dag.py:3834} INFO - Setting next_dagrun for sakiga_ds_pipeline to 2026-02-15 00:00:00+00:00, run_after=2026-02-16 00:00:00+00:00
[2026-02-15T22:08:29.046+0000] {processor.py:183} INFO - Processing /opt/airflow/dags/sakiga_ds_pipeline.py took 0.109 seconds
[2026-02-15T22:08:59.276+0000] {processor.py:161} INFO - Started process (PID=416) to work on /opt/airflow/dags/sakiga_ds_pipeline.py
[2026-02-15T22:08:59.278+0000] {processor.py:830} INFO - Processing file /opt/airflow/dags/sakiga_ds_pipeline.py for tasks to queue
[2026-02-15T22:08:59.279+0000] {logging_mixin.py:188} INFO - [2026-02-15T22:08:59.279+0000] {dagbag.py:540} INFO - Filling up the DagBag from /opt/airflow/dags/sakiga_ds_pipeline.py
[2026-02-15T22:08:59.305+0000] {processor.py:840} INFO - DAG(s) 'sakiga_ds_pipeline' retrieved from /opt/airflow/dags/sakiga_ds_pipeline.py
[2026-02-15T22:08:59.339+0000] {logging_mixin.py:188} INFO - [2026-02-15T22:08:59.339+0000] {dag.py:3047} INFO - Sync 1 DAGs
[2026-02-15T22:08:59.360+0000] {logging_mixin.py:188} INFO - [2026-02-15T22:08:59.360+0000] {dag.py:3834} INFO - Setting next_dagrun for sakiga_ds_pipeline to 2026-02-15 00:00:00+00:00, run_after=2026-02-16 00:00:00+00:00
[2026-02-15T22:08:59.390+0000] {processor.py:183} INFO - Processing /opt/airflow/dags/sakiga_ds_pipeline.py took 0.118 seconds
[2026-02-15T22:09:29.600+0000] {processor.py:161} INFO - Started process (PID=417) to work on /opt/airflow/dags/sakiga_ds_pipeline.py
[2026-02-15T22:09:29.602+0000] {processor.py:830} INFO - Processing file /opt/airflow/dags/sakiga_ds_pipeline.py for tasks to queue
[2026-02-15T22:09:29.604+0000] {logging_mixin.py:188} INFO - [2026-02-15T22:09:29.603+0000] {dagbag.py:540} INFO - Filling up the DagBag from /opt/airflow/dags/sakiga_ds_pipeline.py
[2026-02-15T22:09:29.631+0000] {processor.py:840} INFO - DAG(s) 'sakiga_ds_pipeline' retrieved from /opt/airflow/dags/sakiga_ds_pipeline.py
[2026-02-15T22:09:29.662+0000] {logging_mixin.py:188} INFO - [2026-02-15T22:09:29.661+0000] {dag.py:3047} INFO - Sync 1 DAGs
[2026-02-15T22:09:29.681+0000] {logging_mixin.py:188} INFO - [2026-02-15T22:09:29.681+0000] {dag.py:3834} INFO - Setting next_dagrun for sakiga_ds_pipeline to 2026-02-15 00:00:00+00:00, run_after=2026-02-16 00:00:00+00:00
[2026-02-15T22:09:29.713+0000] {processor.py:183} INFO - Processing /opt/airflow/dags/sakiga_ds_pipeline.py took 0.117 seconds
[2026-02-15T22:09:59.933+0000] {processor.py:161} INFO - Started process (PID=418) to work on /opt/airflow/dags/sakiga_ds_pipeline.py
[2026-02-15T22:09:59.935+0000] {processor.py:830} INFO - Processing file /opt/airflow/dags/sakiga_ds_pipeline.py for tasks to queue
[2026-02-15T22:09:59.937+0000] {logging_mixin.py:188} INFO - [2026-02-15T22:09:59.936+0000] {dagbag.py:540} INFO - Filling up the DagBag from /opt/airflow/dags/sakiga_ds_pipeline.py
[2026-02-15T22:09:59.966+0000] {processor.py:840} INFO - DAG(s) 'sakiga_ds_pipeline' retrieved from /opt/airflow/dags/sakiga_ds_pipeline.py
[2026-02-15T22:10:00.003+0000] {logging_mixin.py:188} INFO - [2026-02-15T22:10:00.002+0000] {dag.py:3047} INFO - Sync 1 DAGs
[2026-02-15T22:10:00.026+0000] {logging_mixin.py:188} INFO - [2026-02-15T22:10:00.025+0000] {dag.py:3834} INFO - Setting next_dagrun for sakiga_ds_pipeline to 2026-02-15 00:00:00+00:00, run_after=2026-02-16 00:00:00+00:00
[2026-02-15T22:10:00.055+0000] {processor.py:183} INFO - Processing /opt/airflow/dags/sakiga_ds_pipeline.py took 0.128 seconds
[2026-02-15T22:10:30.216+0000] {processor.py:161} INFO - Started process (PID=419) to work on /opt/airflow/dags/sakiga_ds_pipeline.py
[2026-02-15T22:10:30.218+0000] {processor.py:830} INFO - Processing file /opt/airflow/dags/sakiga_ds_pipeline.py for tasks to queue
[2026-02-15T22:10:30.219+0000] {logging_mixin.py:188} INFO - [2026-02-15T22:10:30.219+0000] {dagbag.py:540} INFO - Filling up the DagBag from /opt/airflow/dags/sakiga_ds_pipeline.py
[2026-02-15T22:10:30.242+0000] {processor.py:840} INFO - DAG(s) 'sakiga_ds_pipeline' retrieved from /opt/airflow/dags/sakiga_ds_pipeline.py
[2026-02-15T22:10:30.271+0000] {logging_mixin.py:188} INFO - [2026-02-15T22:10:30.271+0000] {dag.py:3047} INFO - Sync 1 DAGs
[2026-02-15T22:10:30.292+0000] {logging_mixin.py:188} INFO - [2026-02-15T22:10:30.292+0000] {dag.py:3834} INFO - Setting next_dagrun for sakiga_ds_pipeline to 2026-02-15 00:00:00+00:00, run_after=2026-02-16 00:00:00+00:00
[2026-02-15T22:10:30.322+0000] {processor.py:183} INFO - Processing /opt/airflow/dags/sakiga_ds_pipeline.py took 0.110 seconds
[2026-02-15T22:11:00.512+0000] {processor.py:161} INFO - Started process (PID=420) to work on /opt/airflow/dags/sakiga_ds_pipeline.py
[2026-02-15T22:11:00.513+0000] {processor.py:830} INFO - Processing file /opt/airflow/dags/sakiga_ds_pipeline.py for tasks to queue
[2026-02-15T22:11:00.515+0000] {logging_mixin.py:188} INFO - [2026-02-15T22:11:00.514+0000] {dagbag.py:540} INFO - Filling up the DagBag from /opt/airflow/dags/sakiga_ds_pipeline.py
[2026-02-15T22:11:00.543+0000] {processor.py:840} INFO - DAG(s) 'sakiga_ds_pipeline' retrieved from /opt/airflow/dags/sakiga_ds_pipeline.py
[2026-02-15T22:11:00.579+0000] {logging_mixin.py:188} INFO - [2026-02-15T22:11:00.579+0000] {dag.py:3047} INFO - Sync 1 DAGs
[2026-02-15T22:11:00.603+0000] {logging_mixin.py:188} INFO - [2026-02-15T22:11:00.603+0000] {dag.py:3834} INFO - Setting next_dagrun for sakiga_ds_pipeline to 2026-02-15 00:00:00+00:00, run_after=2026-02-16 00:00:00+00:00
[2026-02-15T22:11:00.637+0000] {processor.py:183} INFO - Processing /opt/airflow/dags/sakiga_ds_pipeline.py took 0.130 seconds
[2026-02-15T22:11:30.819+0000] {processor.py:161} INFO - Started process (PID=421) to work on /opt/airflow/dags/sakiga_ds_pipeline.py
[2026-02-15T22:11:30.822+0000] {processor.py:830} INFO - Processing file /opt/airflow/dags/sakiga_ds_pipeline.py for tasks to queue
[2026-02-15T22:11:30.823+0000] {logging_mixin.py:188} INFO - [2026-02-15T22:11:30.823+0000] {dagbag.py:540} INFO - Filling up the DagBag from /opt/airflow/dags/sakiga_ds_pipeline.py
[2026-02-15T22:11:30.849+0000] {processor.py:840} INFO - DAG(s) 'sakiga_ds_pipeline' retrieved from /opt/airflow/dags/sakiga_ds_pipeline.py
[2026-02-15T22:11:30.879+0000] {logging_mixin.py:188} INFO - [2026-02-15T22:11:30.878+0000] {dag.py:3047} INFO - Sync 1 DAGs
[2026-02-15T22:11:30.898+0000] {logging_mixin.py:188} INFO - [2026-02-15T22:11:30.898+0000] {dag.py:3834} INFO - Setting next_dagrun for sakiga_ds_pipeline to 2026-02-15 00:00:00+00:00, run_after=2026-02-16 00:00:00+00:00
[2026-02-15T22:11:30.928+0000] {processor.py:183} INFO - Processing /opt/airflow/dags/sakiga_ds_pipeline.py took 0.114 seconds
[2026-02-15T22:12:01.155+0000] {processor.py:161} INFO - Started process (PID=422) to work on /opt/airflow/dags/sakiga_ds_pipeline.py
[2026-02-15T22:12:01.157+0000] {processor.py:830} INFO - Processing file /opt/airflow/dags/sakiga_ds_pipeline.py for tasks to queue
[2026-02-15T22:12:01.158+0000] {logging_mixin.py:188} INFO - [2026-02-15T22:12:01.158+0000] {dagbag.py:540} INFO - Filling up the DagBag from /opt/airflow/dags/sakiga_ds_pipeline.py
[2026-02-15T22:12:01.184+0000] {processor.py:840} INFO - DAG(s) 'sakiga_ds_pipeline' retrieved from /opt/airflow/dags/sakiga_ds_pipeline.py
[2026-02-15T22:12:01.217+0000] {logging_mixin.py:188} INFO - [2026-02-15T22:12:01.216+0000] {dag.py:3047} INFO - Sync 1 DAGs
[2026-02-15T22:12:01.239+0000] {logging_mixin.py:188} INFO - [2026-02-15T22:12:01.239+0000] {dag.py:3834} INFO - Setting next_dagrun for sakiga_ds_pipeline to 2026-02-15 00:00:00+00:00, run_after=2026-02-16 00:00:00+00:00
[2026-02-15T22:12:01.274+0000] {processor.py:183} INFO - Processing /opt/airflow/dags/sakiga_ds_pipeline.py took 0.124 seconds
[2026-02-15T22:12:31.444+0000] {processor.py:161} INFO - Started process (PID=423) to work on /opt/airflow/dags/sakiga_ds_pipeline.py
[2026-02-15T22:12:31.446+0000] {processor.py:830} INFO - Processing file /opt/airflow/dags/sakiga_ds_pipeline.py for tasks to queue
[2026-02-15T22:12:31.447+0000] {logging_mixin.py:188} INFO - [2026-02-15T22:12:31.447+0000] {dagbag.py:540} INFO - Filling up the DagBag from /opt/airflow/dags/sakiga_ds_pipeline.py
[2026-02-15T22:12:31.474+0000] {processor.py:840} INFO - DAG(s) 'sakiga_ds_pipeline' retrieved from /opt/airflow/dags/sakiga_ds_pipeline.py
[2026-02-15T22:12:31.509+0000] {logging_mixin.py:188} INFO - [2026-02-15T22:12:31.509+0000] {dag.py:3047} INFO - Sync 1 DAGs
[2026-02-15T22:12:31.534+0000] {logging_mixin.py:188} INFO - [2026-02-15T22:12:31.534+0000] {dag.py:3834} INFO - Setting next_dagrun for sakiga_ds_pipeline to 2026-02-15 00:00:00+00:00, run_after=2026-02-16 00:00:00+00:00
[2026-02-15T22:12:31.588+0000] {processor.py:183} INFO - Processing /opt/airflow/dags/sakiga_ds_pipeline.py took 0.149 seconds
[2026-02-15T22:13:01.728+0000] {processor.py:161} INFO - Started process (PID=424) to work on /opt/airflow/dags/sakiga_ds_pipeline.py
[2026-02-15T22:13:01.730+0000] {processor.py:830} INFO - Processing file /opt/airflow/dags/sakiga_ds_pipeline.py for tasks to queue
[2026-02-15T22:13:01.731+0000] {logging_mixin.py:188} INFO - [2026-02-15T22:13:01.731+0000] {dagbag.py:540} INFO - Filling up the DagBag from /opt/airflow/dags/sakiga_ds_pipeline.py
[2026-02-15T22:13:01.756+0000] {processor.py:840} INFO - DAG(s) 'sakiga_ds_pipeline' retrieved from /opt/airflow/dags/sakiga_ds_pipeline.py
[2026-02-15T22:13:01.788+0000] {logging_mixin.py:188} INFO - [2026-02-15T22:13:01.788+0000] {dag.py:3047} INFO - Sync 1 DAGs
[2026-02-15T22:13:01.810+0000] {logging_mixin.py:188} INFO - [2026-02-15T22:13:01.810+0000] {dag.py:3834} INFO - Setting next_dagrun for sakiga_ds_pipeline to 2026-02-15 00:00:00+00:00, run_after=2026-02-16 00:00:00+00:00
[2026-02-15T22:13:01.858+0000] {processor.py:183} INFO - Processing /opt/airflow/dags/sakiga_ds_pipeline.py took 0.134 seconds
[2026-02-15T22:13:32.058+0000] {processor.py:161} INFO - Started process (PID=425) to work on /opt/airflow/dags/sakiga_ds_pipeline.py
[2026-02-15T22:13:32.060+0000] {processor.py:830} INFO - Processing file /opt/airflow/dags/sakiga_ds_pipeline.py for tasks to queue
[2026-02-15T22:13:32.068+0000] {logging_mixin.py:188} INFO - [2026-02-15T22:13:32.068+0000] {dagbag.py:540} INFO - Filling up the DagBag from /opt/airflow/dags/sakiga_ds_pipeline.py
[2026-02-15T22:13:32.097+0000] {processor.py:840} INFO - DAG(s) 'sakiga_ds_pipeline' retrieved from /opt/airflow/dags/sakiga_ds_pipeline.py
[2026-02-15T22:13:32.128+0000] {logging_mixin.py:188} INFO - [2026-02-15T22:13:32.128+0000] {dag.py:3047} INFO - Sync 1 DAGs
[2026-02-15T22:13:32.149+0000] {logging_mixin.py:188} INFO - [2026-02-15T22:13:32.149+0000] {dag.py:3834} INFO - Setting next_dagrun for sakiga_ds_pipeline to 2026-02-15 00:00:00+00:00, run_after=2026-02-16 00:00:00+00:00
[2026-02-15T22:13:32.175+0000] {processor.py:183} INFO - Processing /opt/airflow/dags/sakiga_ds_pipeline.py took 0.122 seconds
[2026-02-15T22:14:02.359+0000] {processor.py:161} INFO - Started process (PID=426) to work on /opt/airflow/dags/sakiga_ds_pipeline.py
[2026-02-15T22:14:02.361+0000] {processor.py:830} INFO - Processing file /opt/airflow/dags/sakiga_ds_pipeline.py for tasks to queue
[2026-02-15T22:14:02.363+0000] {logging_mixin.py:188} INFO - [2026-02-15T22:14:02.362+0000] {dagbag.py:540} INFO - Filling up the DagBag from /opt/airflow/dags/sakiga_ds_pipeline.py
[2026-02-15T22:14:02.390+0000] {processor.py:840} INFO - DAG(s) 'sakiga_ds_pipeline' retrieved from /opt/airflow/dags/sakiga_ds_pipeline.py
[2026-02-15T22:14:02.424+0000] {logging_mixin.py:188} INFO - [2026-02-15T22:14:02.424+0000] {dag.py:3047} INFO - Sync 1 DAGs
[2026-02-15T22:14:02.446+0000] {logging_mixin.py:188} INFO - [2026-02-15T22:14:02.446+0000] {dag.py:3834} INFO - Setting next_dagrun for sakiga_ds_pipeline to 2026-02-15 00:00:00+00:00, run_after=2026-02-16 00:00:00+00:00
[2026-02-15T22:14:02.476+0000] {processor.py:183} INFO - Processing /opt/airflow/dags/sakiga_ds_pipeline.py took 0.122 seconds
[2026-02-15T22:14:32.678+0000] {processor.py:161} INFO - Started process (PID=427) to work on /opt/airflow/dags/sakiga_ds_pipeline.py
[2026-02-15T22:14:32.680+0000] {processor.py:830} INFO - Processing file /opt/airflow/dags/sakiga_ds_pipeline.py for tasks to queue
[2026-02-15T22:14:32.682+0000] {logging_mixin.py:188} INFO - [2026-02-15T22:14:32.681+0000] {dagbag.py:540} INFO - Filling up the DagBag from /opt/airflow/dags/sakiga_ds_pipeline.py
[2026-02-15T22:14:32.705+0000] {processor.py:840} INFO - DAG(s) 'sakiga_ds_pipeline' retrieved from /opt/airflow/dags/sakiga_ds_pipeline.py
[2026-02-15T22:14:32.734+0000] {logging_mixin.py:188} INFO - [2026-02-15T22:14:32.734+0000] {dag.py:3047} INFO - Sync 1 DAGs
[2026-02-15T22:14:32.755+0000] {logging_mixin.py:188} INFO - [2026-02-15T22:14:32.754+0000] {dag.py:3834} INFO - Setting next_dagrun for sakiga_ds_pipeline to 2026-02-15 00:00:00+00:00, run_after=2026-02-16 00:00:00+00:00
[2026-02-15T22:14:32.785+0000] {processor.py:183} INFO - Processing /opt/airflow/dags/sakiga_ds_pipeline.py took 0.111 seconds
[2026-02-15T22:15:02.982+0000] {processor.py:161} INFO - Started process (PID=428) to work on /opt/airflow/dags/sakiga_ds_pipeline.py
[2026-02-15T22:15:02.984+0000] {processor.py:830} INFO - Processing file /opt/airflow/dags/sakiga_ds_pipeline.py for tasks to queue
[2026-02-15T22:15:02.985+0000] {logging_mixin.py:188} INFO - [2026-02-15T22:15:02.985+0000] {dagbag.py:540} INFO - Filling up the DagBag from /opt/airflow/dags/sakiga_ds_pipeline.py
[2026-02-15T22:15:03.012+0000] {processor.py:840} INFO - DAG(s) 'sakiga_ds_pipeline' retrieved from /opt/airflow/dags/sakiga_ds_pipeline.py
[2026-02-15T22:15:03.042+0000] {logging_mixin.py:188} INFO - [2026-02-15T22:15:03.041+0000] {dag.py:3047} INFO - Sync 1 DAGs
[2026-02-15T22:15:03.061+0000] {logging_mixin.py:188} INFO - [2026-02-15T22:15:03.061+0000] {dag.py:3834} INFO - Setting next_dagrun for sakiga_ds_pipeline to 2026-02-15 00:00:00+00:00, run_after=2026-02-16 00:00:00+00:00
[2026-02-15T22:15:03.093+0000] {processor.py:183} INFO - Processing /opt/airflow/dags/sakiga_ds_pipeline.py took 0.116 seconds
[2026-02-15T22:15:33.297+0000] {processor.py:161} INFO - Started process (PID=429) to work on /opt/airflow/dags/sakiga_ds_pipeline.py
[2026-02-15T22:15:33.299+0000] {processor.py:830} INFO - Processing file /opt/airflow/dags/sakiga_ds_pipeline.py for tasks to queue
[2026-02-15T22:15:33.301+0000] {logging_mixin.py:188} INFO - [2026-02-15T22:15:33.300+0000] {dagbag.py:540} INFO - Filling up the DagBag from /opt/airflow/dags/sakiga_ds_pipeline.py
[2026-02-15T22:15:33.326+0000] {processor.py:840} INFO - DAG(s) 'sakiga_ds_pipeline' retrieved from /opt/airflow/dags/sakiga_ds_pipeline.py
[2026-02-15T22:15:33.356+0000] {logging_mixin.py:188} INFO - [2026-02-15T22:15:33.356+0000] {dag.py:3047} INFO - Sync 1 DAGs
[2026-02-15T22:15:33.376+0000] {logging_mixin.py:188} INFO - [2026-02-15T22:15:33.376+0000] {dag.py:3834} INFO - Setting next_dagrun for sakiga_ds_pipeline to 2026-02-15 00:00:00+00:00, run_after=2026-02-16 00:00:00+00:00
[2026-02-15T22:15:33.407+0000] {processor.py:183} INFO - Processing /opt/airflow/dags/sakiga_ds_pipeline.py took 0.113 seconds
[2026-02-15T22:16:03.607+0000] {processor.py:161} INFO - Started process (PID=430) to work on /opt/airflow/dags/sakiga_ds_pipeline.py
[2026-02-15T22:16:03.609+0000] {processor.py:830} INFO - Processing file /opt/airflow/dags/sakiga_ds_pipeline.py for tasks to queue
[2026-02-15T22:16:03.610+0000] {logging_mixin.py:188} INFO - [2026-02-15T22:16:03.610+0000] {dagbag.py:540} INFO - Filling up the DagBag from /opt/airflow/dags/sakiga_ds_pipeline.py
[2026-02-15T22:16:03.634+0000] {processor.py:840} INFO - DAG(s) 'sakiga_ds_pipeline' retrieved from /opt/airflow/dags/sakiga_ds_pipeline.py
[2026-02-15T22:16:03.664+0000] {logging_mixin.py:188} INFO - [2026-02-15T22:16:03.664+0000] {dag.py:3047} INFO - Sync 1 DAGs
[2026-02-15T22:16:03.684+0000] {logging_mixin.py:188} INFO - [2026-02-15T22:16:03.684+0000] {dag.py:3834} INFO - Setting next_dagrun for sakiga_ds_pipeline to 2026-02-15 00:00:00+00:00, run_after=2026-02-16 00:00:00+00:00
[2026-02-15T22:16:03.713+0000] {processor.py:183} INFO - Processing /opt/airflow/dags/sakiga_ds_pipeline.py took 0.110 seconds
[2026-02-15T22:16:33.938+0000] {processor.py:161} INFO - Started process (PID=431) to work on /opt/airflow/dags/sakiga_ds_pipeline.py
[2026-02-15T22:16:33.940+0000] {processor.py:830} INFO - Processing file /opt/airflow/dags/sakiga_ds_pipeline.py for tasks to queue
[2026-02-15T22:16:33.942+0000] {logging_mixin.py:188} INFO - [2026-02-15T22:16:33.941+0000] {dagbag.py:540} INFO - Filling up the DagBag from /opt/airflow/dags/sakiga_ds_pipeline.py
[2026-02-15T22:16:33.965+0000] {processor.py:840} INFO - DAG(s) 'sakiga_ds_pipeline' retrieved from /opt/airflow/dags/sakiga_ds_pipeline.py
[2026-02-15T22:16:34.000+0000] {logging_mixin.py:188} INFO - [2026-02-15T22:16:34.000+0000] {dag.py:3047} INFO - Sync 1 DAGs
[2026-02-15T22:16:34.024+0000] {logging_mixin.py:188} INFO - [2026-02-15T22:16:34.024+0000] {dag.py:3834} INFO - Setting next_dagrun for sakiga_ds_pipeline to 2026-02-15 00:00:00+00:00, run_after=2026-02-16 00:00:00+00:00
[2026-02-15T22:16:34.059+0000] {processor.py:183} INFO - Processing /opt/airflow/dags/sakiga_ds_pipeline.py took 0.125 seconds
[2026-02-15T22:17:04.220+0000] {processor.py:161} INFO - Started process (PID=432) to work on /opt/airflow/dags/sakiga_ds_pipeline.py
[2026-02-15T22:17:04.222+0000] {processor.py:830} INFO - Processing file /opt/airflow/dags/sakiga_ds_pipeline.py for tasks to queue
[2026-02-15T22:17:04.223+0000] {logging_mixin.py:188} INFO - [2026-02-15T22:17:04.223+0000] {dagbag.py:540} INFO - Filling up the DagBag from /opt/airflow/dags/sakiga_ds_pipeline.py
[2026-02-15T22:17:04.250+0000] {processor.py:840} INFO - DAG(s) 'sakiga_ds_pipeline' retrieved from /opt/airflow/dags/sakiga_ds_pipeline.py
[2026-02-15T22:17:04.290+0000] {logging_mixin.py:188} INFO - [2026-02-15T22:17:04.290+0000] {dag.py:3047} INFO - Sync 1 DAGs
[2026-02-15T22:17:04.312+0000] {logging_mixin.py:188} INFO - [2026-02-15T22:17:04.311+0000] {dag.py:3834} INFO - Setting next_dagrun for sakiga_ds_pipeline to 2026-02-15 00:00:00+00:00, run_after=2026-02-16 00:00:00+00:00
[2026-02-15T22:17:04.343+0000] {processor.py:183} INFO - Processing /opt/airflow/dags/sakiga_ds_pipeline.py took 0.128 seconds
[2026-02-15T22:17:34.507+0000] {processor.py:161} INFO - Started process (PID=433) to work on /opt/airflow/dags/sakiga_ds_pipeline.py
[2026-02-15T22:17:34.509+0000] {processor.py:830} INFO - Processing file /opt/airflow/dags/sakiga_ds_pipeline.py for tasks to queue
[2026-02-15T22:17:34.511+0000] {logging_mixin.py:188} INFO - [2026-02-15T22:17:34.510+0000] {dagbag.py:540} INFO - Filling up the DagBag from /opt/airflow/dags/sakiga_ds_pipeline.py
[2026-02-15T22:17:34.538+0000] {processor.py:840} INFO - DAG(s) 'sakiga_ds_pipeline' retrieved from /opt/airflow/dags/sakiga_ds_pipeline.py
[2026-02-15T22:17:34.577+0000] {logging_mixin.py:188} INFO - [2026-02-15T22:17:34.576+0000] {dag.py:3047} INFO - Sync 1 DAGs
[2026-02-15T22:17:34.600+0000] {logging_mixin.py:188} INFO - [2026-02-15T22:17:34.599+0000] {dag.py:3834} INFO - Setting next_dagrun for sakiga_ds_pipeline to 2026-02-15 00:00:00+00:00, run_after=2026-02-16 00:00:00+00:00
[2026-02-15T22:17:34.640+0000] {processor.py:183} INFO - Processing /opt/airflow/dags/sakiga_ds_pipeline.py took 0.139 seconds
[2026-02-15T22:18:04.789+0000] {processor.py:161} INFO - Started process (PID=434) to work on /opt/airflow/dags/sakiga_ds_pipeline.py
[2026-02-15T22:18:04.791+0000] {processor.py:830} INFO - Processing file /opt/airflow/dags/sakiga_ds_pipeline.py for tasks to queue
[2026-02-15T22:18:04.792+0000] {logging_mixin.py:188} INFO - [2026-02-15T22:18:04.792+0000] {dagbag.py:540} INFO - Filling up the DagBag from /opt/airflow/dags/sakiga_ds_pipeline.py
[2026-02-15T22:18:04.816+0000] {processor.py:840} INFO - DAG(s) 'sakiga_ds_pipeline' retrieved from /opt/airflow/dags/sakiga_ds_pipeline.py
[2026-02-15T22:18:04.846+0000] {logging_mixin.py:188} INFO - [2026-02-15T22:18:04.846+0000] {dag.py:3047} INFO - Sync 1 DAGs
[2026-02-15T22:18:04.866+0000] {logging_mixin.py:188} INFO - [2026-02-15T22:18:04.866+0000] {dag.py:3834} INFO - Setting next_dagrun for sakiga_ds_pipeline to 2026-02-15 00:00:00+00:00, run_after=2026-02-16 00:00:00+00:00
[2026-02-15T22:18:04.896+0000] {processor.py:183} INFO - Processing /opt/airflow/dags/sakiga_ds_pipeline.py took 0.111 seconds
[2026-02-15T22:18:35.094+0000] {processor.py:161} INFO - Started process (PID=435) to work on /opt/airflow/dags/sakiga_ds_pipeline.py
[2026-02-15T22:18:35.096+0000] {processor.py:830} INFO - Processing file /opt/airflow/dags/sakiga_ds_pipeline.py for tasks to queue
[2026-02-15T22:18:35.097+0000] {logging_mixin.py:188} INFO - [2026-02-15T22:18:35.097+0000] {dagbag.py:540} INFO - Filling up the DagBag from /opt/airflow/dags/sakiga_ds_pipeline.py
[2026-02-15T22:18:35.121+0000] {processor.py:840} INFO - DAG(s) 'sakiga_ds_pipeline' retrieved from /opt/airflow/dags/sakiga_ds_pipeline.py
[2026-02-15T22:18:35.151+0000] {logging_mixin.py:188} INFO - [2026-02-15T22:18:35.151+0000] {dag.py:3047} INFO - Sync 1 DAGs
[2026-02-15T22:18:35.170+0000] {logging_mixin.py:188} INFO - [2026-02-15T22:18:35.170+0000] {dag.py:3834} INFO - Setting next_dagrun for sakiga_ds_pipeline to 2026-02-15 00:00:00+00:00, run_after=2026-02-16 00:00:00+00:00
[2026-02-15T22:18:35.199+0000] {processor.py:183} INFO - Processing /opt/airflow/dags/sakiga_ds_pipeline.py took 0.109 seconds
[2026-02-15T22:19:05.416+0000] {processor.py:161} INFO - Started process (PID=436) to work on /opt/airflow/dags/sakiga_ds_pipeline.py
[2026-02-15T22:19:05.417+0000] {processor.py:830} INFO - Processing file /opt/airflow/dags/sakiga_ds_pipeline.py for tasks to queue
[2026-02-15T22:19:05.419+0000] {logging_mixin.py:188} INFO - [2026-02-15T22:19:05.418+0000] {dagbag.py:540} INFO - Filling up the DagBag from /opt/airflow/dags/sakiga_ds_pipeline.py
[2026-02-15T22:19:05.442+0000] {processor.py:840} INFO - DAG(s) 'sakiga_ds_pipeline' retrieved from /opt/airflow/dags/sakiga_ds_pipeline.py
[2026-02-15T22:19:05.473+0000] {logging_mixin.py:188} INFO - [2026-02-15T22:19:05.473+0000] {dag.py:3047} INFO - Sync 1 DAGs
[2026-02-15T22:19:05.497+0000] {logging_mixin.py:188} INFO - [2026-02-15T22:19:05.497+0000] {dag.py:3834} INFO - Setting next_dagrun for sakiga_ds_pipeline to 2026-02-15 00:00:00+00:00, run_after=2026-02-16 00:00:00+00:00
[2026-02-15T22:19:05.528+0000] {processor.py:183} INFO - Processing /opt/airflow/dags/sakiga_ds_pipeline.py took 0.116 seconds
[2026-02-15T22:19:35.716+0000] {processor.py:161} INFO - Started process (PID=437) to work on /opt/airflow/dags/sakiga_ds_pipeline.py
[2026-02-15T22:19:35.718+0000] {processor.py:830} INFO - Processing file /opt/airflow/dags/sakiga_ds_pipeline.py for tasks to queue
[2026-02-15T22:19:35.720+0000] {logging_mixin.py:188} INFO - [2026-02-15T22:19:35.719+0000] {dagbag.py:540} INFO - Filling up the DagBag from /opt/airflow/dags/sakiga_ds_pipeline.py
[2026-02-15T22:19:35.744+0000] {processor.py:840} INFO - DAG(s) 'sakiga_ds_pipeline' retrieved from /opt/airflow/dags/sakiga_ds_pipeline.py
[2026-02-15T22:19:35.774+0000] {logging_mixin.py:188} INFO - [2026-02-15T22:19:35.773+0000] {dag.py:3047} INFO - Sync 1 DAGs
[2026-02-15T22:19:35.794+0000] {logging_mixin.py:188} INFO - [2026-02-15T22:19:35.794+0000] {dag.py:3834} INFO - Setting next_dagrun for sakiga_ds_pipeline to 2026-02-15 00:00:00+00:00, run_after=2026-02-16 00:00:00+00:00
[2026-02-15T22:19:35.824+0000] {processor.py:183} INFO - Processing /opt/airflow/dags/sakiga_ds_pipeline.py took 0.112 seconds
[2026-02-15T22:20:06.025+0000] {processor.py:161} INFO - Started process (PID=438) to work on /opt/airflow/dags/sakiga_ds_pipeline.py
[2026-02-15T22:20:06.027+0000] {processor.py:830} INFO - Processing file /opt/airflow/dags/sakiga_ds_pipeline.py for tasks to queue
[2026-02-15T22:20:06.028+0000] {logging_mixin.py:188} INFO - [2026-02-15T22:20:06.028+0000] {dagbag.py:540} INFO - Filling up the DagBag from /opt/airflow/dags/sakiga_ds_pipeline.py
[2026-02-15T22:20:06.052+0000] {processor.py:840} INFO - DAG(s) 'sakiga_ds_pipeline' retrieved from /opt/airflow/dags/sakiga_ds_pipeline.py
[2026-02-15T22:20:06.083+0000] {logging_mixin.py:188} INFO - [2026-02-15T22:20:06.082+0000] {dag.py:3047} INFO - Sync 1 DAGs
[2026-02-15T22:20:06.103+0000] {logging_mixin.py:188} INFO - [2026-02-15T22:20:06.102+0000] {dag.py:3834} INFO - Setting next_dagrun for sakiga_ds_pipeline to 2026-02-15 00:00:00+00:00, run_after=2026-02-16 00:00:00+00:00
[2026-02-15T22:20:06.133+0000] {processor.py:183} INFO - Processing /opt/airflow/dags/sakiga_ds_pipeline.py took 0.112 seconds
[2026-02-15T22:20:36.354+0000] {processor.py:161} INFO - Started process (PID=439) to work on /opt/airflow/dags/sakiga_ds_pipeline.py
[2026-02-15T22:20:36.356+0000] {processor.py:830} INFO - Processing file /opt/airflow/dags/sakiga_ds_pipeline.py for tasks to queue
[2026-02-15T22:20:36.358+0000] {logging_mixin.py:188} INFO - [2026-02-15T22:20:36.357+0000] {dagbag.py:540} INFO - Filling up the DagBag from /opt/airflow/dags/sakiga_ds_pipeline.py
[2026-02-15T22:20:36.384+0000] {processor.py:840} INFO - DAG(s) 'sakiga_ds_pipeline' retrieved from /opt/airflow/dags/sakiga_ds_pipeline.py
[2026-02-15T22:20:36.415+0000] {logging_mixin.py:188} INFO - [2026-02-15T22:20:36.415+0000] {dag.py:3047} INFO - Sync 1 DAGs
[2026-02-15T22:20:36.438+0000] {logging_mixin.py:188} INFO - [2026-02-15T22:20:36.437+0000] {dag.py:3834} INFO - Setting next_dagrun for sakiga_ds_pipeline to 2026-02-15 00:00:00+00:00, run_after=2026-02-16 00:00:00+00:00
[2026-02-15T22:20:36.472+0000] {processor.py:183} INFO - Processing /opt/airflow/dags/sakiga_ds_pipeline.py took 0.122 seconds
[2026-02-15T22:21:06.634+0000] {processor.py:161} INFO - Started process (PID=440) to work on /opt/airflow/dags/sakiga_ds_pipeline.py
[2026-02-15T22:21:06.636+0000] {processor.py:830} INFO - Processing file /opt/airflow/dags/sakiga_ds_pipeline.py for tasks to queue
[2026-02-15T22:21:06.637+0000] {logging_mixin.py:188} INFO - [2026-02-15T22:21:06.637+0000] {dagbag.py:540} INFO - Filling up the DagBag from /opt/airflow/dags/sakiga_ds_pipeline.py
[2026-02-15T22:21:06.665+0000] {processor.py:840} INFO - DAG(s) 'sakiga_ds_pipeline' retrieved from /opt/airflow/dags/sakiga_ds_pipeline.py
[2026-02-15T22:21:06.698+0000] {logging_mixin.py:188} INFO - [2026-02-15T22:21:06.697+0000] {dag.py:3047} INFO - Sync 1 DAGs
[2026-02-15T22:21:06.719+0000] {logging_mixin.py:188} INFO - [2026-02-15T22:21:06.718+0000] {dag.py:3834} INFO - Setting next_dagrun for sakiga_ds_pipeline to 2026-02-15 00:00:00+00:00, run_after=2026-02-16 00:00:00+00:00
[2026-02-15T22:21:06.753+0000] {processor.py:183} INFO - Processing /opt/airflow/dags/sakiga_ds_pipeline.py took 0.123 seconds
[2026-02-15T22:21:36.976+0000] {processor.py:161} INFO - Started process (PID=441) to work on /opt/airflow/dags/sakiga_ds_pipeline.py
[2026-02-15T22:21:36.978+0000] {processor.py:830} INFO - Processing file /opt/airflow/dags/sakiga_ds_pipeline.py for tasks to queue
[2026-02-15T22:21:36.981+0000] {logging_mixin.py:188} INFO - [2026-02-15T22:21:36.980+0000] {dagbag.py:540} INFO - Filling up the DagBag from /opt/airflow/dags/sakiga_ds_pipeline.py
[2026-02-15T22:21:37.010+0000] {processor.py:840} INFO - DAG(s) 'sakiga_ds_pipeline' retrieved from /opt/airflow/dags/sakiga_ds_pipeline.py
[2026-02-15T22:21:37.044+0000] {logging_mixin.py:188} INFO - [2026-02-15T22:21:37.044+0000] {dag.py:3047} INFO - Sync 1 DAGs
[2026-02-15T22:21:37.064+0000] {logging_mixin.py:188} INFO - [2026-02-15T22:21:37.064+0000] {dag.py:3834} INFO - Setting next_dagrun for sakiga_ds_pipeline to 2026-02-15 00:00:00+00:00, run_after=2026-02-16 00:00:00+00:00
[2026-02-15T22:21:37.094+0000] {processor.py:183} INFO - Processing /opt/airflow/dags/sakiga_ds_pipeline.py took 0.126 seconds
[2026-02-15T22:22:07.259+0000] {processor.py:161} INFO - Started process (PID=442) to work on /opt/airflow/dags/sakiga_ds_pipeline.py
[2026-02-15T22:22:07.261+0000] {processor.py:830} INFO - Processing file /opt/airflow/dags/sakiga_ds_pipeline.py for tasks to queue
[2026-02-15T22:22:07.263+0000] {logging_mixin.py:188} INFO - [2026-02-15T22:22:07.262+0000] {dagbag.py:540} INFO - Filling up the DagBag from /opt/airflow/dags/sakiga_ds_pipeline.py
[2026-02-15T22:22:07.295+0000] {processor.py:840} INFO - DAG(s) 'sakiga_ds_pipeline' retrieved from /opt/airflow/dags/sakiga_ds_pipeline.py
[2026-02-15T22:22:07.328+0000] {logging_mixin.py:188} INFO - [2026-02-15T22:22:07.328+0000] {dag.py:3047} INFO - Sync 1 DAGs
[2026-02-15T22:22:07.351+0000] {logging_mixin.py:188} INFO - [2026-02-15T22:22:07.351+0000] {dag.py:3834} INFO - Setting next_dagrun for sakiga_ds_pipeline to 2026-02-15 00:00:00+00:00, run_after=2026-02-16 00:00:00+00:00
[2026-02-15T22:22:07.388+0000] {processor.py:183} INFO - Processing /opt/airflow/dags/sakiga_ds_pipeline.py took 0.135 seconds
[2026-02-15T22:22:37.564+0000] {processor.py:161} INFO - Started process (PID=443) to work on /opt/airflow/dags/sakiga_ds_pipeline.py
[2026-02-15T22:22:37.566+0000] {processor.py:830} INFO - Processing file /opt/airflow/dags/sakiga_ds_pipeline.py for tasks to queue
[2026-02-15T22:22:37.567+0000] {logging_mixin.py:188} INFO - [2026-02-15T22:22:37.567+0000] {dagbag.py:540} INFO - Filling up the DagBag from /opt/airflow/dags/sakiga_ds_pipeline.py
[2026-02-15T22:22:37.592+0000] {processor.py:840} INFO - DAG(s) 'sakiga_ds_pipeline' retrieved from /opt/airflow/dags/sakiga_ds_pipeline.py
[2026-02-15T22:22:37.624+0000] {logging_mixin.py:188} INFO - [2026-02-15T22:22:37.623+0000] {dag.py:3047} INFO - Sync 1 DAGs
[2026-02-15T22:22:37.647+0000] {logging_mixin.py:188} INFO - [2026-02-15T22:22:37.647+0000] {dag.py:3834} INFO - Setting next_dagrun for sakiga_ds_pipeline to 2026-02-15 00:00:00+00:00, run_after=2026-02-16 00:00:00+00:00
[2026-02-15T22:22:37.703+0000] {processor.py:183} INFO - Processing /opt/airflow/dags/sakiga_ds_pipeline.py took 0.143 seconds
[2026-02-15T22:23:07.877+0000] {processor.py:161} INFO - Started process (PID=444) to work on /opt/airflow/dags/sakiga_ds_pipeline.py
[2026-02-15T22:23:07.879+0000] {processor.py:830} INFO - Processing file /opt/airflow/dags/sakiga_ds_pipeline.py for tasks to queue
[2026-02-15T22:23:07.881+0000] {logging_mixin.py:188} INFO - [2026-02-15T22:23:07.880+0000] {dagbag.py:540} INFO - Filling up the DagBag from /opt/airflow/dags/sakiga_ds_pipeline.py
[2026-02-15T22:23:07.904+0000] {processor.py:840} INFO - DAG(s) 'sakiga_ds_pipeline' retrieved from /opt/airflow/dags/sakiga_ds_pipeline.py
[2026-02-15T22:23:07.933+0000] {logging_mixin.py:188} INFO - [2026-02-15T22:23:07.933+0000] {dag.py:3047} INFO - Sync 1 DAGs
[2026-02-15T22:23:07.953+0000] {logging_mixin.py:188} INFO - [2026-02-15T22:23:07.953+0000] {dag.py:3834} INFO - Setting next_dagrun for sakiga_ds_pipeline to 2026-02-15 00:00:00+00:00, run_after=2026-02-16 00:00:00+00:00
[2026-02-15T22:23:07.983+0000] {processor.py:183} INFO - Processing /opt/airflow/dags/sakiga_ds_pipeline.py took 0.110 seconds
[2026-02-15T22:23:38.186+0000] {processor.py:161} INFO - Started process (PID=445) to work on /opt/airflow/dags/sakiga_ds_pipeline.py
[2026-02-15T22:23:38.188+0000] {processor.py:830} INFO - Processing file /opt/airflow/dags/sakiga_ds_pipeline.py for tasks to queue
[2026-02-15T22:23:38.190+0000] {logging_mixin.py:188} INFO - [2026-02-15T22:23:38.189+0000] {dagbag.py:540} INFO - Filling up the DagBag from /opt/airflow/dags/sakiga_ds_pipeline.py
[2026-02-15T22:23:38.214+0000] {processor.py:840} INFO - DAG(s) 'sakiga_ds_pipeline' retrieved from /opt/airflow/dags/sakiga_ds_pipeline.py
[2026-02-15T22:23:38.244+0000] {logging_mixin.py:188} INFO - [2026-02-15T22:23:38.244+0000] {dag.py:3047} INFO - Sync 1 DAGs
[2026-02-15T22:23:38.264+0000] {logging_mixin.py:188} INFO - [2026-02-15T22:23:38.263+0000] {dag.py:3834} INFO - Setting next_dagrun for sakiga_ds_pipeline to 2026-02-15 00:00:00+00:00, run_after=2026-02-16 00:00:00+00:00
[2026-02-15T22:23:38.292+0000] {processor.py:183} INFO - Processing /opt/airflow/dags/sakiga_ds_pipeline.py took 0.110 seconds
[2026-02-15T22:24:08.484+0000] {processor.py:161} INFO - Started process (PID=446) to work on /opt/airflow/dags/sakiga_ds_pipeline.py
[2026-02-15T22:24:08.486+0000] {processor.py:830} INFO - Processing file /opt/airflow/dags/sakiga_ds_pipeline.py for tasks to queue
[2026-02-15T22:24:08.488+0000] {logging_mixin.py:188} INFO - [2026-02-15T22:24:08.487+0000] {dagbag.py:540} INFO - Filling up the DagBag from /opt/airflow/dags/sakiga_ds_pipeline.py
[2026-02-15T22:24:08.512+0000] {processor.py:840} INFO - DAG(s) 'sakiga_ds_pipeline' retrieved from /opt/airflow/dags/sakiga_ds_pipeline.py
[2026-02-15T22:24:08.546+0000] {logging_mixin.py:188} INFO - [2026-02-15T22:24:08.546+0000] {dag.py:3047} INFO - Sync 1 DAGs
[2026-02-15T22:24:08.569+0000] {logging_mixin.py:188} INFO - [2026-02-15T22:24:08.569+0000] {dag.py:3834} INFO - Setting next_dagrun for sakiga_ds_pipeline to 2026-02-15 00:00:00+00:00, run_after=2026-02-16 00:00:00+00:00
[2026-02-15T22:24:08.601+0000] {processor.py:183} INFO - Processing /opt/airflow/dags/sakiga_ds_pipeline.py took 0.122 seconds
[2026-02-15T22:24:38.779+0000] {processor.py:161} INFO - Started process (PID=447) to work on /opt/airflow/dags/sakiga_ds_pipeline.py
[2026-02-15T22:24:38.781+0000] {processor.py:830} INFO - Processing file /opt/airflow/dags/sakiga_ds_pipeline.py for tasks to queue
[2026-02-15T22:24:38.783+0000] {logging_mixin.py:188} INFO - [2026-02-15T22:24:38.782+0000] {dagbag.py:540} INFO - Filling up the DagBag from /opt/airflow/dags/sakiga_ds_pipeline.py
[2026-02-15T22:24:38.808+0000] {processor.py:840} INFO - DAG(s) 'sakiga_ds_pipeline' retrieved from /opt/airflow/dags/sakiga_ds_pipeline.py
[2026-02-15T22:24:38.842+0000] {logging_mixin.py:188} INFO - [2026-02-15T22:24:38.842+0000] {dag.py:3047} INFO - Sync 1 DAGs
[2026-02-15T22:24:38.864+0000] {logging_mixin.py:188} INFO - [2026-02-15T22:24:38.863+0000] {dag.py:3834} INFO - Setting next_dagrun for sakiga_ds_pipeline to 2026-02-15 00:00:00+00:00, run_after=2026-02-16 00:00:00+00:00
[2026-02-15T22:24:38.893+0000] {processor.py:183} INFO - Processing /opt/airflow/dags/sakiga_ds_pipeline.py took 0.118 seconds
[2026-02-15T22:25:09.062+0000] {processor.py:161} INFO - Started process (PID=448) to work on /opt/airflow/dags/sakiga_ds_pipeline.py
[2026-02-15T22:25:09.064+0000] {processor.py:830} INFO - Processing file /opt/airflow/dags/sakiga_ds_pipeline.py for tasks to queue
[2026-02-15T22:25:09.065+0000] {logging_mixin.py:188} INFO - [2026-02-15T22:25:09.065+0000] {dagbag.py:540} INFO - Filling up the DagBag from /opt/airflow/dags/sakiga_ds_pipeline.py
[2026-02-15T22:25:09.088+0000] {processor.py:840} INFO - DAG(s) 'sakiga_ds_pipeline' retrieved from /opt/airflow/dags/sakiga_ds_pipeline.py
[2026-02-15T22:25:09.118+0000] {logging_mixin.py:188} INFO - [2026-02-15T22:25:09.118+0000] {dag.py:3047} INFO - Sync 1 DAGs
[2026-02-15T22:25:09.139+0000] {logging_mixin.py:188} INFO - [2026-02-15T22:25:09.138+0000] {dag.py:3834} INFO - Setting next_dagrun for sakiga_ds_pipeline to 2026-02-15 00:00:00+00:00, run_after=2026-02-16 00:00:00+00:00
[2026-02-15T22:25:09.170+0000] {processor.py:183} INFO - Processing /opt/airflow/dags/sakiga_ds_pipeline.py took 0.112 seconds
[2026-02-15T22:25:39.355+0000] {processor.py:161} INFO - Started process (PID=449) to work on /opt/airflow/dags/sakiga_ds_pipeline.py
[2026-02-15T22:25:39.357+0000] {processor.py:830} INFO - Processing file /opt/airflow/dags/sakiga_ds_pipeline.py for tasks to queue
[2026-02-15T22:25:39.358+0000] {logging_mixin.py:188} INFO - [2026-02-15T22:25:39.358+0000] {dagbag.py:540} INFO - Filling up the DagBag from /opt/airflow/dags/sakiga_ds_pipeline.py
[2026-02-15T22:25:39.390+0000] {processor.py:840} INFO - DAG(s) 'sakiga_ds_pipeline' retrieved from /opt/airflow/dags/sakiga_ds_pipeline.py
[2026-02-15T22:25:39.443+0000] {logging_mixin.py:188} INFO - [2026-02-15T22:25:39.442+0000] {dag.py:3047} INFO - Sync 1 DAGs
[2026-02-15T22:25:39.468+0000] {logging_mixin.py:188} INFO - [2026-02-15T22:25:39.468+0000] {dag.py:3834} INFO - Setting next_dagrun for sakiga_ds_pipeline to 2026-02-15 00:00:00+00:00, run_after=2026-02-16 00:00:00+00:00
[2026-02-15T22:25:39.507+0000] {processor.py:183} INFO - Processing /opt/airflow/dags/sakiga_ds_pipeline.py took 0.157 seconds
[2026-02-15T22:26:09.659+0000] {processor.py:161} INFO - Started process (PID=450) to work on /opt/airflow/dags/sakiga_ds_pipeline.py
[2026-02-15T22:26:09.661+0000] {processor.py:830} INFO - Processing file /opt/airflow/dags/sakiga_ds_pipeline.py for tasks to queue
[2026-02-15T22:26:09.662+0000] {logging_mixin.py:188} INFO - [2026-02-15T22:26:09.662+0000] {dagbag.py:540} INFO - Filling up the DagBag from /opt/airflow/dags/sakiga_ds_pipeline.py
[2026-02-15T22:26:09.688+0000] {processor.py:840} INFO - DAG(s) 'sakiga_ds_pipeline' retrieved from /opt/airflow/dags/sakiga_ds_pipeline.py
[2026-02-15T22:26:09.718+0000] {logging_mixin.py:188} INFO - [2026-02-15T22:26:09.718+0000] {dag.py:3047} INFO - Sync 1 DAGs
[2026-02-15T22:26:09.738+0000] {logging_mixin.py:188} INFO - [2026-02-15T22:26:09.738+0000] {dag.py:3834} INFO - Setting next_dagrun for sakiga_ds_pipeline to 2026-02-15 00:00:00+00:00, run_after=2026-02-16 00:00:00+00:00
[2026-02-15T22:26:09.767+0000] {processor.py:183} INFO - Processing /opt/airflow/dags/sakiga_ds_pipeline.py took 0.112 seconds
[2026-02-15T22:26:39.964+0000] {processor.py:161} INFO - Started process (PID=451) to work on /opt/airflow/dags/sakiga_ds_pipeline.py
[2026-02-15T22:26:39.966+0000] {processor.py:830} INFO - Processing file /opt/airflow/dags/sakiga_ds_pipeline.py for tasks to queue
[2026-02-15T22:26:39.967+0000] {logging_mixin.py:188} INFO - [2026-02-15T22:26:39.967+0000] {dagbag.py:540} INFO - Filling up the DagBag from /opt/airflow/dags/sakiga_ds_pipeline.py
[2026-02-15T22:26:39.994+0000] {processor.py:840} INFO - DAG(s) 'sakiga_ds_pipeline' retrieved from /opt/airflow/dags/sakiga_ds_pipeline.py
[2026-02-15T22:26:40.024+0000] {logging_mixin.py:188} INFO - [2026-02-15T22:26:40.024+0000] {dag.py:3047} INFO - Sync 1 DAGs
[2026-02-15T22:26:40.047+0000] {logging_mixin.py:188} INFO - [2026-02-15T22:26:40.046+0000] {dag.py:3834} INFO - Setting next_dagrun for sakiga_ds_pipeline to 2026-02-15 00:00:00+00:00, run_after=2026-02-16 00:00:00+00:00
[2026-02-15T22:26:40.077+0000] {processor.py:183} INFO - Processing /opt/airflow/dags/sakiga_ds_pipeline.py took 0.117 seconds
[2026-02-15T22:27:10.247+0000] {processor.py:161} INFO - Started process (PID=452) to work on /opt/airflow/dags/sakiga_ds_pipeline.py
[2026-02-15T22:27:10.248+0000] {processor.py:830} INFO - Processing file /opt/airflow/dags/sakiga_ds_pipeline.py for tasks to queue
[2026-02-15T22:27:10.250+0000] {logging_mixin.py:188} INFO - [2026-02-15T22:27:10.249+0000] {dagbag.py:540} INFO - Filling up the DagBag from /opt/airflow/dags/sakiga_ds_pipeline.py
[2026-02-15T22:27:10.277+0000] {processor.py:840} INFO - DAG(s) 'sakiga_ds_pipeline' retrieved from /opt/airflow/dags/sakiga_ds_pipeline.py
[2026-02-15T22:27:10.309+0000] {logging_mixin.py:188} INFO - [2026-02-15T22:27:10.308+0000] {dag.py:3047} INFO - Sync 1 DAGs
[2026-02-15T22:27:10.330+0000] {logging_mixin.py:188} INFO - [2026-02-15T22:27:10.330+0000] {dag.py:3834} INFO - Setting next_dagrun for sakiga_ds_pipeline to 2026-02-15 00:00:00+00:00, run_after=2026-02-16 00:00:00+00:00
[2026-02-15T22:27:10.360+0000] {processor.py:183} INFO - Processing /opt/airflow/dags/sakiga_ds_pipeline.py took 0.118 seconds
[2026-02-15T22:27:40.550+0000] {processor.py:161} INFO - Started process (PID=453) to work on /opt/airflow/dags/sakiga_ds_pipeline.py
[2026-02-15T22:27:40.552+0000] {processor.py:830} INFO - Processing file /opt/airflow/dags/sakiga_ds_pipeline.py for tasks to queue
[2026-02-15T22:27:40.553+0000] {logging_mixin.py:188} INFO - [2026-02-15T22:27:40.553+0000] {dagbag.py:540} INFO - Filling up the DagBag from /opt/airflow/dags/sakiga_ds_pipeline.py
[2026-02-15T22:27:40.577+0000] {processor.py:840} INFO - DAG(s) 'sakiga_ds_pipeline' retrieved from /opt/airflow/dags/sakiga_ds_pipeline.py
[2026-02-15T22:27:40.607+0000] {logging_mixin.py:188} INFO - [2026-02-15T22:27:40.607+0000] {dag.py:3047} INFO - Sync 1 DAGs
[2026-02-15T22:27:40.627+0000] {logging_mixin.py:188} INFO - [2026-02-15T22:27:40.627+0000] {dag.py:3834} INFO - Setting next_dagrun for sakiga_ds_pipeline to 2026-02-15 00:00:00+00:00, run_after=2026-02-16 00:00:00+00:00
[2026-02-15T22:27:40.657+0000] {processor.py:183} INFO - Processing /opt/airflow/dags/sakiga_ds_pipeline.py took 0.111 seconds
[2026-02-15T22:28:10.825+0000] {processor.py:161} INFO - Started process (PID=454) to work on /opt/airflow/dags/sakiga_ds_pipeline.py
[2026-02-15T22:28:10.826+0000] {processor.py:830} INFO - Processing file /opt/airflow/dags/sakiga_ds_pipeline.py for tasks to queue
[2026-02-15T22:28:10.828+0000] {logging_mixin.py:188} INFO - [2026-02-15T22:28:10.827+0000] {dagbag.py:540} INFO - Filling up the DagBag from /opt/airflow/dags/sakiga_ds_pipeline.py
[2026-02-15T22:28:10.854+0000] {processor.py:840} INFO - DAG(s) 'sakiga_ds_pipeline' retrieved from /opt/airflow/dags/sakiga_ds_pipeline.py
[2026-02-15T22:28:10.892+0000] {logging_mixin.py:188} INFO - [2026-02-15T22:28:10.892+0000] {dag.py:3047} INFO - Sync 1 DAGs
[2026-02-15T22:28:10.915+0000] {logging_mixin.py:188} INFO - [2026-02-15T22:28:10.915+0000] {dag.py:3834} INFO - Setting next_dagrun for sakiga_ds_pipeline to 2026-02-15 00:00:00+00:00, run_after=2026-02-16 00:00:00+00:00
[2026-02-15T22:28:10.947+0000] {processor.py:183} INFO - Processing /opt/airflow/dags/sakiga_ds_pipeline.py took 0.127 seconds
[2026-02-15T22:28:41.121+0000] {processor.py:161} INFO - Started process (PID=455) to work on /opt/airflow/dags/sakiga_ds_pipeline.py
[2026-02-15T22:28:41.123+0000] {processor.py:830} INFO - Processing file /opt/airflow/dags/sakiga_ds_pipeline.py for tasks to queue
[2026-02-15T22:28:41.125+0000] {logging_mixin.py:188} INFO - [2026-02-15T22:28:41.124+0000] {dagbag.py:540} INFO - Filling up the DagBag from /opt/airflow/dags/sakiga_ds_pipeline.py
[2026-02-15T22:28:41.147+0000] {processor.py:840} INFO - DAG(s) 'sakiga_ds_pipeline' retrieved from /opt/airflow/dags/sakiga_ds_pipeline.py
[2026-02-15T22:28:41.181+0000] {logging_mixin.py:188} INFO - [2026-02-15T22:28:41.180+0000] {dag.py:3047} INFO - Sync 1 DAGs
[2026-02-15T22:28:41.203+0000] {logging_mixin.py:188} INFO - [2026-02-15T22:28:41.203+0000] {dag.py:3834} INFO - Setting next_dagrun for sakiga_ds_pipeline to 2026-02-15 00:00:00+00:00, run_after=2026-02-16 00:00:00+00:00
[2026-02-15T22:28:41.233+0000] {processor.py:183} INFO - Processing /opt/airflow/dags/sakiga_ds_pipeline.py took 0.116 seconds
[2026-02-15T22:29:11.454+0000] {processor.py:161} INFO - Started process (PID=456) to work on /opt/airflow/dags/sakiga_ds_pipeline.py
[2026-02-15T22:29:11.455+0000] {processor.py:830} INFO - Processing file /opt/airflow/dags/sakiga_ds_pipeline.py for tasks to queue
[2026-02-15T22:29:11.457+0000] {logging_mixin.py:188} INFO - [2026-02-15T22:29:11.456+0000] {dagbag.py:540} INFO - Filling up the DagBag from /opt/airflow/dags/sakiga_ds_pipeline.py
[2026-02-15T22:29:11.481+0000] {processor.py:840} INFO - DAG(s) 'sakiga_ds_pipeline' retrieved from /opt/airflow/dags/sakiga_ds_pipeline.py
[2026-02-15T22:29:11.513+0000] {logging_mixin.py:188} INFO - [2026-02-15T22:29:11.512+0000] {dag.py:3047} INFO - Sync 1 DAGs
[2026-02-15T22:29:11.533+0000] {logging_mixin.py:188} INFO - [2026-02-15T22:29:11.533+0000] {dag.py:3834} INFO - Setting next_dagrun for sakiga_ds_pipeline to 2026-02-15 00:00:00+00:00, run_after=2026-02-16 00:00:00+00:00
[2026-02-15T22:29:11.563+0000] {processor.py:183} INFO - Processing /opt/airflow/dags/sakiga_ds_pipeline.py took 0.120 seconds
[2026-02-15T22:29:41.749+0000] {processor.py:161} INFO - Started process (PID=457) to work on /opt/airflow/dags/sakiga_ds_pipeline.py
[2026-02-15T22:29:41.750+0000] {processor.py:830} INFO - Processing file /opt/airflow/dags/sakiga_ds_pipeline.py for tasks to queue
[2026-02-15T22:29:41.752+0000] {logging_mixin.py:188} INFO - [2026-02-15T22:29:41.752+0000] {dagbag.py:540} INFO - Filling up the DagBag from /opt/airflow/dags/sakiga_ds_pipeline.py
[2026-02-15T22:29:41.777+0000] {processor.py:840} INFO - DAG(s) 'sakiga_ds_pipeline' retrieved from /opt/airflow/dags/sakiga_ds_pipeline.py
[2026-02-15T22:29:41.809+0000] {logging_mixin.py:188} INFO - [2026-02-15T22:29:41.809+0000] {dag.py:3047} INFO - Sync 1 DAGs
[2026-02-15T22:29:41.830+0000] {logging_mixin.py:188} INFO - [2026-02-15T22:29:41.830+0000] {dag.py:3834} INFO - Setting next_dagrun for sakiga_ds_pipeline to 2026-02-15 00:00:00+00:00, run_after=2026-02-16 00:00:00+00:00
[2026-02-15T22:29:41.860+0000] {processor.py:183} INFO - Processing /opt/airflow/dags/sakiga_ds_pipeline.py took 0.116 seconds
[2026-02-15T22:30:12.098+0000] {processor.py:161} INFO - Started process (PID=458) to work on /opt/airflow/dags/sakiga_ds_pipeline.py
[2026-02-15T22:30:12.099+0000] {processor.py:830} INFO - Processing file /opt/airflow/dags/sakiga_ds_pipeline.py for tasks to queue
[2026-02-15T22:30:12.101+0000] {logging_mixin.py:188} INFO - [2026-02-15T22:30:12.100+0000] {dagbag.py:540} INFO - Filling up the DagBag from /opt/airflow/dags/sakiga_ds_pipeline.py
[2026-02-15T22:30:12.123+0000] {processor.py:840} INFO - DAG(s) 'sakiga_ds_pipeline' retrieved from /opt/airflow/dags/sakiga_ds_pipeline.py
[2026-02-15T22:30:12.152+0000] {logging_mixin.py:188} INFO - [2026-02-15T22:30:12.152+0000] {dag.py:3047} INFO - Sync 1 DAGs
[2026-02-15T22:30:12.172+0000] {logging_mixin.py:188} INFO - [2026-02-15T22:30:12.172+0000] {dag.py:3834} INFO - Setting next_dagrun for sakiga_ds_pipeline to 2026-02-15 00:00:00+00:00, run_after=2026-02-16 00:00:00+00:00
[2026-02-15T22:30:12.201+0000] {processor.py:183} INFO - Processing /opt/airflow/dags/sakiga_ds_pipeline.py took 0.107 seconds
[2026-02-15T22:30:42.450+0000] {processor.py:161} INFO - Started process (PID=459) to work on /opt/airflow/dags/sakiga_ds_pipeline.py
[2026-02-15T22:30:42.452+0000] {processor.py:830} INFO - Processing file /opt/airflow/dags/sakiga_ds_pipeline.py for tasks to queue
[2026-02-15T22:30:42.454+0000] {logging_mixin.py:188} INFO - [2026-02-15T22:30:42.453+0000] {dagbag.py:540} INFO - Filling up the DagBag from /opt/airflow/dags/sakiga_ds_pipeline.py
[2026-02-15T22:30:42.500+0000] {processor.py:840} INFO - DAG(s) 'sakiga_ds_pipeline' retrieved from /opt/airflow/dags/sakiga_ds_pipeline.py
[2026-02-15T22:30:42.537+0000] {logging_mixin.py:188} INFO - [2026-02-15T22:30:42.537+0000] {dag.py:3047} INFO - Sync 1 DAGs
[2026-02-15T22:30:42.558+0000] {logging_mixin.py:188} INFO - [2026-02-15T22:30:42.558+0000] {dag.py:3834} INFO - Setting next_dagrun for sakiga_ds_pipeline to 2026-02-15 00:00:00+00:00, run_after=2026-02-16 00:00:00+00:00
[2026-02-15T22:30:42.591+0000] {processor.py:183} INFO - Processing /opt/airflow/dags/sakiga_ds_pipeline.py took 0.146 seconds
[2026-02-15T22:31:12.983+0000] {processor.py:161} INFO - Started process (PID=460) to work on /opt/airflow/dags/sakiga_ds_pipeline.py
[2026-02-15T22:31:12.986+0000] {processor.py:830} INFO - Processing file /opt/airflow/dags/sakiga_ds_pipeline.py for tasks to queue
[2026-02-15T22:31:12.988+0000] {logging_mixin.py:188} INFO - [2026-02-15T22:31:12.987+0000] {dagbag.py:540} INFO - Filling up the DagBag from /opt/airflow/dags/sakiga_ds_pipeline.py
[2026-02-15T22:31:13.017+0000] {processor.py:840} INFO - DAG(s) 'sakiga_ds_pipeline' retrieved from /opt/airflow/dags/sakiga_ds_pipeline.py
[2026-02-15T22:31:13.062+0000] {logging_mixin.py:188} INFO - [2026-02-15T22:31:13.061+0000] {dag.py:3047} INFO - Sync 1 DAGs
[2026-02-15T22:31:13.086+0000] {logging_mixin.py:188} INFO - [2026-02-15T22:31:13.086+0000] {dag.py:3834} INFO - Setting next_dagrun for sakiga_ds_pipeline to 2026-02-15 00:00:00+00:00, run_after=2026-02-16 00:00:00+00:00
[2026-02-15T22:31:13.139+0000] {processor.py:183} INFO - Processing /opt/airflow/dags/sakiga_ds_pipeline.py took 0.177 seconds
[2026-02-15T22:31:44.211+0000] {processor.py:161} INFO - Started process (PID=461) to work on /opt/airflow/dags/sakiga_ds_pipeline.py
[2026-02-15T22:31:44.220+0000] {processor.py:830} INFO - Processing file /opt/airflow/dags/sakiga_ds_pipeline.py for tasks to queue
[2026-02-15T22:31:44.222+0000] {logging_mixin.py:188} INFO - [2026-02-15T22:31:44.221+0000] {dagbag.py:540} INFO - Filling up the DagBag from /opt/airflow/dags/sakiga_ds_pipeline.py
[2026-02-15T22:31:44.274+0000] {processor.py:840} INFO - DAG(s) 'sakiga_ds_pipeline' retrieved from /opt/airflow/dags/sakiga_ds_pipeline.py
[2026-02-15T22:31:44.327+0000] {logging_mixin.py:188} INFO - [2026-02-15T22:31:44.326+0000] {dag.py:3047} INFO - Sync 1 DAGs
[2026-02-15T22:31:44.363+0000] {logging_mixin.py:188} INFO - [2026-02-15T22:31:44.363+0000] {dag.py:3834} INFO - Setting next_dagrun for sakiga_ds_pipeline to 2026-02-15 00:00:00+00:00, run_after=2026-02-16 00:00:00+00:00
[2026-02-15T22:31:44.415+0000] {processor.py:183} INFO - Processing /opt/airflow/dags/sakiga_ds_pipeline.py took 0.213 seconds
[2026-02-15T22:32:30.852+0000] {processor.py:161} INFO - Started process (PID=494) to work on /opt/airflow/dags/sakiga_ds_pipeline.py
[2026-02-15T22:32:30.854+0000] {processor.py:830} INFO - Processing file /opt/airflow/dags/sakiga_ds_pipeline.py for tasks to queue
[2026-02-15T22:32:30.855+0000] {logging_mixin.py:188} INFO - [2026-02-15T22:32:30.855+0000] {dagbag.py:540} INFO - Filling up the DagBag from /opt/airflow/dags/sakiga_ds_pipeline.py
[2026-02-15T22:32:30.880+0000] {processor.py:840} INFO - DAG(s) 'sakiga_ds_pipeline' retrieved from /opt/airflow/dags/sakiga_ds_pipeline.py
[2026-02-15T22:32:30.912+0000] {logging_mixin.py:188} INFO - [2026-02-15T22:32:30.911+0000] {dag.py:3047} INFO - Sync 1 DAGs
[2026-02-15T22:32:30.950+0000] {logging_mixin.py:188} INFO - [2026-02-15T22:32:30.949+0000] {dag.py:3834} INFO - Setting next_dagrun for sakiga_ds_pipeline to 2026-02-15 00:00:00+00:00, run_after=2026-02-16 00:00:00+00:00
[2026-02-15T22:32:30.983+0000] {processor.py:183} INFO - Processing /opt/airflow/dags/sakiga_ds_pipeline.py took 0.136 seconds
[2026-02-15T22:34:36.847+0000] {processor.py:161} INFO - Started process (PID=532) to work on /opt/airflow/dags/sakiga_ds_pipeline.py
[2026-02-15T22:34:36.951+0000] {processor.py:830} INFO - Processing file /opt/airflow/dags/sakiga_ds_pipeline.py for tasks to queue
[2026-02-15T22:34:37.003+0000] {logging_mixin.py:188} INFO - [2026-02-15T22:34:36.954+0000] {dagbag.py:540} INFO - Filling up the DagBag from /opt/airflow/dags/sakiga_ds_pipeline.py
[2026-02-15T22:34:37.861+0000] {processor.py:840} INFO - DAG(s) 'sakiga_ds_pipeline' retrieved from /opt/airflow/dags/sakiga_ds_pipeline.py
[2026-02-15T22:34:39.502+0000] {logging_mixin.py:188} INFO - [2026-02-15T22:34:39.501+0000] {dag.py:3047} INFO - Sync 1 DAGs
[2026-02-15T22:34:39.749+0000] {logging_mixin.py:188} INFO - [2026-02-15T22:34:39.749+0000] {dag.py:3834} INFO - Setting next_dagrun for sakiga_ds_pipeline to 2026-02-15 00:00:00+00:00, run_after=2026-02-16 00:00:00+00:00
[2026-02-15T22:34:40.383+0000] {processor.py:183} INFO - Processing /opt/airflow/dags/sakiga_ds_pipeline.py took 4.346 seconds
[2026-02-15T22:35:12.185+0000] {processor.py:161} INFO - Started process (PID=550) to work on /opt/airflow/dags/sakiga_ds_pipeline.py
[2026-02-15T22:35:12.187+0000] {processor.py:830} INFO - Processing file /opt/airflow/dags/sakiga_ds_pipeline.py for tasks to queue
[2026-02-15T22:35:12.188+0000] {logging_mixin.py:188} INFO - [2026-02-15T22:35:12.188+0000] {dagbag.py:540} INFO - Filling up the DagBag from /opt/airflow/dags/sakiga_ds_pipeline.py
[2026-02-15T22:35:12.211+0000] {processor.py:840} INFO - DAG(s) 'sakiga_ds_pipeline' retrieved from /opt/airflow/dags/sakiga_ds_pipeline.py
[2026-02-15T22:35:12.266+0000] {logging_mixin.py:188} INFO - [2026-02-15T22:35:12.266+0000] {dag.py:3047} INFO - Sync 1 DAGs
[2026-02-15T22:35:12.292+0000] {logging_mixin.py:188} INFO - [2026-02-15T22:35:12.292+0000] {dag.py:3834} INFO - Setting next_dagrun for sakiga_ds_pipeline to 2026-02-15 00:00:00+00:00, run_after=2026-02-16 00:00:00+00:00
[2026-02-15T22:35:12.319+0000] {processor.py:183} INFO - Processing /opt/airflow/dags/sakiga_ds_pipeline.py took 0.138 seconds
[2026-02-15T22:35:42.542+0000] {processor.py:161} INFO - Started process (PID=556) to work on /opt/airflow/dags/sakiga_ds_pipeline.py
[2026-02-15T22:35:42.544+0000] {processor.py:830} INFO - Processing file /opt/airflow/dags/sakiga_ds_pipeline.py for tasks to queue
[2026-02-15T22:35:42.546+0000] {logging_mixin.py:188} INFO - [2026-02-15T22:35:42.546+0000] {dagbag.py:540} INFO - Filling up the DagBag from /opt/airflow/dags/sakiga_ds_pipeline.py
[2026-02-15T22:35:42.574+0000] {processor.py:840} INFO - DAG(s) 'sakiga_ds_pipeline' retrieved from /opt/airflow/dags/sakiga_ds_pipeline.py
[2026-02-15T22:35:42.621+0000] {logging_mixin.py:188} INFO - [2026-02-15T22:35:42.620+0000] {dag.py:3047} INFO - Sync 1 DAGs
[2026-02-15T22:35:42.647+0000] {logging_mixin.py:188} INFO - [2026-02-15T22:35:42.646+0000] {dag.py:3834} INFO - Setting next_dagrun for sakiga_ds_pipeline to 2026-02-15 00:00:00+00:00, run_after=2026-02-16 00:00:00+00:00
[2026-02-15T22:35:42.678+0000] {processor.py:183} INFO - Processing /opt/airflow/dags/sakiga_ds_pipeline.py took 0.141 seconds
[2026-02-15T22:36:13.144+0000] {processor.py:161} INFO - Started process (PID=557) to work on /opt/airflow/dags/sakiga_ds_pipeline.py
[2026-02-15T22:36:13.146+0000] {processor.py:830} INFO - Processing file /opt/airflow/dags/sakiga_ds_pipeline.py for tasks to queue
[2026-02-15T22:36:13.147+0000] {logging_mixin.py:188} INFO - [2026-02-15T22:36:13.147+0000] {dagbag.py:540} INFO - Filling up the DagBag from /opt/airflow/dags/sakiga_ds_pipeline.py
[2026-02-15T22:36:13.179+0000] {processor.py:840} INFO - DAG(s) 'sakiga_ds_pipeline' retrieved from /opt/airflow/dags/sakiga_ds_pipeline.py
[2026-02-15T22:36:13.215+0000] {logging_mixin.py:188} INFO - [2026-02-15T22:36:13.215+0000] {dag.py:3047} INFO - Sync 1 DAGs
[2026-02-15T22:36:13.235+0000] {logging_mixin.py:188} INFO - [2026-02-15T22:36:13.235+0000] {dag.py:3834} INFO - Setting next_dagrun for sakiga_ds_pipeline to 2026-02-15 00:00:00+00:00, run_after=2026-02-16 00:00:00+00:00
[2026-02-15T22:36:13.268+0000] {processor.py:183} INFO - Processing /opt/airflow/dags/sakiga_ds_pipeline.py took 0.128 seconds
[2026-02-15T22:36:43.601+0000] {processor.py:161} INFO - Started process (PID=558) to work on /opt/airflow/dags/sakiga_ds_pipeline.py
[2026-02-15T22:36:43.603+0000] {processor.py:830} INFO - Processing file /opt/airflow/dags/sakiga_ds_pipeline.py for tasks to queue
[2026-02-15T22:36:43.605+0000] {logging_mixin.py:188} INFO - [2026-02-15T22:36:43.604+0000] {dagbag.py:540} INFO - Filling up the DagBag from /opt/airflow/dags/sakiga_ds_pipeline.py
[2026-02-15T22:36:43.633+0000] {processor.py:840} INFO - DAG(s) 'sakiga_ds_pipeline' retrieved from /opt/airflow/dags/sakiga_ds_pipeline.py
[2026-02-15T22:36:43.667+0000] {logging_mixin.py:188} INFO - [2026-02-15T22:36:43.667+0000] {dag.py:3047} INFO - Sync 1 DAGs
[2026-02-15T22:36:43.689+0000] {logging_mixin.py:188} INFO - [2026-02-15T22:36:43.689+0000] {dag.py:3834} INFO - Setting next_dagrun for sakiga_ds_pipeline to 2026-02-15 00:00:00+00:00, run_after=2026-02-16 00:00:00+00:00
[2026-02-15T22:36:43.730+0000] {processor.py:183} INFO - Processing /opt/airflow/dags/sakiga_ds_pipeline.py took 0.133 seconds
[2026-02-15T22:37:14.476+0000] {processor.py:161} INFO - Started process (PID=559) to work on /opt/airflow/dags/sakiga_ds_pipeline.py
[2026-02-15T22:37:14.478+0000] {processor.py:830} INFO - Processing file /opt/airflow/dags/sakiga_ds_pipeline.py for tasks to queue
[2026-02-15T22:37:14.480+0000] {logging_mixin.py:188} INFO - [2026-02-15T22:37:14.479+0000] {dagbag.py:540} INFO - Filling up the DagBag from /opt/airflow/dags/sakiga_ds_pipeline.py
[2026-02-15T22:37:14.506+0000] {processor.py:840} INFO - DAG(s) 'sakiga_ds_pipeline' retrieved from /opt/airflow/dags/sakiga_ds_pipeline.py
[2026-02-15T22:37:14.542+0000] {logging_mixin.py:188} INFO - [2026-02-15T22:37:14.542+0000] {dag.py:3047} INFO - Sync 1 DAGs
[2026-02-15T22:37:14.564+0000] {logging_mixin.py:188} INFO - [2026-02-15T22:37:14.563+0000] {dag.py:3834} INFO - Setting next_dagrun for sakiga_ds_pipeline to 2026-02-15 00:00:00+00:00, run_after=2026-02-16 00:00:00+00:00
[2026-02-15T22:37:14.595+0000] {processor.py:183} INFO - Processing /opt/airflow/dags/sakiga_ds_pipeline.py took 0.124 seconds
[2026-02-15T22:37:44.748+0000] {processor.py:161} INFO - Started process (PID=560) to work on /opt/airflow/dags/sakiga_ds_pipeline.py
[2026-02-15T22:37:44.749+0000] {processor.py:830} INFO - Processing file /opt/airflow/dags/sakiga_ds_pipeline.py for tasks to queue
[2026-02-15T22:37:44.751+0000] {logging_mixin.py:188} INFO - [2026-02-15T22:37:44.750+0000] {dagbag.py:540} INFO - Filling up the DagBag from /opt/airflow/dags/sakiga_ds_pipeline.py
[2026-02-15T22:37:44.776+0000] {processor.py:840} INFO - DAG(s) 'sakiga_ds_pipeline' retrieved from /opt/airflow/dags/sakiga_ds_pipeline.py
[2026-02-15T22:37:44.806+0000] {logging_mixin.py:188} INFO - [2026-02-15T22:37:44.806+0000] {dag.py:3047} INFO - Sync 1 DAGs
[2026-02-15T22:37:44.826+0000] {logging_mixin.py:188} INFO - [2026-02-15T22:37:44.826+0000] {dag.py:3834} INFO - Setting next_dagrun for sakiga_ds_pipeline to 2026-02-15 00:00:00+00:00, run_after=2026-02-16 00:00:00+00:00
[2026-02-15T22:37:44.874+0000] {processor.py:183} INFO - Processing /opt/airflow/dags/sakiga_ds_pipeline.py took 0.130 seconds
[2026-02-15T22:38:15.502+0000] {processor.py:161} INFO - Started process (PID=561) to work on /opt/airflow/dags/sakiga_ds_pipeline.py
[2026-02-15T22:38:15.504+0000] {processor.py:830} INFO - Processing file /opt/airflow/dags/sakiga_ds_pipeline.py for tasks to queue
[2026-02-15T22:38:15.505+0000] {logging_mixin.py:188} INFO - [2026-02-15T22:38:15.505+0000] {dagbag.py:540} INFO - Filling up the DagBag from /opt/airflow/dags/sakiga_ds_pipeline.py
[2026-02-15T22:38:15.529+0000] {processor.py:840} INFO - DAG(s) 'sakiga_ds_pipeline' retrieved from /opt/airflow/dags/sakiga_ds_pipeline.py
[2026-02-15T22:38:15.558+0000] {logging_mixin.py:188} INFO - [2026-02-15T22:38:15.558+0000] {dag.py:3047} INFO - Sync 1 DAGs
[2026-02-15T22:38:15.580+0000] {logging_mixin.py:188} INFO - [2026-02-15T22:38:15.580+0000] {dag.py:3834} INFO - Setting next_dagrun for sakiga_ds_pipeline to 2026-02-15 00:00:00+00:00, run_after=2026-02-16 00:00:00+00:00
[2026-02-15T22:38:15.608+0000] {processor.py:183} INFO - Processing /opt/airflow/dags/sakiga_ds_pipeline.py took 0.110 seconds
[2026-02-15T22:38:46.015+0000] {processor.py:161} INFO - Started process (PID=562) to work on /opt/airflow/dags/sakiga_ds_pipeline.py
[2026-02-15T22:38:46.017+0000] {processor.py:830} INFO - Processing file /opt/airflow/dags/sakiga_ds_pipeline.py for tasks to queue
[2026-02-15T22:38:46.019+0000] {logging_mixin.py:188} INFO - [2026-02-15T22:38:46.018+0000] {dagbag.py:540} INFO - Filling up the DagBag from /opt/airflow/dags/sakiga_ds_pipeline.py
[2026-02-15T22:38:46.043+0000] {processor.py:840} INFO - DAG(s) 'sakiga_ds_pipeline' retrieved from /opt/airflow/dags/sakiga_ds_pipeline.py
[2026-02-15T22:38:46.073+0000] {logging_mixin.py:188} INFO - [2026-02-15T22:38:46.072+0000] {dag.py:3047} INFO - Sync 1 DAGs
[2026-02-15T22:38:46.093+0000] {logging_mixin.py:188} INFO - [2026-02-15T22:38:46.093+0000] {dag.py:3834} INFO - Setting next_dagrun for sakiga_ds_pipeline to 2026-02-15 00:00:00+00:00, run_after=2026-02-16 00:00:00+00:00
[2026-02-15T22:38:46.123+0000] {processor.py:183} INFO - Processing /opt/airflow/dags/sakiga_ds_pipeline.py took 0.112 seconds
[2026-02-15T22:39:16.587+0000] {processor.py:161} INFO - Started process (PID=563) to work on /opt/airflow/dags/sakiga_ds_pipeline.py
[2026-02-15T22:39:16.589+0000] {processor.py:830} INFO - Processing file /opt/airflow/dags/sakiga_ds_pipeline.py for tasks to queue
[2026-02-15T22:39:16.590+0000] {logging_mixin.py:188} INFO - [2026-02-15T22:39:16.590+0000] {dagbag.py:540} INFO - Filling up the DagBag from /opt/airflow/dags/sakiga_ds_pipeline.py
[2026-02-15T22:39:16.612+0000] {processor.py:840} INFO - DAG(s) 'sakiga_ds_pipeline' retrieved from /opt/airflow/dags/sakiga_ds_pipeline.py
[2026-02-15T22:39:16.642+0000] {logging_mixin.py:188} INFO - [2026-02-15T22:39:16.642+0000] {dag.py:3047} INFO - Sync 1 DAGs
[2026-02-15T22:39:16.662+0000] {logging_mixin.py:188} INFO - [2026-02-15T22:39:16.662+0000] {dag.py:3834} INFO - Setting next_dagrun for sakiga_ds_pipeline to 2026-02-15 00:00:00+00:00, run_after=2026-02-16 00:00:00+00:00
[2026-02-15T22:39:16.695+0000] {processor.py:183} INFO - Processing /opt/airflow/dags/sakiga_ds_pipeline.py took 0.112 seconds
[2026-02-15T22:39:47.136+0000] {processor.py:161} INFO - Started process (PID=564) to work on /opt/airflow/dags/sakiga_ds_pipeline.py
[2026-02-15T22:39:47.137+0000] {processor.py:830} INFO - Processing file /opt/airflow/dags/sakiga_ds_pipeline.py for tasks to queue
[2026-02-15T22:39:47.139+0000] {logging_mixin.py:188} INFO - [2026-02-15T22:39:47.138+0000] {dagbag.py:540} INFO - Filling up the DagBag from /opt/airflow/dags/sakiga_ds_pipeline.py
[2026-02-15T22:39:47.162+0000] {processor.py:840} INFO - DAG(s) 'sakiga_ds_pipeline' retrieved from /opt/airflow/dags/sakiga_ds_pipeline.py
[2026-02-15T22:39:47.192+0000] {logging_mixin.py:188} INFO - [2026-02-15T22:39:47.191+0000] {dag.py:3047} INFO - Sync 1 DAGs
[2026-02-15T22:39:47.212+0000] {logging_mixin.py:188} INFO - [2026-02-15T22:39:47.212+0000] {dag.py:3834} INFO - Setting next_dagrun for sakiga_ds_pipeline to 2026-02-15 00:00:00+00:00, run_after=2026-02-16 00:00:00+00:00
[2026-02-15T22:39:47.242+0000] {processor.py:183} INFO - Processing /opt/airflow/dags/sakiga_ds_pipeline.py took 0.111 seconds
[2026-02-15T22:40:17.695+0000] {processor.py:161} INFO - Started process (PID=565) to work on /opt/airflow/dags/sakiga_ds_pipeline.py
[2026-02-15T22:40:17.697+0000] {processor.py:830} INFO - Processing file /opt/airflow/dags/sakiga_ds_pipeline.py for tasks to queue
[2026-02-15T22:40:17.698+0000] {logging_mixin.py:188} INFO - [2026-02-15T22:40:17.698+0000] {dagbag.py:540} INFO - Filling up the DagBag from /opt/airflow/dags/sakiga_ds_pipeline.py
[2026-02-15T22:40:17.720+0000] {processor.py:840} INFO - DAG(s) 'sakiga_ds_pipeline' retrieved from /opt/airflow/dags/sakiga_ds_pipeline.py
[2026-02-15T22:40:17.749+0000] {logging_mixin.py:188} INFO - [2026-02-15T22:40:17.749+0000] {dag.py:3047} INFO - Sync 1 DAGs
[2026-02-15T22:40:17.769+0000] {logging_mixin.py:188} INFO - [2026-02-15T22:40:17.769+0000] {dag.py:3834} INFO - Setting next_dagrun for sakiga_ds_pipeline to 2026-02-15 00:00:00+00:00, run_after=2026-02-16 00:00:00+00:00
[2026-02-15T22:40:17.799+0000] {processor.py:183} INFO - Processing /opt/airflow/dags/sakiga_ds_pipeline.py took 0.108 seconds
[2026-02-15T22:40:47.943+0000] {processor.py:161} INFO - Started process (PID=566) to work on /opt/airflow/dags/sakiga_ds_pipeline.py
[2026-02-15T22:40:47.944+0000] {processor.py:830} INFO - Processing file /opt/airflow/dags/sakiga_ds_pipeline.py for tasks to queue
[2026-02-15T22:40:47.946+0000] {logging_mixin.py:188} INFO - [2026-02-15T22:40:47.945+0000] {dagbag.py:540} INFO - Filling up the DagBag from /opt/airflow/dags/sakiga_ds_pipeline.py
[2026-02-15T22:40:47.972+0000] {processor.py:840} INFO - DAG(s) 'sakiga_ds_pipeline' retrieved from /opt/airflow/dags/sakiga_ds_pipeline.py
[2026-02-15T22:40:48.007+0000] {logging_mixin.py:188} INFO - [2026-02-15T22:40:48.007+0000] {dag.py:3047} INFO - Sync 1 DAGs
[2026-02-15T22:40:48.031+0000] {logging_mixin.py:188} INFO - [2026-02-15T22:40:48.031+0000] {dag.py:3834} INFO - Setting next_dagrun for sakiga_ds_pipeline to 2026-02-15 00:00:00+00:00, run_after=2026-02-16 00:00:00+00:00
[2026-02-15T22:40:48.067+0000] {processor.py:183} INFO - Processing /opt/airflow/dags/sakiga_ds_pipeline.py took 0.128 seconds
[2026-02-15T22:41:18.356+0000] {processor.py:161} INFO - Started process (PID=567) to work on /opt/airflow/dags/sakiga_ds_pipeline.py
[2026-02-15T22:41:18.358+0000] {processor.py:830} INFO - Processing file /opt/airflow/dags/sakiga_ds_pipeline.py for tasks to queue
[2026-02-15T22:41:18.361+0000] {logging_mixin.py:188} INFO - [2026-02-15T22:41:18.361+0000] {dagbag.py:540} INFO - Filling up the DagBag from /opt/airflow/dags/sakiga_ds_pipeline.py
[2026-02-15T22:41:18.402+0000] {processor.py:840} INFO - DAG(s) 'sakiga_ds_pipeline' retrieved from /opt/airflow/dags/sakiga_ds_pipeline.py
[2026-02-15T22:41:18.440+0000] {logging_mixin.py:188} INFO - [2026-02-15T22:41:18.439+0000] {dag.py:3047} INFO - Sync 1 DAGs
[2026-02-15T22:41:18.466+0000] {logging_mixin.py:188} INFO - [2026-02-15T22:41:18.465+0000] {dag.py:3834} INFO - Setting next_dagrun for sakiga_ds_pipeline to 2026-02-15 00:00:00+00:00, run_after=2026-02-16 00:00:00+00:00
[2026-02-15T22:41:18.515+0000] {processor.py:183} INFO - Processing /opt/airflow/dags/sakiga_ds_pipeline.py took 0.165 seconds
[2026-02-15T22:41:49.025+0000] {processor.py:161} INFO - Started process (PID=568) to work on /opt/airflow/dags/sakiga_ds_pipeline.py
[2026-02-15T22:41:49.026+0000] {processor.py:830} INFO - Processing file /opt/airflow/dags/sakiga_ds_pipeline.py for tasks to queue
[2026-02-15T22:41:49.028+0000] {logging_mixin.py:188} INFO - [2026-02-15T22:41:49.027+0000] {dagbag.py:540} INFO - Filling up the DagBag from /opt/airflow/dags/sakiga_ds_pipeline.py
[2026-02-15T22:41:49.050+0000] {processor.py:840} INFO - DAG(s) 'sakiga_ds_pipeline' retrieved from /opt/airflow/dags/sakiga_ds_pipeline.py
[2026-02-15T22:41:49.080+0000] {logging_mixin.py:188} INFO - [2026-02-15T22:41:49.079+0000] {dag.py:3047} INFO - Sync 1 DAGs
[2026-02-15T22:41:49.101+0000] {logging_mixin.py:188} INFO - [2026-02-15T22:41:49.100+0000] {dag.py:3834} INFO - Setting next_dagrun for sakiga_ds_pipeline to 2026-02-15 00:00:00+00:00, run_after=2026-02-16 00:00:00+00:00
[2026-02-15T22:41:49.131+0000] {processor.py:183} INFO - Processing /opt/airflow/dags/sakiga_ds_pipeline.py took 0.111 seconds
[2026-02-15T22:42:19.442+0000] {processor.py:161} INFO - Started process (PID=569) to work on /opt/airflow/dags/sakiga_ds_pipeline.py
[2026-02-15T22:42:19.444+0000] {processor.py:830} INFO - Processing file /opt/airflow/dags/sakiga_ds_pipeline.py for tasks to queue
[2026-02-15T22:42:19.446+0000] {logging_mixin.py:188} INFO - [2026-02-15T22:42:19.445+0000] {dagbag.py:540} INFO - Filling up the DagBag from /opt/airflow/dags/sakiga_ds_pipeline.py
[2026-02-15T22:42:19.475+0000] {processor.py:840} INFO - DAG(s) 'sakiga_ds_pipeline' retrieved from /opt/airflow/dags/sakiga_ds_pipeline.py
[2026-02-15T22:42:19.511+0000] {logging_mixin.py:188} INFO - [2026-02-15T22:42:19.511+0000] {dag.py:3047} INFO - Sync 1 DAGs
[2026-02-15T22:42:19.534+0000] {logging_mixin.py:188} INFO - [2026-02-15T22:42:19.534+0000] {dag.py:3834} INFO - Setting next_dagrun for sakiga_ds_pipeline to 2026-02-15 00:00:00+00:00, run_after=2026-02-16 00:00:00+00:00
[2026-02-15T22:42:19.572+0000] {processor.py:183} INFO - Processing /opt/airflow/dags/sakiga_ds_pipeline.py took 0.135 seconds
[2026-02-15T22:42:49.961+0000] {processor.py:161} INFO - Started process (PID=570) to work on /opt/airflow/dags/sakiga_ds_pipeline.py
[2026-02-15T22:42:49.962+0000] {processor.py:830} INFO - Processing file /opt/airflow/dags/sakiga_ds_pipeline.py for tasks to queue
[2026-02-15T22:42:49.964+0000] {logging_mixin.py:188} INFO - [2026-02-15T22:42:49.963+0000] {dagbag.py:540} INFO - Filling up the DagBag from /opt/airflow/dags/sakiga_ds_pipeline.py
[2026-02-15T22:42:49.987+0000] {processor.py:840} INFO - DAG(s) 'sakiga_ds_pipeline' retrieved from /opt/airflow/dags/sakiga_ds_pipeline.py
[2026-02-15T22:42:50.022+0000] {logging_mixin.py:188} INFO - [2026-02-15T22:42:50.022+0000] {dag.py:3047} INFO - Sync 1 DAGs
[2026-02-15T22:42:50.043+0000] {logging_mixin.py:188} INFO - [2026-02-15T22:42:50.043+0000] {dag.py:3834} INFO - Setting next_dagrun for sakiga_ds_pipeline to 2026-02-15 00:00:00+00:00, run_after=2026-02-16 00:00:00+00:00
[2026-02-15T22:42:50.076+0000] {processor.py:183} INFO - Processing /opt/airflow/dags/sakiga_ds_pipeline.py took 0.120 seconds
[2026-02-15T22:43:20.491+0000] {processor.py:161} INFO - Started process (PID=571) to work on /opt/airflow/dags/sakiga_ds_pipeline.py
[2026-02-15T22:43:20.495+0000] {processor.py:830} INFO - Processing file /opt/airflow/dags/sakiga_ds_pipeline.py for tasks to queue
[2026-02-15T22:43:20.496+0000] {logging_mixin.py:188} INFO - [2026-02-15T22:43:20.496+0000] {dagbag.py:540} INFO - Filling up the DagBag from /opt/airflow/dags/sakiga_ds_pipeline.py
[2026-02-15T22:43:20.520+0000] {processor.py:840} INFO - DAG(s) 'sakiga_ds_pipeline' retrieved from /opt/airflow/dags/sakiga_ds_pipeline.py
[2026-02-15T22:43:20.551+0000] {logging_mixin.py:188} INFO - [2026-02-15T22:43:20.551+0000] {dag.py:3047} INFO - Sync 1 DAGs
[2026-02-15T22:43:20.573+0000] {logging_mixin.py:188} INFO - [2026-02-15T22:43:20.572+0000] {dag.py:3834} INFO - Setting next_dagrun for sakiga_ds_pipeline to 2026-02-15 00:00:00+00:00, run_after=2026-02-16 00:00:00+00:00
[2026-02-15T22:43:20.608+0000] {processor.py:183} INFO - Processing /opt/airflow/dags/sakiga_ds_pipeline.py took 0.123 seconds
[2026-02-15T22:43:51.030+0000] {processor.py:161} INFO - Started process (PID=572) to work on /opt/airflow/dags/sakiga_ds_pipeline.py
[2026-02-15T22:43:51.032+0000] {processor.py:830} INFO - Processing file /opt/airflow/dags/sakiga_ds_pipeline.py for tasks to queue
[2026-02-15T22:43:51.034+0000] {logging_mixin.py:188} INFO - [2026-02-15T22:43:51.033+0000] {dagbag.py:540} INFO - Filling up the DagBag from /opt/airflow/dags/sakiga_ds_pipeline.py
[2026-02-15T22:43:51.062+0000] {processor.py:840} INFO - DAG(s) 'sakiga_ds_pipeline' retrieved from /opt/airflow/dags/sakiga_ds_pipeline.py
[2026-02-15T22:43:51.092+0000] {logging_mixin.py:188} INFO - [2026-02-15T22:43:51.091+0000] {dag.py:3047} INFO - Sync 1 DAGs
[2026-02-15T22:43:51.112+0000] {logging_mixin.py:188} INFO - [2026-02-15T22:43:51.112+0000] {dag.py:3834} INFO - Setting next_dagrun for sakiga_ds_pipeline to 2026-02-15 00:00:00+00:00, run_after=2026-02-16 00:00:00+00:00
[2026-02-15T22:43:51.144+0000] {processor.py:183} INFO - Processing /opt/airflow/dags/sakiga_ds_pipeline.py took 0.118 seconds
[2026-02-15T22:44:36.329+0000] {processor.py:161} INFO - Started process (PID=605) to work on /opt/airflow/dags/sakiga_ds_pipeline.py
[2026-02-15T22:44:36.330+0000] {processor.py:830} INFO - Processing file /opt/airflow/dags/sakiga_ds_pipeline.py for tasks to queue
[2026-02-15T22:44:36.332+0000] {logging_mixin.py:188} INFO - [2026-02-15T22:44:36.332+0000] {dagbag.py:540} INFO - Filling up the DagBag from /opt/airflow/dags/sakiga_ds_pipeline.py
[2026-02-15T22:44:36.366+0000] {processor.py:840} INFO - DAG(s) 'sakiga_ds_pipeline' retrieved from /opt/airflow/dags/sakiga_ds_pipeline.py
[2026-02-15T22:44:36.399+0000] {logging_mixin.py:188} INFO - [2026-02-15T22:44:36.399+0000] {dag.py:3047} INFO - Sync 1 DAGs
[2026-02-15T22:44:36.423+0000] {logging_mixin.py:188} INFO - [2026-02-15T22:44:36.423+0000] {dag.py:3834} INFO - Setting next_dagrun for sakiga_ds_pipeline to 2026-02-15 00:00:00+00:00, run_after=2026-02-16 00:00:00+00:00
[2026-02-15T22:44:36.456+0000] {processor.py:183} INFO - Processing /opt/airflow/dags/sakiga_ds_pipeline.py took 0.132 seconds
[2026-02-15T22:45:38.886+0000] {processor.py:161} INFO - Started process (PID=643) to work on /opt/airflow/dags/sakiga_ds_pipeline.py
[2026-02-15T22:45:38.888+0000] {processor.py:830} INFO - Processing file /opt/airflow/dags/sakiga_ds_pipeline.py for tasks to queue
[2026-02-15T22:45:38.889+0000] {logging_mixin.py:188} INFO - [2026-02-15T22:45:38.889+0000] {dagbag.py:540} INFO - Filling up the DagBag from /opt/airflow/dags/sakiga_ds_pipeline.py
[2026-02-15T22:45:38.915+0000] {processor.py:840} INFO - DAG(s) 'sakiga_ds_pipeline' retrieved from /opt/airflow/dags/sakiga_ds_pipeline.py
[2026-02-15T22:45:38.947+0000] {logging_mixin.py:188} INFO - [2026-02-15T22:45:38.947+0000] {dag.py:3047} INFO - Sync 1 DAGs
[2026-02-15T22:45:39.028+0000] {logging_mixin.py:188} INFO - [2026-02-15T22:45:39.028+0000] {dag.py:3834} INFO - Setting next_dagrun for sakiga_ds_pipeline to 2026-02-15 00:00:00+00:00, run_after=2026-02-16 00:00:00+00:00
[2026-02-15T22:45:39.099+0000] {processor.py:183} INFO - Processing /opt/airflow/dags/sakiga_ds_pipeline.py took 0.217 seconds
[2026-02-15T22:46:09.721+0000] {processor.py:161} INFO - Started process (PID=666) to work on /opt/airflow/dags/sakiga_ds_pipeline.py
[2026-02-15T22:46:09.723+0000] {processor.py:830} INFO - Processing file /opt/airflow/dags/sakiga_ds_pipeline.py for tasks to queue
[2026-02-15T22:46:09.725+0000] {logging_mixin.py:188} INFO - [2026-02-15T22:46:09.724+0000] {dagbag.py:540} INFO - Filling up the DagBag from /opt/airflow/dags/sakiga_ds_pipeline.py
[2026-02-15T22:46:09.754+0000] {processor.py:840} INFO - DAG(s) 'sakiga_ds_pipeline' retrieved from /opt/airflow/dags/sakiga_ds_pipeline.py
[2026-02-15T22:46:09.784+0000] {logging_mixin.py:188} INFO - [2026-02-15T22:46:09.784+0000] {dag.py:3047} INFO - Sync 1 DAGs
[2026-02-15T22:46:09.808+0000] {logging_mixin.py:188} INFO - [2026-02-15T22:46:09.808+0000] {dag.py:3834} INFO - Setting next_dagrun for sakiga_ds_pipeline to 2026-02-15 00:00:00+00:00, run_after=2026-02-16 00:00:00+00:00
[2026-02-15T22:46:09.837+0000] {processor.py:183} INFO - Processing /opt/airflow/dags/sakiga_ds_pipeline.py took 0.121 seconds
[2026-02-15T22:46:40.901+0000] {processor.py:161} INFO - Started process (PID=667) to work on /opt/airflow/dags/sakiga_ds_pipeline.py
[2026-02-15T22:46:41.038+0000] {processor.py:830} INFO - Processing file /opt/airflow/dags/sakiga_ds_pipeline.py for tasks to queue
[2026-02-15T22:46:41.042+0000] {logging_mixin.py:188} INFO - [2026-02-15T22:46:41.040+0000] {dagbag.py:540} INFO - Filling up the DagBag from /opt/airflow/dags/sakiga_ds_pipeline.py
[2026-02-15T22:46:41.082+0000] {processor.py:840} INFO - DAG(s) 'sakiga_ds_pipeline' retrieved from /opt/airflow/dags/sakiga_ds_pipeline.py
[2026-02-15T22:46:41.113+0000] {logging_mixin.py:188} INFO - [2026-02-15T22:46:41.112+0000] {dag.py:3047} INFO - Sync 1 DAGs
[2026-02-15T22:46:41.136+0000] {logging_mixin.py:188} INFO - [2026-02-15T22:46:41.135+0000] {dag.py:3834} INFO - Setting next_dagrun for sakiga_ds_pipeline to 2026-02-15 00:00:00+00:00, run_after=2026-02-16 00:00:00+00:00
[2026-02-15T22:46:41.171+0000] {processor.py:183} INFO - Processing /opt/airflow/dags/sakiga_ds_pipeline.py took 0.456 seconds
[2026-02-15T22:47:11.707+0000] {processor.py:161} INFO - Started process (PID=668) to work on /opt/airflow/dags/sakiga_ds_pipeline.py
[2026-02-15T22:47:11.710+0000] {processor.py:830} INFO - Processing file /opt/airflow/dags/sakiga_ds_pipeline.py for tasks to queue
[2026-02-15T22:47:11.714+0000] {logging_mixin.py:188} INFO - [2026-02-15T22:47:11.712+0000] {dagbag.py:540} INFO - Filling up the DagBag from /opt/airflow/dags/sakiga_ds_pipeline.py
[2026-02-15T22:47:11.761+0000] {processor.py:840} INFO - DAG(s) 'sakiga_ds_pipeline' retrieved from /opt/airflow/dags/sakiga_ds_pipeline.py
[2026-02-15T22:47:11.904+0000] {logging_mixin.py:188} INFO - [2026-02-15T22:47:11.904+0000] {dag.py:3047} INFO - Sync 1 DAGs
[2026-02-15T22:47:11.929+0000] {logging_mixin.py:188} INFO - [2026-02-15T22:47:11.928+0000] {dag.py:3834} INFO - Setting next_dagrun for sakiga_ds_pipeline to 2026-02-15 00:00:00+00:00, run_after=2026-02-16 00:00:00+00:00
[2026-02-15T22:47:11.966+0000] {processor.py:183} INFO - Processing /opt/airflow/dags/sakiga_ds_pipeline.py took 0.272 seconds
[2026-02-15T22:47:42.142+0000] {processor.py:161} INFO - Started process (PID=669) to work on /opt/airflow/dags/sakiga_ds_pipeline.py
[2026-02-15T22:47:42.144+0000] {processor.py:830} INFO - Processing file /opt/airflow/dags/sakiga_ds_pipeline.py for tasks to queue
[2026-02-15T22:47:42.146+0000] {logging_mixin.py:188} INFO - [2026-02-15T22:47:42.145+0000] {dagbag.py:540} INFO - Filling up the DagBag from /opt/airflow/dags/sakiga_ds_pipeline.py
[2026-02-15T22:47:42.171+0000] {processor.py:840} INFO - DAG(s) 'sakiga_ds_pipeline' retrieved from /opt/airflow/dags/sakiga_ds_pipeline.py
[2026-02-15T22:47:42.201+0000] {logging_mixin.py:188} INFO - [2026-02-15T22:47:42.201+0000] {dag.py:3047} INFO - Sync 1 DAGs
[2026-02-15T22:47:42.221+0000] {logging_mixin.py:188} INFO - [2026-02-15T22:47:42.221+0000] {dag.py:3834} INFO - Setting next_dagrun for sakiga_ds_pipeline to 2026-02-15 00:00:00+00:00, run_after=2026-02-16 00:00:00+00:00
[2026-02-15T22:47:42.252+0000] {processor.py:183} INFO - Processing /opt/airflow/dags/sakiga_ds_pipeline.py took 0.114 seconds
[2026-02-15T22:48:12.556+0000] {processor.py:161} INFO - Started process (PID=670) to work on /opt/airflow/dags/sakiga_ds_pipeline.py
[2026-02-15T22:48:12.559+0000] {processor.py:830} INFO - Processing file /opt/airflow/dags/sakiga_ds_pipeline.py for tasks to queue
[2026-02-15T22:48:12.560+0000] {logging_mixin.py:188} INFO - [2026-02-15T22:48:12.560+0000] {dagbag.py:540} INFO - Filling up the DagBag from /opt/airflow/dags/sakiga_ds_pipeline.py
[2026-02-15T22:48:12.586+0000] {processor.py:840} INFO - DAG(s) 'sakiga_ds_pipeline' retrieved from /opt/airflow/dags/sakiga_ds_pipeline.py
[2026-02-15T22:48:12.626+0000] {logging_mixin.py:188} INFO - [2026-02-15T22:48:12.625+0000] {dag.py:3047} INFO - Sync 1 DAGs
[2026-02-15T22:48:12.662+0000] {logging_mixin.py:188} INFO - [2026-02-15T22:48:12.661+0000] {dag.py:3834} INFO - Setting next_dagrun for sakiga_ds_pipeline to 2026-02-15 00:00:00+00:00, run_after=2026-02-16 00:00:00+00:00
[2026-02-15T22:48:12.708+0000] {processor.py:183} INFO - Processing /opt/airflow/dags/sakiga_ds_pipeline.py took 0.157 seconds
[2026-02-15T22:48:42.923+0000] {processor.py:161} INFO - Started process (PID=671) to work on /opt/airflow/dags/sakiga_ds_pipeline.py
[2026-02-15T22:48:42.925+0000] {processor.py:830} INFO - Processing file /opt/airflow/dags/sakiga_ds_pipeline.py for tasks to queue
[2026-02-15T22:48:42.926+0000] {logging_mixin.py:188} INFO - [2026-02-15T22:48:42.926+0000] {dagbag.py:540} INFO - Filling up the DagBag from /opt/airflow/dags/sakiga_ds_pipeline.py
[2026-02-15T22:48:42.950+0000] {processor.py:840} INFO - DAG(s) 'sakiga_ds_pipeline' retrieved from /opt/airflow/dags/sakiga_ds_pipeline.py
[2026-02-15T22:48:42.985+0000] {logging_mixin.py:188} INFO - [2026-02-15T22:48:42.985+0000] {dag.py:3047} INFO - Sync 1 DAGs
[2026-02-15T22:48:43.008+0000] {logging_mixin.py:188} INFO - [2026-02-15T22:48:43.008+0000] {dag.py:3834} INFO - Setting next_dagrun for sakiga_ds_pipeline to 2026-02-15 00:00:00+00:00, run_after=2026-02-16 00:00:00+00:00
[2026-02-15T22:48:43.042+0000] {processor.py:183} INFO - Processing /opt/airflow/dags/sakiga_ds_pipeline.py took 0.122 seconds
[2026-02-15T22:49:13.326+0000] {processor.py:161} INFO - Started process (PID=672) to work on /opt/airflow/dags/sakiga_ds_pipeline.py
[2026-02-15T22:49:13.328+0000] {processor.py:830} INFO - Processing file /opt/airflow/dags/sakiga_ds_pipeline.py for tasks to queue
[2026-02-15T22:49:13.330+0000] {logging_mixin.py:188} INFO - [2026-02-15T22:49:13.329+0000] {dagbag.py:540} INFO - Filling up the DagBag from /opt/airflow/dags/sakiga_ds_pipeline.py
[2026-02-15T22:49:13.351+0000] {processor.py:840} INFO - DAG(s) 'sakiga_ds_pipeline' retrieved from /opt/airflow/dags/sakiga_ds_pipeline.py
[2026-02-15T22:49:13.388+0000] {logging_mixin.py:188} INFO - [2026-02-15T22:49:13.388+0000] {dag.py:3047} INFO - Sync 1 DAGs
[2026-02-15T22:49:13.422+0000] {logging_mixin.py:188} INFO - [2026-02-15T22:49:13.421+0000] {dag.py:3834} INFO - Setting next_dagrun for sakiga_ds_pipeline to 2026-02-15 00:00:00+00:00, run_after=2026-02-16 00:00:00+00:00
[2026-02-15T22:49:13.475+0000] {processor.py:183} INFO - Processing /opt/airflow/dags/sakiga_ds_pipeline.py took 0.153 seconds
[2026-02-15T22:49:43.800+0000] {processor.py:161} INFO - Started process (PID=673) to work on /opt/airflow/dags/sakiga_ds_pipeline.py
[2026-02-15T22:49:43.802+0000] {processor.py:830} INFO - Processing file /opt/airflow/dags/sakiga_ds_pipeline.py for tasks to queue
[2026-02-15T22:49:43.810+0000] {logging_mixin.py:188} INFO - [2026-02-15T22:49:43.803+0000] {dagbag.py:540} INFO - Filling up the DagBag from /opt/airflow/dags/sakiga_ds_pipeline.py
[2026-02-15T22:49:43.840+0000] {processor.py:840} INFO - DAG(s) 'sakiga_ds_pipeline' retrieved from /opt/airflow/dags/sakiga_ds_pipeline.py
[2026-02-15T22:49:43.870+0000] {logging_mixin.py:188} INFO - [2026-02-15T22:49:43.870+0000] {dag.py:3047} INFO - Sync 1 DAGs
[2026-02-15T22:49:43.892+0000] {logging_mixin.py:188} INFO - [2026-02-15T22:49:43.892+0000] {dag.py:3834} INFO - Setting next_dagrun for sakiga_ds_pipeline to 2026-02-15 00:00:00+00:00, run_after=2026-02-16 00:00:00+00:00
[2026-02-15T22:49:43.920+0000] {processor.py:183} INFO - Processing /opt/airflow/dags/sakiga_ds_pipeline.py took 0.127 seconds
[2026-02-15T22:50:14.202+0000] {processor.py:161} INFO - Started process (PID=674) to work on /opt/airflow/dags/sakiga_ds_pipeline.py
[2026-02-15T22:50:14.204+0000] {processor.py:830} INFO - Processing file /opt/airflow/dags/sakiga_ds_pipeline.py for tasks to queue
[2026-02-15T22:50:14.207+0000] {logging_mixin.py:188} INFO - [2026-02-15T22:50:14.206+0000] {dagbag.py:540} INFO - Filling up the DagBag from /opt/airflow/dags/sakiga_ds_pipeline.py
[2026-02-15T22:50:14.236+0000] {processor.py:840} INFO - DAG(s) 'sakiga_ds_pipeline' retrieved from /opt/airflow/dags/sakiga_ds_pipeline.py
[2026-02-15T22:50:14.266+0000] {logging_mixin.py:188} INFO - [2026-02-15T22:50:14.265+0000] {dag.py:3047} INFO - Sync 1 DAGs
[2026-02-15T22:50:14.286+0000] {logging_mixin.py:188} INFO - [2026-02-15T22:50:14.286+0000] {dag.py:3834} INFO - Setting next_dagrun for sakiga_ds_pipeline to 2026-02-15 00:00:00+00:00, run_after=2026-02-16 00:00:00+00:00
[2026-02-15T22:50:14.326+0000] {processor.py:183} INFO - Processing /opt/airflow/dags/sakiga_ds_pipeline.py took 0.135 seconds
[2026-02-15T22:50:44.524+0000] {processor.py:161} INFO - Started process (PID=675) to work on /opt/airflow/dags/sakiga_ds_pipeline.py
[2026-02-15T22:50:44.526+0000] {processor.py:830} INFO - Processing file /opt/airflow/dags/sakiga_ds_pipeline.py for tasks to queue
[2026-02-15T22:50:44.527+0000] {logging_mixin.py:188} INFO - [2026-02-15T22:50:44.527+0000] {dagbag.py:540} INFO - Filling up the DagBag from /opt/airflow/dags/sakiga_ds_pipeline.py
[2026-02-15T22:50:44.553+0000] {processor.py:840} INFO - DAG(s) 'sakiga_ds_pipeline' retrieved from /opt/airflow/dags/sakiga_ds_pipeline.py
[2026-02-15T22:50:44.582+0000] {logging_mixin.py:188} INFO - [2026-02-15T22:50:44.582+0000] {dag.py:3047} INFO - Sync 1 DAGs
[2026-02-15T22:50:44.604+0000] {logging_mixin.py:188} INFO - [2026-02-15T22:50:44.604+0000] {dag.py:3834} INFO - Setting next_dagrun for sakiga_ds_pipeline to 2026-02-15 00:00:00+00:00, run_after=2026-02-16 00:00:00+00:00
[2026-02-15T22:50:44.644+0000] {processor.py:183} INFO - Processing /opt/airflow/dags/sakiga_ds_pipeline.py took 0.124 seconds
[2026-02-15T22:51:14.893+0000] {processor.py:161} INFO - Started process (PID=676) to work on /opt/airflow/dags/sakiga_ds_pipeline.py
[2026-02-15T22:51:14.895+0000] {processor.py:830} INFO - Processing file /opt/airflow/dags/sakiga_ds_pipeline.py for tasks to queue
[2026-02-15T22:51:14.897+0000] {logging_mixin.py:188} INFO - [2026-02-15T22:51:14.896+0000] {dagbag.py:540} INFO - Filling up the DagBag from /opt/airflow/dags/sakiga_ds_pipeline.py
[2026-02-15T22:51:14.922+0000] {processor.py:840} INFO - DAG(s) 'sakiga_ds_pipeline' retrieved from /opt/airflow/dags/sakiga_ds_pipeline.py
[2026-02-15T22:51:14.953+0000] {logging_mixin.py:188} INFO - [2026-02-15T22:51:14.952+0000] {dag.py:3047} INFO - Sync 1 DAGs
[2026-02-15T22:51:14.972+0000] {logging_mixin.py:188} INFO - [2026-02-15T22:51:14.972+0000] {dag.py:3834} INFO - Setting next_dagrun for sakiga_ds_pipeline to 2026-02-15 00:00:00+00:00, run_after=2026-02-16 00:00:00+00:00
[2026-02-15T22:51:15.004+0000] {processor.py:183} INFO - Processing /opt/airflow/dags/sakiga_ds_pipeline.py took 0.115 seconds
[2026-02-15T22:51:45.231+0000] {processor.py:161} INFO - Started process (PID=677) to work on /opt/airflow/dags/sakiga_ds_pipeline.py
[2026-02-15T22:51:45.233+0000] {processor.py:830} INFO - Processing file /opt/airflow/dags/sakiga_ds_pipeline.py for tasks to queue
[2026-02-15T22:51:45.235+0000] {logging_mixin.py:188} INFO - [2026-02-15T22:51:45.234+0000] {dagbag.py:540} INFO - Filling up the DagBag from /opt/airflow/dags/sakiga_ds_pipeline.py
[2026-02-15T22:51:45.260+0000] {processor.py:840} INFO - DAG(s) 'sakiga_ds_pipeline' retrieved from /opt/airflow/dags/sakiga_ds_pipeline.py
[2026-02-15T22:51:45.289+0000] {logging_mixin.py:188} INFO - [2026-02-15T22:51:45.289+0000] {dag.py:3047} INFO - Sync 1 DAGs
[2026-02-15T22:51:45.309+0000] {logging_mixin.py:188} INFO - [2026-02-15T22:51:45.308+0000] {dag.py:3834} INFO - Setting next_dagrun for sakiga_ds_pipeline to 2026-02-15 00:00:00+00:00, run_after=2026-02-16 00:00:00+00:00
[2026-02-15T22:51:45.338+0000] {processor.py:183} INFO - Processing /opt/airflow/dags/sakiga_ds_pipeline.py took 0.111 seconds
[2026-02-15T22:52:15.580+0000] {processor.py:161} INFO - Started process (PID=678) to work on /opt/airflow/dags/sakiga_ds_pipeline.py
[2026-02-15T22:52:15.584+0000] {processor.py:830} INFO - Processing file /opt/airflow/dags/sakiga_ds_pipeline.py for tasks to queue
[2026-02-15T22:52:15.588+0000] {logging_mixin.py:188} INFO - [2026-02-15T22:52:15.586+0000] {dagbag.py:540} INFO - Filling up the DagBag from /opt/airflow/dags/sakiga_ds_pipeline.py
[2026-02-15T22:52:15.612+0000] {processor.py:840} INFO - DAG(s) 'sakiga_ds_pipeline' retrieved from /opt/airflow/dags/sakiga_ds_pipeline.py
[2026-02-15T22:52:15.642+0000] {logging_mixin.py:188} INFO - [2026-02-15T22:52:15.642+0000] {dag.py:3047} INFO - Sync 1 DAGs
[2026-02-15T22:52:15.663+0000] {logging_mixin.py:188} INFO - [2026-02-15T22:52:15.663+0000] {dag.py:3834} INFO - Setting next_dagrun for sakiga_ds_pipeline to 2026-02-15 00:00:00+00:00, run_after=2026-02-16 00:00:00+00:00
[2026-02-15T22:52:15.715+0000] {processor.py:183} INFO - Processing /opt/airflow/dags/sakiga_ds_pipeline.py took 0.148 seconds
[2026-02-15T22:52:45.902+0000] {processor.py:161} INFO - Started process (PID=679) to work on /opt/airflow/dags/sakiga_ds_pipeline.py
[2026-02-15T22:52:45.903+0000] {processor.py:830} INFO - Processing file /opt/airflow/dags/sakiga_ds_pipeline.py for tasks to queue
[2026-02-15T22:52:45.905+0000] {logging_mixin.py:188} INFO - [2026-02-15T22:52:45.904+0000] {dagbag.py:540} INFO - Filling up the DagBag from /opt/airflow/dags/sakiga_ds_pipeline.py
[2026-02-15T22:52:45.934+0000] {processor.py:840} INFO - DAG(s) 'sakiga_ds_pipeline' retrieved from /opt/airflow/dags/sakiga_ds_pipeline.py
[2026-02-15T22:52:45.972+0000] {logging_mixin.py:188} INFO - [2026-02-15T22:52:45.972+0000] {dag.py:3047} INFO - Sync 1 DAGs
[2026-02-15T22:52:45.995+0000] {logging_mixin.py:188} INFO - [2026-02-15T22:52:45.995+0000] {dag.py:3834} INFO - Setting next_dagrun for sakiga_ds_pipeline to 2026-02-15 00:00:00+00:00, run_after=2026-02-16 00:00:00+00:00
[2026-02-15T22:52:46.025+0000] {processor.py:183} INFO - Processing /opt/airflow/dags/sakiga_ds_pipeline.py took 0.127 seconds
[2026-02-15T22:53:16.232+0000] {processor.py:161} INFO - Started process (PID=680) to work on /opt/airflow/dags/sakiga_ds_pipeline.py
[2026-02-15T22:53:16.234+0000] {processor.py:830} INFO - Processing file /opt/airflow/dags/sakiga_ds_pipeline.py for tasks to queue
[2026-02-15T22:53:16.235+0000] {logging_mixin.py:188} INFO - [2026-02-15T22:53:16.235+0000] {dagbag.py:540} INFO - Filling up the DagBag from /opt/airflow/dags/sakiga_ds_pipeline.py
[2026-02-15T22:53:16.259+0000] {processor.py:840} INFO - DAG(s) 'sakiga_ds_pipeline' retrieved from /opt/airflow/dags/sakiga_ds_pipeline.py
[2026-02-15T22:53:16.290+0000] {logging_mixin.py:188} INFO - [2026-02-15T22:53:16.290+0000] {dag.py:3047} INFO - Sync 1 DAGs
[2026-02-15T22:53:16.317+0000] {logging_mixin.py:188} INFO - [2026-02-15T22:53:16.317+0000] {dag.py:3834} INFO - Setting next_dagrun for sakiga_ds_pipeline to 2026-02-15 00:00:00+00:00, run_after=2026-02-16 00:00:00+00:00
[2026-02-15T22:53:16.347+0000] {processor.py:183} INFO - Processing /opt/airflow/dags/sakiga_ds_pipeline.py took 0.119 seconds
[2026-02-15T22:53:46.580+0000] {processor.py:161} INFO - Started process (PID=681) to work on /opt/airflow/dags/sakiga_ds_pipeline.py
[2026-02-15T22:53:46.581+0000] {processor.py:830} INFO - Processing file /opt/airflow/dags/sakiga_ds_pipeline.py for tasks to queue
[2026-02-15T22:53:46.583+0000] {logging_mixin.py:188} INFO - [2026-02-15T22:53:46.582+0000] {dagbag.py:540} INFO - Filling up the DagBag from /opt/airflow/dags/sakiga_ds_pipeline.py
[2026-02-15T22:53:46.608+0000] {processor.py:840} INFO - DAG(s) 'sakiga_ds_pipeline' retrieved from /opt/airflow/dags/sakiga_ds_pipeline.py
[2026-02-15T22:53:46.638+0000] {logging_mixin.py:188} INFO - [2026-02-15T22:53:46.638+0000] {dag.py:3047} INFO - Sync 1 DAGs
[2026-02-15T22:53:46.664+0000] {logging_mixin.py:188} INFO - [2026-02-15T22:53:46.664+0000] {dag.py:3834} INFO - Setting next_dagrun for sakiga_ds_pipeline to 2026-02-15 00:00:00+00:00, run_after=2026-02-16 00:00:00+00:00
[2026-02-15T22:53:46.702+0000] {processor.py:183} INFO - Processing /opt/airflow/dags/sakiga_ds_pipeline.py took 0.127 seconds
[2026-02-15T22:54:16.950+0000] {processor.py:161} INFO - Started process (PID=682) to work on /opt/airflow/dags/sakiga_ds_pipeline.py
[2026-02-15T22:54:16.952+0000] {processor.py:830} INFO - Processing file /opt/airflow/dags/sakiga_ds_pipeline.py for tasks to queue
[2026-02-15T22:54:16.953+0000] {logging_mixin.py:188} INFO - [2026-02-15T22:54:16.953+0000] {dagbag.py:540} INFO - Filling up the DagBag from /opt/airflow/dags/sakiga_ds_pipeline.py
[2026-02-15T22:54:16.979+0000] {processor.py:840} INFO - DAG(s) 'sakiga_ds_pipeline' retrieved from /opt/airflow/dags/sakiga_ds_pipeline.py
[2026-02-15T22:54:17.009+0000] {logging_mixin.py:188} INFO - [2026-02-15T22:54:17.009+0000] {dag.py:3047} INFO - Sync 1 DAGs
[2026-02-15T22:54:17.029+0000] {logging_mixin.py:188} INFO - [2026-02-15T22:54:17.029+0000] {dag.py:3834} INFO - Setting next_dagrun for sakiga_ds_pipeline to 2026-02-15 00:00:00+00:00, run_after=2026-02-16 00:00:00+00:00
[2026-02-15T22:54:17.063+0000] {processor.py:183} INFO - Processing /opt/airflow/dags/sakiga_ds_pipeline.py took 0.117 seconds
[2026-02-15T22:54:47.266+0000] {processor.py:161} INFO - Started process (PID=683) to work on /opt/airflow/dags/sakiga_ds_pipeline.py
[2026-02-15T22:54:47.267+0000] {processor.py:830} INFO - Processing file /opt/airflow/dags/sakiga_ds_pipeline.py for tasks to queue
[2026-02-15T22:54:47.269+0000] {logging_mixin.py:188} INFO - [2026-02-15T22:54:47.268+0000] {dagbag.py:540} INFO - Filling up the DagBag from /opt/airflow/dags/sakiga_ds_pipeline.py
[2026-02-15T22:54:47.294+0000] {processor.py:840} INFO - DAG(s) 'sakiga_ds_pipeline' retrieved from /opt/airflow/dags/sakiga_ds_pipeline.py
[2026-02-15T22:54:47.324+0000] {logging_mixin.py:188} INFO - [2026-02-15T22:54:47.324+0000] {dag.py:3047} INFO - Sync 1 DAGs
[2026-02-15T22:54:47.344+0000] {logging_mixin.py:188} INFO - [2026-02-15T22:54:47.344+0000] {dag.py:3834} INFO - Setting next_dagrun for sakiga_ds_pipeline to 2026-02-15 00:00:00+00:00, run_after=2026-02-16 00:00:00+00:00
[2026-02-15T22:54:47.377+0000] {processor.py:183} INFO - Processing /opt/airflow/dags/sakiga_ds_pipeline.py took 0.115 seconds
[2026-02-15T22:55:17.556+0000] {processor.py:161} INFO - Started process (PID=684) to work on /opt/airflow/dags/sakiga_ds_pipeline.py
[2026-02-15T22:55:17.557+0000] {processor.py:830} INFO - Processing file /opt/airflow/dags/sakiga_ds_pipeline.py for tasks to queue
[2026-02-15T22:55:17.559+0000] {logging_mixin.py:188} INFO - [2026-02-15T22:55:17.559+0000] {dagbag.py:540} INFO - Filling up the DagBag from /opt/airflow/dags/sakiga_ds_pipeline.py
[2026-02-15T22:55:17.586+0000] {processor.py:840} INFO - DAG(s) 'sakiga_ds_pipeline' retrieved from /opt/airflow/dags/sakiga_ds_pipeline.py
[2026-02-15T22:55:17.623+0000] {logging_mixin.py:188} INFO - [2026-02-15T22:55:17.622+0000] {dag.py:3047} INFO - Sync 1 DAGs
[2026-02-15T22:55:17.647+0000] {logging_mixin.py:188} INFO - [2026-02-15T22:55:17.647+0000] {dag.py:3834} INFO - Setting next_dagrun for sakiga_ds_pipeline to 2026-02-15 00:00:00+00:00, run_after=2026-02-16 00:00:00+00:00
[2026-02-15T22:55:17.681+0000] {processor.py:183} INFO - Processing /opt/airflow/dags/sakiga_ds_pipeline.py took 0.130 seconds
[2026-02-15T22:55:47.867+0000] {processor.py:161} INFO - Started process (PID=685) to work on /opt/airflow/dags/sakiga_ds_pipeline.py
[2026-02-15T22:55:47.869+0000] {processor.py:830} INFO - Processing file /opt/airflow/dags/sakiga_ds_pipeline.py for tasks to queue
[2026-02-15T22:55:47.872+0000] {logging_mixin.py:188} INFO - [2026-02-15T22:55:47.871+0000] {dagbag.py:540} INFO - Filling up the DagBag from /opt/airflow/dags/sakiga_ds_pipeline.py
[2026-02-15T22:55:47.896+0000] {processor.py:840} INFO - DAG(s) 'sakiga_ds_pipeline' retrieved from /opt/airflow/dags/sakiga_ds_pipeline.py
[2026-02-15T22:55:47.944+0000] {logging_mixin.py:188} INFO - [2026-02-15T22:55:47.944+0000] {dag.py:3047} INFO - Sync 1 DAGs
[2026-02-15T22:55:47.977+0000] {logging_mixin.py:188} INFO - [2026-02-15T22:55:47.977+0000] {dag.py:3834} INFO - Setting next_dagrun for sakiga_ds_pipeline to 2026-02-15 00:00:00+00:00, run_after=2026-02-16 00:00:00+00:00
[2026-02-15T22:55:48.023+0000] {processor.py:183} INFO - Processing /opt/airflow/dags/sakiga_ds_pipeline.py took 0.164 seconds
[2026-02-15T22:56:18.194+0000] {processor.py:161} INFO - Started process (PID=686) to work on /opt/airflow/dags/sakiga_ds_pipeline.py
[2026-02-15T22:56:18.196+0000] {processor.py:830} INFO - Processing file /opt/airflow/dags/sakiga_ds_pipeline.py for tasks to queue
[2026-02-15T22:56:18.198+0000] {logging_mixin.py:188} INFO - [2026-02-15T22:56:18.197+0000] {dagbag.py:540} INFO - Filling up the DagBag from /opt/airflow/dags/sakiga_ds_pipeline.py
[2026-02-15T22:56:18.240+0000] {processor.py:840} INFO - DAG(s) 'sakiga_ds_pipeline' retrieved from /opt/airflow/dags/sakiga_ds_pipeline.py
[2026-02-15T22:56:18.289+0000] {logging_mixin.py:188} INFO - [2026-02-15T22:56:18.289+0000] {dag.py:3047} INFO - Sync 1 DAGs
[2026-02-15T22:56:18.311+0000] {logging_mixin.py:188} INFO - [2026-02-15T22:56:18.310+0000] {dag.py:3834} INFO - Setting next_dagrun for sakiga_ds_pipeline to 2026-02-15 00:00:00+00:00, run_after=2026-02-16 00:00:00+00:00
[2026-02-15T22:56:18.348+0000] {processor.py:183} INFO - Processing /opt/airflow/dags/sakiga_ds_pipeline.py took 0.163 seconds
[2026-02-15T22:56:48.520+0000] {processor.py:161} INFO - Started process (PID=687) to work on /opt/airflow/dags/sakiga_ds_pipeline.py
[2026-02-15T22:56:48.521+0000] {processor.py:830} INFO - Processing file /opt/airflow/dags/sakiga_ds_pipeline.py for tasks to queue
[2026-02-15T22:56:48.523+0000] {logging_mixin.py:188} INFO - [2026-02-15T22:56:48.522+0000] {dagbag.py:540} INFO - Filling up the DagBag from /opt/airflow/dags/sakiga_ds_pipeline.py
[2026-02-15T22:56:48.562+0000] {processor.py:840} INFO - DAG(s) 'sakiga_ds_pipeline' retrieved from /opt/airflow/dags/sakiga_ds_pipeline.py
[2026-02-15T22:56:48.604+0000] {logging_mixin.py:188} INFO - [2026-02-15T22:56:48.604+0000] {dag.py:3047} INFO - Sync 1 DAGs
[2026-02-15T22:56:48.639+0000] {logging_mixin.py:188} INFO - [2026-02-15T22:56:48.639+0000] {dag.py:3834} INFO - Setting next_dagrun for sakiga_ds_pipeline to 2026-02-15 00:00:00+00:00, run_after=2026-02-16 00:00:00+00:00
[2026-02-15T22:56:48.676+0000] {processor.py:183} INFO - Processing /opt/airflow/dags/sakiga_ds_pipeline.py took 0.164 seconds
[2026-02-15T22:57:18.857+0000] {processor.py:161} INFO - Started process (PID=688) to work on /opt/airflow/dags/sakiga_ds_pipeline.py
[2026-02-15T22:57:18.859+0000] {processor.py:830} INFO - Processing file /opt/airflow/dags/sakiga_ds_pipeline.py for tasks to queue
[2026-02-15T22:57:18.861+0000] {logging_mixin.py:188} INFO - [2026-02-15T22:57:18.860+0000] {dagbag.py:540} INFO - Filling up the DagBag from /opt/airflow/dags/sakiga_ds_pipeline.py
[2026-02-15T22:57:18.889+0000] {processor.py:840} INFO - DAG(s) 'sakiga_ds_pipeline' retrieved from /opt/airflow/dags/sakiga_ds_pipeline.py
[2026-02-15T22:57:18.925+0000] {logging_mixin.py:188} INFO - [2026-02-15T22:57:18.925+0000] {dag.py:3047} INFO - Sync 1 DAGs
[2026-02-15T22:57:18.948+0000] {logging_mixin.py:188} INFO - [2026-02-15T22:57:18.948+0000] {dag.py:3834} INFO - Setting next_dagrun for sakiga_ds_pipeline to 2026-02-15 00:00:00+00:00, run_after=2026-02-16 00:00:00+00:00
[2026-02-15T22:57:18.983+0000] {processor.py:183} INFO - Processing /opt/airflow/dags/sakiga_ds_pipeline.py took 0.130 seconds
[2026-02-15T22:57:49.196+0000] {processor.py:161} INFO - Started process (PID=689) to work on /opt/airflow/dags/sakiga_ds_pipeline.py
[2026-02-15T22:57:49.198+0000] {processor.py:830} INFO - Processing file /opt/airflow/dags/sakiga_ds_pipeline.py for tasks to queue
[2026-02-15T22:57:49.199+0000] {logging_mixin.py:188} INFO - [2026-02-15T22:57:49.199+0000] {dagbag.py:540} INFO - Filling up the DagBag from /opt/airflow/dags/sakiga_ds_pipeline.py
[2026-02-15T22:57:49.224+0000] {processor.py:840} INFO - DAG(s) 'sakiga_ds_pipeline' retrieved from /opt/airflow/dags/sakiga_ds_pipeline.py
[2026-02-15T22:57:49.260+0000] {logging_mixin.py:188} INFO - [2026-02-15T22:57:49.260+0000] {dag.py:3047} INFO - Sync 1 DAGs
[2026-02-15T22:57:49.291+0000] {logging_mixin.py:188} INFO - [2026-02-15T22:57:49.291+0000] {dag.py:3834} INFO - Setting next_dagrun for sakiga_ds_pipeline to 2026-02-15 00:00:00+00:00, run_after=2026-02-16 00:00:00+00:00
[2026-02-15T22:57:49.330+0000] {processor.py:183} INFO - Processing /opt/airflow/dags/sakiga_ds_pipeline.py took 0.140 seconds
[2026-02-15T22:58:19.514+0000] {processor.py:161} INFO - Started process (PID=690) to work on /opt/airflow/dags/sakiga_ds_pipeline.py
[2026-02-15T22:58:19.516+0000] {processor.py:830} INFO - Processing file /opt/airflow/dags/sakiga_ds_pipeline.py for tasks to queue
[2026-02-15T22:58:19.519+0000] {logging_mixin.py:188} INFO - [2026-02-15T22:58:19.517+0000] {dagbag.py:540} INFO - Filling up the DagBag from /opt/airflow/dags/sakiga_ds_pipeline.py
[2026-02-15T22:58:19.547+0000] {processor.py:840} INFO - DAG(s) 'sakiga_ds_pipeline' retrieved from /opt/airflow/dags/sakiga_ds_pipeline.py
[2026-02-15T22:58:19.592+0000] {logging_mixin.py:188} INFO - [2026-02-15T22:58:19.591+0000] {dag.py:3047} INFO - Sync 1 DAGs
[2026-02-15T22:58:19.626+0000] {logging_mixin.py:188} INFO - [2026-02-15T22:58:19.626+0000] {dag.py:3834} INFO - Setting next_dagrun for sakiga_ds_pipeline to 2026-02-15 00:00:00+00:00, run_after=2026-02-16 00:00:00+00:00
[2026-02-15T22:58:19.686+0000] {processor.py:183} INFO - Processing /opt/airflow/dags/sakiga_ds_pipeline.py took 0.176 seconds
[2026-02-15T22:58:49.867+0000] {processor.py:161} INFO - Started process (PID=691) to work on /opt/airflow/dags/sakiga_ds_pipeline.py
[2026-02-15T22:58:49.870+0000] {processor.py:830} INFO - Processing file /opt/airflow/dags/sakiga_ds_pipeline.py for tasks to queue
[2026-02-15T22:58:49.872+0000] {logging_mixin.py:188} INFO - [2026-02-15T22:58:49.871+0000] {dagbag.py:540} INFO - Filling up the DagBag from /opt/airflow/dags/sakiga_ds_pipeline.py
[2026-02-15T22:58:49.922+0000] {processor.py:840} INFO - DAG(s) 'sakiga_ds_pipeline' retrieved from /opt/airflow/dags/sakiga_ds_pipeline.py
[2026-02-15T22:58:49.968+0000] {logging_mixin.py:188} INFO - [2026-02-15T22:58:49.968+0000] {dag.py:3047} INFO - Sync 1 DAGs
[2026-02-15T22:58:50.017+0000] {logging_mixin.py:188} INFO - [2026-02-15T22:58:50.016+0000] {dag.py:3834} INFO - Setting next_dagrun for sakiga_ds_pipeline to 2026-02-15 00:00:00+00:00, run_after=2026-02-16 00:00:00+00:00
[2026-02-15T22:58:50.082+0000] {processor.py:183} INFO - Processing /opt/airflow/dags/sakiga_ds_pipeline.py took 0.228 seconds
[2026-02-15T22:59:20.309+0000] {processor.py:161} INFO - Started process (PID=692) to work on /opt/airflow/dags/sakiga_ds_pipeline.py
[2026-02-15T22:59:20.311+0000] {processor.py:830} INFO - Processing file /opt/airflow/dags/sakiga_ds_pipeline.py for tasks to queue
[2026-02-15T22:59:20.313+0000] {logging_mixin.py:188} INFO - [2026-02-15T22:59:20.312+0000] {dagbag.py:540} INFO - Filling up the DagBag from /opt/airflow/dags/sakiga_ds_pipeline.py
[2026-02-15T22:59:20.344+0000] {processor.py:840} INFO - DAG(s) 'sakiga_ds_pipeline' retrieved from /opt/airflow/dags/sakiga_ds_pipeline.py
[2026-02-15T22:59:20.387+0000] {logging_mixin.py:188} INFO - [2026-02-15T22:59:20.387+0000] {dag.py:3047} INFO - Sync 1 DAGs
[2026-02-15T22:59:20.417+0000] {logging_mixin.py:188} INFO - [2026-02-15T22:59:20.417+0000] {dag.py:3834} INFO - Setting next_dagrun for sakiga_ds_pipeline to 2026-02-15 00:00:00+00:00, run_after=2026-02-16 00:00:00+00:00
[2026-02-15T22:59:20.449+0000] {processor.py:183} INFO - Processing /opt/airflow/dags/sakiga_ds_pipeline.py took 0.145 seconds
[2026-02-15T22:59:50.600+0000] {processor.py:161} INFO - Started process (PID=693) to work on /opt/airflow/dags/sakiga_ds_pipeline.py
[2026-02-15T22:59:50.602+0000] {processor.py:830} INFO - Processing file /opt/airflow/dags/sakiga_ds_pipeline.py for tasks to queue
[2026-02-15T22:59:50.603+0000] {logging_mixin.py:188} INFO - [2026-02-15T22:59:50.603+0000] {dagbag.py:540} INFO - Filling up the DagBag from /opt/airflow/dags/sakiga_ds_pipeline.py
[2026-02-15T22:59:50.638+0000] {processor.py:840} INFO - DAG(s) 'sakiga_ds_pipeline' retrieved from /opt/airflow/dags/sakiga_ds_pipeline.py
[2026-02-15T22:59:50.673+0000] {logging_mixin.py:188} INFO - [2026-02-15T22:59:50.673+0000] {dag.py:3047} INFO - Sync 1 DAGs
[2026-02-15T22:59:50.701+0000] {logging_mixin.py:188} INFO - [2026-02-15T22:59:50.701+0000] {dag.py:3834} INFO - Setting next_dagrun for sakiga_ds_pipeline to 2026-02-15 00:00:00+00:00, run_after=2026-02-16 00:00:00+00:00
[2026-02-15T22:59:50.745+0000] {processor.py:183} INFO - Processing /opt/airflow/dags/sakiga_ds_pipeline.py took 0.150 seconds
[2026-02-15T23:00:20.843+0000] {processor.py:161} INFO - Started process (PID=694) to work on /opt/airflow/dags/sakiga_ds_pipeline.py
[2026-02-15T23:00:20.848+0000] {processor.py:830} INFO - Processing file /opt/airflow/dags/sakiga_ds_pipeline.py for tasks to queue
[2026-02-15T23:00:20.855+0000] {logging_mixin.py:188} INFO - [2026-02-15T23:00:20.850+0000] {dagbag.py:540} INFO - Filling up the DagBag from /opt/airflow/dags/sakiga_ds_pipeline.py
[2026-02-15T23:00:20.886+0000] {processor.py:840} INFO - DAG(s) 'sakiga_ds_pipeline' retrieved from /opt/airflow/dags/sakiga_ds_pipeline.py
[2026-02-15T23:00:20.931+0000] {logging_mixin.py:188} INFO - [2026-02-15T23:00:20.931+0000] {dag.py:3047} INFO - Sync 1 DAGs
[2026-02-15T23:00:20.967+0000] {logging_mixin.py:188} INFO - [2026-02-15T23:00:20.967+0000] {dag.py:3834} INFO - Setting next_dagrun for sakiga_ds_pipeline to 2026-02-15 00:00:00+00:00, run_after=2026-02-16 00:00:00+00:00
[2026-02-15T23:00:21.037+0000] {processor.py:183} INFO - Processing /opt/airflow/dags/sakiga_ds_pipeline.py took 0.200 seconds
[2026-02-15T23:00:51.280+0000] {processor.py:161} INFO - Started process (PID=695) to work on /opt/airflow/dags/sakiga_ds_pipeline.py
[2026-02-15T23:00:51.289+0000] {processor.py:830} INFO - Processing file /opt/airflow/dags/sakiga_ds_pipeline.py for tasks to queue
[2026-02-15T23:00:51.291+0000] {logging_mixin.py:188} INFO - [2026-02-15T23:00:51.290+0000] {dagbag.py:540} INFO - Filling up the DagBag from /opt/airflow/dags/sakiga_ds_pipeline.py
[2026-02-15T23:00:51.337+0000] {processor.py:840} INFO - DAG(s) 'sakiga_ds_pipeline' retrieved from /opt/airflow/dags/sakiga_ds_pipeline.py
[2026-02-15T23:00:51.436+0000] {logging_mixin.py:188} INFO - [2026-02-15T23:00:51.435+0000] {dag.py:3047} INFO - Sync 1 DAGs
[2026-02-15T23:00:51.463+0000] {logging_mixin.py:188} INFO - [2026-02-15T23:00:51.463+0000] {dag.py:3834} INFO - Setting next_dagrun for sakiga_ds_pipeline to 2026-02-15 00:00:00+00:00, run_after=2026-02-16 00:00:00+00:00
[2026-02-15T23:00:51.504+0000] {processor.py:183} INFO - Processing /opt/airflow/dags/sakiga_ds_pipeline.py took 0.228 seconds
[2026-02-15T23:01:21.705+0000] {processor.py:161} INFO - Started process (PID=696) to work on /opt/airflow/dags/sakiga_ds_pipeline.py
[2026-02-15T23:01:21.707+0000] {processor.py:830} INFO - Processing file /opt/airflow/dags/sakiga_ds_pipeline.py for tasks to queue
[2026-02-15T23:01:21.708+0000] {logging_mixin.py:188} INFO - [2026-02-15T23:01:21.708+0000] {dagbag.py:540} INFO - Filling up the DagBag from /opt/airflow/dags/sakiga_ds_pipeline.py
[2026-02-15T23:01:21.731+0000] {processor.py:840} INFO - DAG(s) 'sakiga_ds_pipeline' retrieved from /opt/airflow/dags/sakiga_ds_pipeline.py
[2026-02-15T23:01:21.761+0000] {logging_mixin.py:188} INFO - [2026-02-15T23:01:21.761+0000] {dag.py:3047} INFO - Sync 1 DAGs
[2026-02-15T23:01:21.782+0000] {logging_mixin.py:188} INFO - [2026-02-15T23:01:21.782+0000] {dag.py:3834} INFO - Setting next_dagrun for sakiga_ds_pipeline to 2026-02-15 00:00:00+00:00, run_after=2026-02-16 00:00:00+00:00
[2026-02-15T23:01:21.811+0000] {processor.py:183} INFO - Processing /opt/airflow/dags/sakiga_ds_pipeline.py took 0.110 seconds
[2026-02-15T23:01:52.022+0000] {processor.py:161} INFO - Started process (PID=697) to work on /opt/airflow/dags/sakiga_ds_pipeline.py
[2026-02-15T23:01:52.024+0000] {processor.py:830} INFO - Processing file /opt/airflow/dags/sakiga_ds_pipeline.py for tasks to queue
[2026-02-15T23:01:52.025+0000] {logging_mixin.py:188} INFO - [2026-02-15T23:01:52.025+0000] {dagbag.py:540} INFO - Filling up the DagBag from /opt/airflow/dags/sakiga_ds_pipeline.py
[2026-02-15T23:01:52.053+0000] {processor.py:840} INFO - DAG(s) 'sakiga_ds_pipeline' retrieved from /opt/airflow/dags/sakiga_ds_pipeline.py
[2026-02-15T23:01:52.082+0000] {logging_mixin.py:188} INFO - [2026-02-15T23:01:52.082+0000] {dag.py:3047} INFO - Sync 1 DAGs
[2026-02-15T23:01:52.103+0000] {logging_mixin.py:188} INFO - [2026-02-15T23:01:52.103+0000] {dag.py:3834} INFO - Setting next_dagrun for sakiga_ds_pipeline to 2026-02-15 00:00:00+00:00, run_after=2026-02-16 00:00:00+00:00
[2026-02-15T23:01:52.134+0000] {processor.py:183} INFO - Processing /opt/airflow/dags/sakiga_ds_pipeline.py took 0.116 seconds
[2026-02-15T23:02:22.308+0000] {processor.py:161} INFO - Started process (PID=698) to work on /opt/airflow/dags/sakiga_ds_pipeline.py
[2026-02-15T23:02:22.310+0000] {processor.py:830} INFO - Processing file /opt/airflow/dags/sakiga_ds_pipeline.py for tasks to queue
[2026-02-15T23:02:22.311+0000] {logging_mixin.py:188} INFO - [2026-02-15T23:02:22.311+0000] {dagbag.py:540} INFO - Filling up the DagBag from /opt/airflow/dags/sakiga_ds_pipeline.py
[2026-02-15T23:02:22.335+0000] {processor.py:840} INFO - DAG(s) 'sakiga_ds_pipeline' retrieved from /opt/airflow/dags/sakiga_ds_pipeline.py
[2026-02-15T23:02:22.366+0000] {logging_mixin.py:188} INFO - [2026-02-15T23:02:22.366+0000] {dag.py:3047} INFO - Sync 1 DAGs
[2026-02-15T23:02:22.386+0000] {logging_mixin.py:188} INFO - [2026-02-15T23:02:22.385+0000] {dag.py:3834} INFO - Setting next_dagrun for sakiga_ds_pipeline to 2026-02-15 00:00:00+00:00, run_after=2026-02-16 00:00:00+00:00
[2026-02-15T23:02:22.418+0000] {processor.py:183} INFO - Processing /opt/airflow/dags/sakiga_ds_pipeline.py took 0.115 seconds
[2026-02-15T23:02:52.624+0000] {processor.py:161} INFO - Started process (PID=699) to work on /opt/airflow/dags/sakiga_ds_pipeline.py
[2026-02-15T23:02:52.626+0000] {processor.py:830} INFO - Processing file /opt/airflow/dags/sakiga_ds_pipeline.py for tasks to queue
[2026-02-15T23:02:52.632+0000] {logging_mixin.py:188} INFO - [2026-02-15T23:02:52.631+0000] {dagbag.py:540} INFO - Filling up the DagBag from /opt/airflow/dags/sakiga_ds_pipeline.py
[2026-02-15T23:02:52.666+0000] {processor.py:840} INFO - DAG(s) 'sakiga_ds_pipeline' retrieved from /opt/airflow/dags/sakiga_ds_pipeline.py
[2026-02-15T23:02:52.704+0000] {logging_mixin.py:188} INFO - [2026-02-15T23:02:52.704+0000] {dag.py:3047} INFO - Sync 1 DAGs
[2026-02-15T23:02:52.729+0000] {logging_mixin.py:188} INFO - [2026-02-15T23:02:52.728+0000] {dag.py:3834} INFO - Setting next_dagrun for sakiga_ds_pipeline to 2026-02-15 00:00:00+00:00, run_after=2026-02-16 00:00:00+00:00
[2026-02-15T23:02:52.766+0000] {processor.py:183} INFO - Processing /opt/airflow/dags/sakiga_ds_pipeline.py took 0.145 seconds
[2026-02-15T23:03:22.932+0000] {processor.py:161} INFO - Started process (PID=700) to work on /opt/airflow/dags/sakiga_ds_pipeline.py
[2026-02-15T23:03:22.933+0000] {processor.py:830} INFO - Processing file /opt/airflow/dags/sakiga_ds_pipeline.py for tasks to queue
[2026-02-15T23:03:22.935+0000] {logging_mixin.py:188} INFO - [2026-02-15T23:03:22.934+0000] {dagbag.py:540} INFO - Filling up the DagBag from /opt/airflow/dags/sakiga_ds_pipeline.py
[2026-02-15T23:03:22.978+0000] {processor.py:840} INFO - DAG(s) 'sakiga_ds_pipeline' retrieved from /opt/airflow/dags/sakiga_ds_pipeline.py
[2026-02-15T23:03:23.027+0000] {logging_mixin.py:188} INFO - [2026-02-15T23:03:23.027+0000] {dag.py:3047} INFO - Sync 1 DAGs
[2026-02-15T23:03:23.061+0000] {logging_mixin.py:188} INFO - [2026-02-15T23:03:23.060+0000] {dag.py:3834} INFO - Setting next_dagrun for sakiga_ds_pipeline to 2026-02-15 00:00:00+00:00, run_after=2026-02-16 00:00:00+00:00
[2026-02-15T23:03:23.103+0000] {processor.py:183} INFO - Processing /opt/airflow/dags/sakiga_ds_pipeline.py took 0.177 seconds
[2026-02-15T23:03:53.247+0000] {processor.py:161} INFO - Started process (PID=701) to work on /opt/airflow/dags/sakiga_ds_pipeline.py
[2026-02-15T23:03:53.249+0000] {processor.py:830} INFO - Processing file /opt/airflow/dags/sakiga_ds_pipeline.py for tasks to queue
[2026-02-15T23:03:53.250+0000] {logging_mixin.py:188} INFO - [2026-02-15T23:03:53.250+0000] {dagbag.py:540} INFO - Filling up the DagBag from /opt/airflow/dags/sakiga_ds_pipeline.py
[2026-02-15T23:03:53.278+0000] {processor.py:840} INFO - DAG(s) 'sakiga_ds_pipeline' retrieved from /opt/airflow/dags/sakiga_ds_pipeline.py
[2026-02-15T23:03:53.314+0000] {logging_mixin.py:188} INFO - [2026-02-15T23:03:53.314+0000] {dag.py:3047} INFO - Sync 1 DAGs
[2026-02-15T23:03:53.338+0000] {logging_mixin.py:188} INFO - [2026-02-15T23:03:53.338+0000] {dag.py:3834} INFO - Setting next_dagrun for sakiga_ds_pipeline to 2026-02-15 00:00:00+00:00, run_after=2026-02-16 00:00:00+00:00
[2026-02-15T23:03:53.376+0000] {processor.py:183} INFO - Processing /opt/airflow/dags/sakiga_ds_pipeline.py took 0.134 seconds
[2026-02-15T23:04:23.571+0000] {processor.py:161} INFO - Started process (PID=702) to work on /opt/airflow/dags/sakiga_ds_pipeline.py
[2026-02-15T23:04:23.573+0000] {processor.py:830} INFO - Processing file /opt/airflow/dags/sakiga_ds_pipeline.py for tasks to queue
[2026-02-15T23:04:23.575+0000] {logging_mixin.py:188} INFO - [2026-02-15T23:04:23.575+0000] {dagbag.py:540} INFO - Filling up the DagBag from /opt/airflow/dags/sakiga_ds_pipeline.py
[2026-02-15T23:04:23.603+0000] {processor.py:840} INFO - DAG(s) 'sakiga_ds_pipeline' retrieved from /opt/airflow/dags/sakiga_ds_pipeline.py
[2026-02-15T23:04:23.639+0000] {logging_mixin.py:188} INFO - [2026-02-15T23:04:23.639+0000] {dag.py:3047} INFO - Sync 1 DAGs
[2026-02-15T23:04:23.662+0000] {logging_mixin.py:188} INFO - [2026-02-15T23:04:23.662+0000] {dag.py:3834} INFO - Setting next_dagrun for sakiga_ds_pipeline to 2026-02-15 00:00:00+00:00, run_after=2026-02-16 00:00:00+00:00
[2026-02-15T23:04:23.692+0000] {processor.py:183} INFO - Processing /opt/airflow/dags/sakiga_ds_pipeline.py took 0.127 seconds
[2026-02-15T23:04:53.866+0000] {processor.py:161} INFO - Started process (PID=703) to work on /opt/airflow/dags/sakiga_ds_pipeline.py
[2026-02-15T23:04:53.868+0000] {processor.py:830} INFO - Processing file /opt/airflow/dags/sakiga_ds_pipeline.py for tasks to queue
[2026-02-15T23:04:53.870+0000] {logging_mixin.py:188} INFO - [2026-02-15T23:04:53.869+0000] {dagbag.py:540} INFO - Filling up the DagBag from /opt/airflow/dags/sakiga_ds_pipeline.py
[2026-02-15T23:04:53.903+0000] {processor.py:840} INFO - DAG(s) 'sakiga_ds_pipeline' retrieved from /opt/airflow/dags/sakiga_ds_pipeline.py
[2026-02-15T23:04:53.940+0000] {logging_mixin.py:188} INFO - [2026-02-15T23:04:53.939+0000] {dag.py:3047} INFO - Sync 1 DAGs
[2026-02-15T23:04:53.966+0000] {logging_mixin.py:188} INFO - [2026-02-15T23:04:53.966+0000] {dag.py:3834} INFO - Setting next_dagrun for sakiga_ds_pipeline to 2026-02-15 00:00:00+00:00, run_after=2026-02-16 00:00:00+00:00
[2026-02-15T23:04:54.018+0000] {processor.py:183} INFO - Processing /opt/airflow/dags/sakiga_ds_pipeline.py took 0.156 seconds
[2026-02-15T23:05:24.333+0000] {processor.py:161} INFO - Started process (PID=704) to work on /opt/airflow/dags/sakiga_ds_pipeline.py
[2026-02-15T23:05:24.366+0000] {processor.py:830} INFO - Processing file /opt/airflow/dags/sakiga_ds_pipeline.py for tasks to queue
[2026-02-15T23:05:24.372+0000] {logging_mixin.py:188} INFO - [2026-02-15T23:05:24.371+0000] {dagbag.py:540} INFO - Filling up the DagBag from /opt/airflow/dags/sakiga_ds_pipeline.py
[2026-02-15T23:05:24.706+0000] {processor.py:840} INFO - DAG(s) 'sakiga_ds_pipeline' retrieved from /opt/airflow/dags/sakiga_ds_pipeline.py
[2026-02-15T23:05:24.787+0000] {logging_mixin.py:188} INFO - [2026-02-15T23:05:24.786+0000] {dag.py:3047} INFO - Sync 1 DAGs
[2026-02-15T23:05:24.821+0000] {logging_mixin.py:188} INFO - [2026-02-15T23:05:24.821+0000] {dag.py:3834} INFO - Setting next_dagrun for sakiga_ds_pipeline to 2026-02-15 00:00:00+00:00, run_after=2026-02-16 00:00:00+00:00
[2026-02-15T23:05:24.903+0000] {processor.py:183} INFO - Processing /opt/airflow/dags/sakiga_ds_pipeline.py took 0.575 seconds
[2026-02-15T23:05:55.167+0000] {processor.py:161} INFO - Started process (PID=705) to work on /opt/airflow/dags/sakiga_ds_pipeline.py
[2026-02-15T23:05:55.169+0000] {processor.py:830} INFO - Processing file /opt/airflow/dags/sakiga_ds_pipeline.py for tasks to queue
[2026-02-15T23:05:55.170+0000] {logging_mixin.py:188} INFO - [2026-02-15T23:05:55.170+0000] {dagbag.py:540} INFO - Filling up the DagBag from /opt/airflow/dags/sakiga_ds_pipeline.py
[2026-02-15T23:05:55.194+0000] {processor.py:840} INFO - DAG(s) 'sakiga_ds_pipeline' retrieved from /opt/airflow/dags/sakiga_ds_pipeline.py
[2026-02-15T23:05:55.224+0000] {logging_mixin.py:188} INFO - [2026-02-15T23:05:55.224+0000] {dag.py:3047} INFO - Sync 1 DAGs
[2026-02-15T23:05:55.245+0000] {logging_mixin.py:188} INFO - [2026-02-15T23:05:55.245+0000] {dag.py:3834} INFO - Setting next_dagrun for sakiga_ds_pipeline to 2026-02-15 00:00:00+00:00, run_after=2026-02-16 00:00:00+00:00
[2026-02-15T23:05:55.274+0000] {processor.py:183} INFO - Processing /opt/airflow/dags/sakiga_ds_pipeline.py took 0.111 seconds
[2026-02-15T23:06:25.442+0000] {processor.py:161} INFO - Started process (PID=706) to work on /opt/airflow/dags/sakiga_ds_pipeline.py
[2026-02-15T23:06:25.443+0000] {processor.py:830} INFO - Processing file /opt/airflow/dags/sakiga_ds_pipeline.py for tasks to queue
[2026-02-15T23:06:25.445+0000] {logging_mixin.py:188} INFO - [2026-02-15T23:06:25.444+0000] {dagbag.py:540} INFO - Filling up the DagBag from /opt/airflow/dags/sakiga_ds_pipeline.py
[2026-02-15T23:06:25.469+0000] {processor.py:840} INFO - DAG(s) 'sakiga_ds_pipeline' retrieved from /opt/airflow/dags/sakiga_ds_pipeline.py
[2026-02-15T23:06:25.499+0000] {logging_mixin.py:188} INFO - [2026-02-15T23:06:25.499+0000] {dag.py:3047} INFO - Sync 1 DAGs
[2026-02-15T23:06:25.519+0000] {logging_mixin.py:188} INFO - [2026-02-15T23:06:25.519+0000] {dag.py:3834} INFO - Setting next_dagrun for sakiga_ds_pipeline to 2026-02-15 00:00:00+00:00, run_after=2026-02-16 00:00:00+00:00
[2026-02-15T23:06:25.549+0000] {processor.py:183} INFO - Processing /opt/airflow/dags/sakiga_ds_pipeline.py took 0.111 seconds
[2026-02-15T23:06:55.790+0000] {processor.py:161} INFO - Started process (PID=707) to work on /opt/airflow/dags/sakiga_ds_pipeline.py
[2026-02-15T23:06:55.791+0000] {processor.py:830} INFO - Processing file /opt/airflow/dags/sakiga_ds_pipeline.py for tasks to queue
[2026-02-15T23:06:55.793+0000] {logging_mixin.py:188} INFO - [2026-02-15T23:06:55.792+0000] {dagbag.py:540} INFO - Filling up the DagBag from /opt/airflow/dags/sakiga_ds_pipeline.py
[2026-02-15T23:06:55.820+0000] {processor.py:840} INFO - DAG(s) 'sakiga_ds_pipeline' retrieved from /opt/airflow/dags/sakiga_ds_pipeline.py
[2026-02-15T23:06:55.856+0000] {logging_mixin.py:188} INFO - [2026-02-15T23:06:55.855+0000] {dag.py:3047} INFO - Sync 1 DAGs
[2026-02-15T23:06:55.878+0000] {logging_mixin.py:188} INFO - [2026-02-15T23:06:55.878+0000] {dag.py:3834} INFO - Setting next_dagrun for sakiga_ds_pipeline to 2026-02-15 00:00:00+00:00, run_after=2026-02-16 00:00:00+00:00
[2026-02-15T23:06:55.929+0000] {processor.py:183} INFO - Processing /opt/airflow/dags/sakiga_ds_pipeline.py took 0.143 seconds
[2026-02-15T23:07:26.131+0000] {processor.py:161} INFO - Started process (PID=708) to work on /opt/airflow/dags/sakiga_ds_pipeline.py
[2026-02-15T23:07:26.133+0000] {processor.py:830} INFO - Processing file /opt/airflow/dags/sakiga_ds_pipeline.py for tasks to queue
[2026-02-15T23:07:26.134+0000] {logging_mixin.py:188} INFO - [2026-02-15T23:07:26.134+0000] {dagbag.py:540} INFO - Filling up the DagBag from /opt/airflow/dags/sakiga_ds_pipeline.py
[2026-02-15T23:07:26.161+0000] {processor.py:840} INFO - DAG(s) 'sakiga_ds_pipeline' retrieved from /opt/airflow/dags/sakiga_ds_pipeline.py
[2026-02-15T23:07:26.193+0000] {logging_mixin.py:188} INFO - [2026-02-15T23:07:26.192+0000] {dag.py:3047} INFO - Sync 1 DAGs
[2026-02-15T23:07:26.219+0000] {logging_mixin.py:188} INFO - [2026-02-15T23:07:26.219+0000] {dag.py:3834} INFO - Setting next_dagrun for sakiga_ds_pipeline to 2026-02-15 00:00:00+00:00, run_after=2026-02-16 00:00:00+00:00
[2026-02-15T23:07:26.271+0000] {processor.py:183} INFO - Processing /opt/airflow/dags/sakiga_ds_pipeline.py took 0.145 seconds
[2026-02-15T23:07:56.510+0000] {processor.py:161} INFO - Started process (PID=709) to work on /opt/airflow/dags/sakiga_ds_pipeline.py
[2026-02-15T23:07:56.512+0000] {processor.py:830} INFO - Processing file /opt/airflow/dags/sakiga_ds_pipeline.py for tasks to queue
[2026-02-15T23:07:56.513+0000] {logging_mixin.py:188} INFO - [2026-02-15T23:07:56.513+0000] {dagbag.py:540} INFO - Filling up the DagBag from /opt/airflow/dags/sakiga_ds_pipeline.py
[2026-02-15T23:07:56.539+0000] {processor.py:840} INFO - DAG(s) 'sakiga_ds_pipeline' retrieved from /opt/airflow/dags/sakiga_ds_pipeline.py
[2026-02-15T23:07:56.569+0000] {logging_mixin.py:188} INFO - [2026-02-15T23:07:56.569+0000] {dag.py:3047} INFO - Sync 1 DAGs
[2026-02-15T23:07:56.591+0000] {logging_mixin.py:188} INFO - [2026-02-15T23:07:56.590+0000] {dag.py:3834} INFO - Setting next_dagrun for sakiga_ds_pipeline to 2026-02-15 00:00:00+00:00, run_after=2026-02-16 00:00:00+00:00
[2026-02-15T23:07:56.623+0000] {processor.py:183} INFO - Processing /opt/airflow/dags/sakiga_ds_pipeline.py took 0.118 seconds
[2026-02-15T23:08:26.791+0000] {processor.py:161} INFO - Started process (PID=710) to work on /opt/airflow/dags/sakiga_ds_pipeline.py
[2026-02-15T23:08:26.793+0000] {processor.py:830} INFO - Processing file /opt/airflow/dags/sakiga_ds_pipeline.py for tasks to queue
[2026-02-15T23:08:26.794+0000] {logging_mixin.py:188} INFO - [2026-02-15T23:08:26.794+0000] {dagbag.py:540} INFO - Filling up the DagBag from /opt/airflow/dags/sakiga_ds_pipeline.py
[2026-02-15T23:08:26.818+0000] {processor.py:840} INFO - DAG(s) 'sakiga_ds_pipeline' retrieved from /opt/airflow/dags/sakiga_ds_pipeline.py
[2026-02-15T23:08:26.848+0000] {logging_mixin.py:188} INFO - [2026-02-15T23:08:26.848+0000] {dag.py:3047} INFO - Sync 1 DAGs
[2026-02-15T23:08:26.868+0000] {logging_mixin.py:188} INFO - [2026-02-15T23:08:26.868+0000] {dag.py:3834} INFO - Setting next_dagrun for sakiga_ds_pipeline to 2026-02-15 00:00:00+00:00, run_after=2026-02-16 00:00:00+00:00
[2026-02-15T23:08:26.951+0000] {processor.py:183} INFO - Processing /opt/airflow/dags/sakiga_ds_pipeline.py took 0.165 seconds
[2026-02-15T23:08:57.207+0000] {processor.py:161} INFO - Started process (PID=711) to work on /opt/airflow/dags/sakiga_ds_pipeline.py
[2026-02-15T23:08:57.208+0000] {processor.py:830} INFO - Processing file /opt/airflow/dags/sakiga_ds_pipeline.py for tasks to queue
[2026-02-15T23:08:57.210+0000] {logging_mixin.py:188} INFO - [2026-02-15T23:08:57.209+0000] {dagbag.py:540} INFO - Filling up the DagBag from /opt/airflow/dags/sakiga_ds_pipeline.py
[2026-02-15T23:08:57.236+0000] {processor.py:840} INFO - DAG(s) 'sakiga_ds_pipeline' retrieved from /opt/airflow/dags/sakiga_ds_pipeline.py
[2026-02-15T23:08:57.269+0000] {logging_mixin.py:188} INFO - [2026-02-15T23:08:57.268+0000] {dag.py:3047} INFO - Sync 1 DAGs
[2026-02-15T23:08:57.316+0000] {logging_mixin.py:188} INFO - [2026-02-15T23:08:57.315+0000] {dag.py:3834} INFO - Setting next_dagrun for sakiga_ds_pipeline to 2026-02-15 00:00:00+00:00, run_after=2026-02-16 00:00:00+00:00
[2026-02-15T23:08:57.379+0000] {processor.py:183} INFO - Processing /opt/airflow/dags/sakiga_ds_pipeline.py took 0.177 seconds
[2026-02-15T23:09:27.570+0000] {processor.py:161} INFO - Started process (PID=712) to work on /opt/airflow/dags/sakiga_ds_pipeline.py
[2026-02-15T23:09:27.572+0000] {processor.py:830} INFO - Processing file /opt/airflow/dags/sakiga_ds_pipeline.py for tasks to queue
[2026-02-15T23:09:27.573+0000] {logging_mixin.py:188} INFO - [2026-02-15T23:09:27.573+0000] {dagbag.py:540} INFO - Filling up the DagBag from /opt/airflow/dags/sakiga_ds_pipeline.py
[2026-02-15T23:09:27.597+0000] {processor.py:840} INFO - DAG(s) 'sakiga_ds_pipeline' retrieved from /opt/airflow/dags/sakiga_ds_pipeline.py
[2026-02-15T23:09:27.632+0000] {logging_mixin.py:188} INFO - [2026-02-15T23:09:27.631+0000] {dag.py:3047} INFO - Sync 1 DAGs
[2026-02-15T23:09:27.654+0000] {logging_mixin.py:188} INFO - [2026-02-15T23:09:27.654+0000] {dag.py:3834} INFO - Setting next_dagrun for sakiga_ds_pipeline to 2026-02-15 00:00:00+00:00, run_after=2026-02-16 00:00:00+00:00
[2026-02-15T23:09:27.755+0000] {processor.py:183} INFO - Processing /opt/airflow/dags/sakiga_ds_pipeline.py took 0.189 seconds
[2026-02-15T23:09:57.972+0000] {processor.py:161} INFO - Started process (PID=713) to work on /opt/airflow/dags/sakiga_ds_pipeline.py
[2026-02-15T23:09:57.974+0000] {processor.py:830} INFO - Processing file /opt/airflow/dags/sakiga_ds_pipeline.py for tasks to queue
[2026-02-15T23:09:57.976+0000] {logging_mixin.py:188} INFO - [2026-02-15T23:09:57.975+0000] {dagbag.py:540} INFO - Filling up the DagBag from /opt/airflow/dags/sakiga_ds_pipeline.py
[2026-02-15T23:09:57.999+0000] {processor.py:840} INFO - DAG(s) 'sakiga_ds_pipeline' retrieved from /opt/airflow/dags/sakiga_ds_pipeline.py
[2026-02-15T23:09:58.033+0000] {logging_mixin.py:188} INFO - [2026-02-15T23:09:58.033+0000] {dag.py:3047} INFO - Sync 1 DAGs
[2026-02-15T23:09:58.056+0000] {logging_mixin.py:188} INFO - [2026-02-15T23:09:58.056+0000] {dag.py:3834} INFO - Setting next_dagrun for sakiga_ds_pipeline to 2026-02-15 00:00:00+00:00, run_after=2026-02-16 00:00:00+00:00
[2026-02-15T23:09:58.093+0000] {processor.py:183} INFO - Processing /opt/airflow/dags/sakiga_ds_pipeline.py took 0.125 seconds
[2026-02-15T23:10:28.261+0000] {processor.py:161} INFO - Started process (PID=714) to work on /opt/airflow/dags/sakiga_ds_pipeline.py
[2026-02-15T23:10:28.263+0000] {processor.py:830} INFO - Processing file /opt/airflow/dags/sakiga_ds_pipeline.py for tasks to queue
[2026-02-15T23:10:28.265+0000] {logging_mixin.py:188} INFO - [2026-02-15T23:10:28.264+0000] {dagbag.py:540} INFO - Filling up the DagBag from /opt/airflow/dags/sakiga_ds_pipeline.py
[2026-02-15T23:10:28.291+0000] {processor.py:840} INFO - DAG(s) 'sakiga_ds_pipeline' retrieved from /opt/airflow/dags/sakiga_ds_pipeline.py
[2026-02-15T23:10:28.322+0000] {logging_mixin.py:188} INFO - [2026-02-15T23:10:28.322+0000] {dag.py:3047} INFO - Sync 1 DAGs
[2026-02-15T23:10:28.344+0000] {logging_mixin.py:188} INFO - [2026-02-15T23:10:28.344+0000] {dag.py:3834} INFO - Setting next_dagrun for sakiga_ds_pipeline to 2026-02-15 00:00:00+00:00, run_after=2026-02-16 00:00:00+00:00
[2026-02-15T23:10:28.376+0000] {processor.py:183} INFO - Processing /opt/airflow/dags/sakiga_ds_pipeline.py took 0.119 seconds
[2026-02-15T23:10:58.648+0000] {processor.py:161} INFO - Started process (PID=715) to work on /opt/airflow/dags/sakiga_ds_pipeline.py
[2026-02-15T23:10:58.650+0000] {processor.py:830} INFO - Processing file /opt/airflow/dags/sakiga_ds_pipeline.py for tasks to queue
[2026-02-15T23:10:58.652+0000] {logging_mixin.py:188} INFO - [2026-02-15T23:10:58.651+0000] {dagbag.py:540} INFO - Filling up the DagBag from /opt/airflow/dags/sakiga_ds_pipeline.py
[2026-02-15T23:10:58.702+0000] {processor.py:840} INFO - DAG(s) 'sakiga_ds_pipeline' retrieved from /opt/airflow/dags/sakiga_ds_pipeline.py
[2026-02-15T23:10:58.745+0000] {logging_mixin.py:188} INFO - [2026-02-15T23:10:58.744+0000] {dag.py:3047} INFO - Sync 1 DAGs
[2026-02-15T23:10:58.775+0000] {logging_mixin.py:188} INFO - [2026-02-15T23:10:58.775+0000] {dag.py:3834} INFO - Setting next_dagrun for sakiga_ds_pipeline to 2026-02-15 00:00:00+00:00, run_after=2026-02-16 00:00:00+00:00
[2026-02-15T23:10:58.810+0000] {processor.py:183} INFO - Processing /opt/airflow/dags/sakiga_ds_pipeline.py took 0.167 seconds
[2026-02-15T23:11:29.039+0000] {processor.py:161} INFO - Started process (PID=716) to work on /opt/airflow/dags/sakiga_ds_pipeline.py
[2026-02-15T23:11:29.044+0000] {processor.py:830} INFO - Processing file /opt/airflow/dags/sakiga_ds_pipeline.py for tasks to queue
[2026-02-15T23:11:29.047+0000] {logging_mixin.py:188} INFO - [2026-02-15T23:11:29.046+0000] {dagbag.py:540} INFO - Filling up the DagBag from /opt/airflow/dags/sakiga_ds_pipeline.py
[2026-02-15T23:11:29.079+0000] {processor.py:840} INFO - DAG(s) 'sakiga_ds_pipeline' retrieved from /opt/airflow/dags/sakiga_ds_pipeline.py
[2026-02-15T23:11:29.128+0000] {logging_mixin.py:188} INFO - [2026-02-15T23:11:29.128+0000] {dag.py:3047} INFO - Sync 1 DAGs
[2026-02-15T23:11:29.156+0000] {logging_mixin.py:188} INFO - [2026-02-15T23:11:29.155+0000] {dag.py:3834} INFO - Setting next_dagrun for sakiga_ds_pipeline to 2026-02-15 00:00:00+00:00, run_after=2026-02-16 00:00:00+00:00
[2026-02-15T23:11:29.187+0000] {processor.py:183} INFO - Processing /opt/airflow/dags/sakiga_ds_pipeline.py took 0.153 seconds
[2026-02-15T23:11:59.341+0000] {processor.py:161} INFO - Started process (PID=717) to work on /opt/airflow/dags/sakiga_ds_pipeline.py
[2026-02-15T23:11:59.343+0000] {processor.py:830} INFO - Processing file /opt/airflow/dags/sakiga_ds_pipeline.py for tasks to queue
[2026-02-15T23:11:59.344+0000] {logging_mixin.py:188} INFO - [2026-02-15T23:11:59.344+0000] {dagbag.py:540} INFO - Filling up the DagBag from /opt/airflow/dags/sakiga_ds_pipeline.py
[2026-02-15T23:11:59.373+0000] {processor.py:840} INFO - DAG(s) 'sakiga_ds_pipeline' retrieved from /opt/airflow/dags/sakiga_ds_pipeline.py
[2026-02-15T23:11:59.410+0000] {logging_mixin.py:188} INFO - [2026-02-15T23:11:59.409+0000] {dag.py:3047} INFO - Sync 1 DAGs
[2026-02-15T23:11:59.434+0000] {logging_mixin.py:188} INFO - [2026-02-15T23:11:59.434+0000] {dag.py:3834} INFO - Setting next_dagrun for sakiga_ds_pipeline to 2026-02-15 00:00:00+00:00, run_after=2026-02-16 00:00:00+00:00
[2026-02-15T23:11:59.466+0000] {processor.py:183} INFO - Processing /opt/airflow/dags/sakiga_ds_pipeline.py took 0.131 seconds
[2026-02-15T23:12:29.763+0000] {processor.py:161} INFO - Started process (PID=718) to work on /opt/airflow/dags/sakiga_ds_pipeline.py
[2026-02-15T23:12:29.766+0000] {processor.py:830} INFO - Processing file /opt/airflow/dags/sakiga_ds_pipeline.py for tasks to queue
[2026-02-15T23:12:29.768+0000] {logging_mixin.py:188} INFO - [2026-02-15T23:12:29.767+0000] {dagbag.py:540} INFO - Filling up the DagBag from /opt/airflow/dags/sakiga_ds_pipeline.py
[2026-02-15T23:12:29.799+0000] {processor.py:840} INFO - DAG(s) 'sakiga_ds_pipeline' retrieved from /opt/airflow/dags/sakiga_ds_pipeline.py
[2026-02-15T23:12:29.835+0000] {logging_mixin.py:188} INFO - [2026-02-15T23:12:29.835+0000] {dag.py:3047} INFO - Sync 1 DAGs
[2026-02-15T23:12:29.864+0000] {logging_mixin.py:188} INFO - [2026-02-15T23:12:29.863+0000] {dag.py:3834} INFO - Setting next_dagrun for sakiga_ds_pipeline to 2026-02-15 00:00:00+00:00, run_after=2026-02-16 00:00:00+00:00
[2026-02-15T23:12:29.935+0000] {processor.py:183} INFO - Processing /opt/airflow/dags/sakiga_ds_pipeline.py took 0.182 seconds
[2026-02-15T23:13:00.252+0000] {processor.py:161} INFO - Started process (PID=719) to work on /opt/airflow/dags/sakiga_ds_pipeline.py
[2026-02-15T23:13:00.254+0000] {processor.py:830} INFO - Processing file /opt/airflow/dags/sakiga_ds_pipeline.py for tasks to queue
[2026-02-15T23:13:00.256+0000] {logging_mixin.py:188} INFO - [2026-02-15T23:13:00.256+0000] {dagbag.py:540} INFO - Filling up the DagBag from /opt/airflow/dags/sakiga_ds_pipeline.py
[2026-02-15T23:13:00.284+0000] {processor.py:840} INFO - DAG(s) 'sakiga_ds_pipeline' retrieved from /opt/airflow/dags/sakiga_ds_pipeline.py
[2026-02-15T23:13:00.325+0000] {logging_mixin.py:188} INFO - [2026-02-15T23:13:00.324+0000] {dag.py:3047} INFO - Sync 1 DAGs
[2026-02-15T23:13:00.348+0000] {logging_mixin.py:188} INFO - [2026-02-15T23:13:00.347+0000] {dag.py:3834} INFO - Setting next_dagrun for sakiga_ds_pipeline to 2026-02-15 00:00:00+00:00, run_after=2026-02-16 00:00:00+00:00
[2026-02-15T23:13:00.376+0000] {processor.py:183} INFO - Processing /opt/airflow/dags/sakiga_ds_pipeline.py took 0.129 seconds
[2026-02-15T23:13:30.515+0000] {processor.py:161} INFO - Started process (PID=720) to work on /opt/airflow/dags/sakiga_ds_pipeline.py
[2026-02-15T23:13:30.517+0000] {processor.py:830} INFO - Processing file /opt/airflow/dags/sakiga_ds_pipeline.py for tasks to queue
[2026-02-15T23:13:30.518+0000] {logging_mixin.py:188} INFO - [2026-02-15T23:13:30.518+0000] {dagbag.py:540} INFO - Filling up the DagBag from /opt/airflow/dags/sakiga_ds_pipeline.py
[2026-02-15T23:13:30.541+0000] {processor.py:840} INFO - DAG(s) 'sakiga_ds_pipeline' retrieved from /opt/airflow/dags/sakiga_ds_pipeline.py
[2026-02-15T23:13:30.571+0000] {logging_mixin.py:188} INFO - [2026-02-15T23:13:30.571+0000] {dag.py:3047} INFO - Sync 1 DAGs
[2026-02-15T23:13:30.591+0000] {logging_mixin.py:188} INFO - [2026-02-15T23:13:30.591+0000] {dag.py:3834} INFO - Setting next_dagrun for sakiga_ds_pipeline to 2026-02-15 00:00:00+00:00, run_after=2026-02-16 00:00:00+00:00
[2026-02-15T23:13:30.643+0000] {processor.py:183} INFO - Processing /opt/airflow/dags/sakiga_ds_pipeline.py took 0.132 seconds
[2026-02-15T23:14:00.797+0000] {processor.py:161} INFO - Started process (PID=721) to work on /opt/airflow/dags/sakiga_ds_pipeline.py
[2026-02-15T23:14:00.799+0000] {processor.py:830} INFO - Processing file /opt/airflow/dags/sakiga_ds_pipeline.py for tasks to queue
[2026-02-15T23:14:00.801+0000] {logging_mixin.py:188} INFO - [2026-02-15T23:14:00.800+0000] {dagbag.py:540} INFO - Filling up the DagBag from /opt/airflow/dags/sakiga_ds_pipeline.py
[2026-02-15T23:14:00.827+0000] {processor.py:840} INFO - DAG(s) 'sakiga_ds_pipeline' retrieved from /opt/airflow/dags/sakiga_ds_pipeline.py
[2026-02-15T23:14:00.859+0000] {logging_mixin.py:188} INFO - [2026-02-15T23:14:00.859+0000] {dag.py:3047} INFO - Sync 1 DAGs
[2026-02-15T23:14:00.881+0000] {logging_mixin.py:188} INFO - [2026-02-15T23:14:00.881+0000] {dag.py:3834} INFO - Setting next_dagrun for sakiga_ds_pipeline to 2026-02-15 00:00:00+00:00, run_after=2026-02-16 00:00:00+00:00
[2026-02-15T23:14:00.912+0000] {processor.py:183} INFO - Processing /opt/airflow/dags/sakiga_ds_pipeline.py took 0.119 seconds
[2026-02-15T23:14:31.952+0000] {processor.py:161} INFO - Started process (PID=722) to work on /opt/airflow/dags/sakiga_ds_pipeline.py
[2026-02-15T23:14:31.954+0000] {processor.py:830} INFO - Processing file /opt/airflow/dags/sakiga_ds_pipeline.py for tasks to queue
[2026-02-15T23:14:31.956+0000] {logging_mixin.py:188} INFO - [2026-02-15T23:14:31.955+0000] {dagbag.py:540} INFO - Filling up the DagBag from /opt/airflow/dags/sakiga_ds_pipeline.py
[2026-02-15T23:14:32.016+0000] {processor.py:840} INFO - DAG(s) 'sakiga_ds_pipeline' retrieved from /opt/airflow/dags/sakiga_ds_pipeline.py
[2026-02-15T23:14:32.097+0000] {logging_mixin.py:188} INFO - [2026-02-15T23:14:32.097+0000] {dag.py:3047} INFO - Sync 1 DAGs
[2026-02-15T23:14:32.128+0000] {logging_mixin.py:188} INFO - [2026-02-15T23:14:32.127+0000] {dag.py:3834} INFO - Setting next_dagrun for sakiga_ds_pipeline to 2026-02-15 00:00:00+00:00, run_after=2026-02-16 00:00:00+00:00
[2026-02-15T23:14:32.175+0000] {processor.py:183} INFO - Processing /opt/airflow/dags/sakiga_ds_pipeline.py took 1.091 seconds
[2026-02-15T23:15:02.412+0000] {processor.py:161} INFO - Started process (PID=723) to work on /opt/airflow/dags/sakiga_ds_pipeline.py
[2026-02-15T23:15:02.414+0000] {processor.py:830} INFO - Processing file /opt/airflow/dags/sakiga_ds_pipeline.py for tasks to queue
[2026-02-15T23:15:02.415+0000] {logging_mixin.py:188} INFO - [2026-02-15T23:15:02.415+0000] {dagbag.py:540} INFO - Filling up the DagBag from /opt/airflow/dags/sakiga_ds_pipeline.py
[2026-02-15T23:15:02.443+0000] {processor.py:840} INFO - DAG(s) 'sakiga_ds_pipeline' retrieved from /opt/airflow/dags/sakiga_ds_pipeline.py
[2026-02-15T23:15:02.479+0000] {logging_mixin.py:188} INFO - [2026-02-15T23:15:02.479+0000] {dag.py:3047} INFO - Sync 1 DAGs
[2026-02-15T23:15:02.501+0000] {logging_mixin.py:188} INFO - [2026-02-15T23:15:02.501+0000] {dag.py:3834} INFO - Setting next_dagrun for sakiga_ds_pipeline to 2026-02-15 00:00:00+00:00, run_after=2026-02-16 00:00:00+00:00
[2026-02-15T23:15:02.535+0000] {processor.py:183} INFO - Processing /opt/airflow/dags/sakiga_ds_pipeline.py took 0.127 seconds
[2026-02-15T23:15:52.548+0000] {processor.py:161} INFO - Started process (PID=724) to work on /opt/airflow/dags/sakiga_ds_pipeline.py
[2026-02-15T23:15:52.574+0000] {processor.py:830} INFO - Processing file /opt/airflow/dags/sakiga_ds_pipeline.py for tasks to queue
[2026-02-15T23:15:52.575+0000] {logging_mixin.py:188} INFO - [2026-02-15T23:15:52.575+0000] {dagbag.py:540} INFO - Filling up the DagBag from /opt/airflow/dags/sakiga_ds_pipeline.py
[2026-02-15T23:15:52.624+0000] {processor.py:840} INFO - DAG(s) 'sakiga_ds_pipeline' retrieved from /opt/airflow/dags/sakiga_ds_pipeline.py
[2026-02-15T23:15:53.115+0000] {logging_mixin.py:188} INFO - [2026-02-15T23:15:53.115+0000] {dag.py:3047} INFO - Sync 1 DAGs
[2026-02-15T23:15:53.276+0000] {logging_mixin.py:188} INFO - [2026-02-15T23:15:53.276+0000] {dag.py:3834} INFO - Setting next_dagrun for sakiga_ds_pipeline to 2026-02-15 00:00:00+00:00, run_after=2026-02-16 00:00:00+00:00
[2026-02-15T23:15:53.350+0000] {processor.py:183} INFO - Processing /opt/airflow/dags/sakiga_ds_pipeline.py took 0.809 seconds
