[2026-02-14T00:32:21.415+0000] {manager.py:469} INFO - Processing files using up to 1 processes at a time 
[2026-02-14T00:32:21.428+0000] {manager.py:470} INFO - Process each file at most once every 30 seconds
[2026-02-14T00:32:21.638+0000] {manager.py:471} INFO - Checking for new files in /opt/airflow/dags every 300 seconds
[2026-02-14T00:32:21.735+0000] {manager.py:738} INFO - Searching for files in /opt/airflow/dags
[2026-02-14T00:32:23.239+0000] {manager.py:741} INFO - There are 1 files in /opt/airflow/dags
[2026-02-14T00:32:29.848+0000] {manager.py:879} INFO - 
================================================================================
DAG File Processing Stats

File Path                                PID    Runtime      # DAGs    # Errors  Last Runtime    Last Run
---------------------------------------  -----  ---------  --------  ----------  --------------  -------------------
/opt/airflow/dags/sakiga_ds_pipeline.py                           1           0  5.09s           2026-02-14T00:32:29
================================================================================
[2026-02-14T01:09:50.114+0000] {manager.py:451} INFO - Exiting gracefully upon receiving signal 15
[2026-02-14T01:10:36.484+0000] {manager.py:469} INFO - Processing files using up to 1 processes at a time 
[2026-02-14T01:10:36.485+0000] {manager.py:470} INFO - Process each file at most once every 30 seconds
[2026-02-14T01:10:36.486+0000] {manager.py:471} INFO - Checking for new files in /opt/airflow/dags every 300 seconds
[2026-02-14T01:10:36.505+0000] {manager.py:738} INFO - Searching for files in /opt/airflow/dags
[2026-02-14T01:10:36.858+0000] {manager.py:741} INFO - There are 1 files in /opt/airflow/dags
[2026-02-14T01:11:19.396+0000] {manager.py:879} INFO - 
================================================================================
DAG File Processing Stats

File Path                                PID    Runtime      # DAGs    # Errors  Last Runtime    Last Run
---------------------------------------  -----  ---------  --------  ----------  --------------  -------------------
/opt/airflow/dags/sakiga_ds_pipeline.py                           1           0  0.71s           2026-02-14T01:11:19
================================================================================
[2026-02-14T01:11:51.311+0000] {manager.py:879} INFO - 
================================================================================
DAG File Processing Stats

File Path                                PID    Runtime      # DAGs    # Errors  Last Runtime    Last Run
---------------------------------------  -----  ---------  --------  ----------  --------------  -------------------
/opt/airflow/dags/sakiga_ds_pipeline.py                           1           0  1.01s           2026-02-14T01:11:51
================================================================================
[2026-02-14T01:12:22.357+0000] {manager.py:879} INFO - 
================================================================================
DAG File Processing Stats

File Path                                PID    Runtime      # DAGs    # Errors  Last Runtime    Last Run
---------------------------------------  -----  ---------  --------  ----------  --------------  -------------------
/opt/airflow/dags/sakiga_ds_pipeline.py                           1           0  0.44s           2026-02-14T01:12:22
================================================================================
[2026-02-14T01:12:53.477+0000] {manager.py:879} INFO - 
================================================================================
DAG File Processing Stats

File Path                                PID    Runtime      # DAGs    # Errors  Last Runtime    Last Run
---------------------------------------  -----  ---------  --------  ----------  --------------  -------------------
/opt/airflow/dags/sakiga_ds_pipeline.py                           1           0  0.61s           2026-02-14T01:12:53
================================================================================
[2026-02-14T01:13:24.711+0000] {manager.py:879} INFO - 
================================================================================
DAG File Processing Stats

File Path                                PID    Runtime      # DAGs    # Errors  Last Runtime    Last Run
---------------------------------------  -----  ---------  --------  ----------  --------------  -------------------
/opt/airflow/dags/sakiga_ds_pipeline.py                           1           0  0.51s           2026-02-14T01:13:24
================================================================================
[2026-02-14T01:13:55.218+0000] {manager.py:879} INFO - 
================================================================================
DAG File Processing Stats

File Path                                PID    Runtime      # DAGs    # Errors  Last Runtime    Last Run
---------------------------------------  -----  ---------  --------  ----------  --------------  -------------------
/opt/airflow/dags/sakiga_ds_pipeline.py                           1           0  0.21s           2026-02-14T01:13:55
================================================================================
[2026-02-14T01:14:25.769+0000] {manager.py:879} INFO - 
================================================================================
DAG File Processing Stats

File Path                                PID    Runtime      # DAGs    # Errors  Last Runtime    Last Run
---------------------------------------  -----  ---------  --------  ----------  --------------  -------------------
/opt/airflow/dags/sakiga_ds_pipeline.py                           1           0  0.21s           2026-02-14T01:14:25
================================================================================
[2026-02-14T01:14:56.328+0000] {manager.py:879} INFO - 
================================================================================
DAG File Processing Stats

File Path                                PID    Runtime      # DAGs    # Errors  Last Runtime    Last Run
---------------------------------------  -----  ---------  --------  ----------  --------------  -------------------
/opt/airflow/dags/sakiga_ds_pipeline.py                           1           0  0.21s           2026-02-14T01:14:56
================================================================================
[2026-02-14T01:15:26.857+0000] {manager.py:879} INFO - 
================================================================================
DAG File Processing Stats

File Path                                PID    Runtime      # DAGs    # Errors  Last Runtime    Last Run
---------------------------------------  -----  ---------  --------  ----------  --------------  -------------------
/opt/airflow/dags/sakiga_ds_pipeline.py                           1           0  0.21s           2026-02-14T01:15:26
================================================================================
[2026-02-14T01:15:36.944+0000] {manager.py:738} INFO - Searching for files in /opt/airflow/dags
[2026-02-14T01:15:36.968+0000] {manager.py:741} INFO - There are 1 files in /opt/airflow/dags
[2026-02-14T01:15:57.390+0000] {manager.py:879} INFO - 
================================================================================
DAG File Processing Stats

File Path                                PID    Runtime      # DAGs    # Errors  Last Runtime    Last Run
---------------------------------------  -----  ---------  --------  ----------  --------------  -------------------
/opt/airflow/dags/sakiga_ds_pipeline.py                           1           0  0.21s           2026-02-14T01:15:57
================================================================================
[2026-02-14T01:16:27.949+0000] {manager.py:879} INFO - 
================================================================================
DAG File Processing Stats

File Path                                PID    Runtime      # DAGs    # Errors  Last Runtime    Last Run
---------------------------------------  -----  ---------  --------  ----------  --------------  -------------------
/opt/airflow/dags/sakiga_ds_pipeline.py                           1           0  0.21s           2026-02-14T01:16:27
================================================================================
[2026-02-14T01:16:58.451+0000] {manager.py:879} INFO - 
================================================================================
DAG File Processing Stats

File Path                                PID    Runtime      # DAGs    # Errors  Last Runtime    Last Run
---------------------------------------  -----  ---------  --------  ----------  --------------  -------------------
/opt/airflow/dags/sakiga_ds_pipeline.py                           1           0  0.21s           2026-02-14T01:16:58
================================================================================
[2026-02-14T01:17:29.001+0000] {manager.py:879} INFO - 
================================================================================
DAG File Processing Stats

File Path                                PID    Runtime      # DAGs    # Errors  Last Runtime    Last Run
---------------------------------------  -----  ---------  --------  ----------  --------------  -------------------
/opt/airflow/dags/sakiga_ds_pipeline.py                           1           0  0.21s           2026-02-14T01:17:29
================================================================================
[2026-02-14T01:17:59.541+0000] {manager.py:879} INFO - 
================================================================================
DAG File Processing Stats

File Path                                PID    Runtime      # DAGs    # Errors  Last Runtime    Last Run
---------------------------------------  -----  ---------  --------  ----------  --------------  -------------------
/opt/airflow/dags/sakiga_ds_pipeline.py                           1           0  0.21s           2026-02-14T01:17:59
================================================================================
[2026-02-14T01:18:30.055+0000] {manager.py:879} INFO - 
================================================================================
DAG File Processing Stats

File Path                                PID    Runtime      # DAGs    # Errors  Last Runtime    Last Run
---------------------------------------  -----  ---------  --------  ----------  --------------  -------------------
/opt/airflow/dags/sakiga_ds_pipeline.py                           1           0  0.21s           2026-02-14T01:18:30
================================================================================
[2026-02-14T01:19:00.631+0000] {manager.py:879} INFO - 
================================================================================
DAG File Processing Stats

File Path                                PID    Runtime      # DAGs    # Errors  Last Runtime    Last Run
---------------------------------------  -----  ---------  --------  ----------  --------------  -------------------
/opt/airflow/dags/sakiga_ds_pipeline.py                           1           0  0.21s           2026-02-14T01:19:00
================================================================================
[2026-02-14T01:19:31.142+0000] {manager.py:879} INFO - 
================================================================================
DAG File Processing Stats

File Path                                PID    Runtime      # DAGs    # Errors  Last Runtime    Last Run
---------------------------------------  -----  ---------  --------  ----------  --------------  -------------------
/opt/airflow/dags/sakiga_ds_pipeline.py                           1           0  0.21s           2026-02-14T01:19:31
================================================================================
[2026-02-14T01:20:01.664+0000] {manager.py:879} INFO - 
================================================================================
DAG File Processing Stats

File Path                                PID    Runtime      # DAGs    # Errors  Last Runtime    Last Run
---------------------------------------  -----  ---------  --------  ----------  --------------  -------------------
/opt/airflow/dags/sakiga_ds_pipeline.py                           1           0  0.21s           2026-02-14T01:20:01
================================================================================
[2026-02-14T01:20:31.995+0000] {manager.py:879} INFO - 
================================================================================
DAG File Processing Stats

File Path                                PID    Runtime      # DAGs    # Errors  Last Runtime    Last Run
---------------------------------------  -----  ---------  --------  ----------  --------------  -------------------
/opt/airflow/dags/sakiga_ds_pipeline.py                           1           0  0.21s           2026-02-14T01:20:31
================================================================================
[2026-02-14T01:20:37.039+0000] {manager.py:738} INFO - Searching for files in /opt/airflow/dags
[2026-02-14T01:20:37.061+0000] {manager.py:741} INFO - There are 1 files in /opt/airflow/dags
[2026-02-14T01:21:02.319+0000] {manager.py:879} INFO - 
================================================================================
DAG File Processing Stats

File Path                                PID    Runtime      # DAGs    # Errors  Last Runtime    Last Run
---------------------------------------  -----  ---------  --------  ----------  --------------  -------------------
/opt/airflow/dags/sakiga_ds_pipeline.py                           1           0  0.21s           2026-02-14T01:21:02
================================================================================
[2026-02-14T01:21:32.645+0000] {manager.py:879} INFO - 
================================================================================
DAG File Processing Stats

File Path                                PID    Runtime      # DAGs    # Errors  Last Runtime    Last Run
---------------------------------------  -----  ---------  --------  ----------  --------------  -------------------
/opt/airflow/dags/sakiga_ds_pipeline.py                           1           0  0.21s           2026-02-14T01:21:32
================================================================================
[2026-02-14T01:22:02.969+0000] {manager.py:879} INFO - 
================================================================================
DAG File Processing Stats

File Path                                PID    Runtime      # DAGs    # Errors  Last Runtime    Last Run
---------------------------------------  -----  ---------  --------  ----------  --------------  -------------------
/opt/airflow/dags/sakiga_ds_pipeline.py                           1           0  0.21s           2026-02-14T01:22:02
================================================================================
[2026-02-14T01:22:33.292+0000] {manager.py:879} INFO - 
================================================================================
DAG File Processing Stats

File Path                                PID    Runtime      # DAGs    # Errors  Last Runtime    Last Run
---------------------------------------  -----  ---------  --------  ----------  --------------  -------------------
/opt/airflow/dags/sakiga_ds_pipeline.py                           1           0  0.21s           2026-02-14T01:22:33
================================================================================
[2026-02-14T01:23:03.615+0000] {manager.py:879} INFO - 
================================================================================
DAG File Processing Stats

File Path                                PID    Runtime      # DAGs    # Errors  Last Runtime    Last Run
---------------------------------------  -----  ---------  --------  ----------  --------------  -------------------
/opt/airflow/dags/sakiga_ds_pipeline.py                           1           0  0.21s           2026-02-14T01:23:03
================================================================================
[2026-02-14T01:23:33.945+0000] {manager.py:879} INFO - 
================================================================================
DAG File Processing Stats

File Path                                PID    Runtime      # DAGs    # Errors  Last Runtime    Last Run
---------------------------------------  -----  ---------  --------  ----------  --------------  -------------------
/opt/airflow/dags/sakiga_ds_pipeline.py                           1           0  0.21s           2026-02-14T01:23:33
================================================================================
[2026-02-14T01:24:04.269+0000] {manager.py:879} INFO - 
================================================================================
DAG File Processing Stats

File Path                                PID    Runtime      # DAGs    # Errors  Last Runtime    Last Run
---------------------------------------  -----  ---------  --------  ----------  --------------  -------------------
/opt/airflow/dags/sakiga_ds_pipeline.py                           1           0  0.21s           2026-02-14T01:24:04
================================================================================
[2026-02-14T01:24:34.603+0000] {manager.py:879} INFO - 
================================================================================
DAG File Processing Stats

File Path                                PID    Runtime      # DAGs    # Errors  Last Runtime    Last Run
---------------------------------------  -----  ---------  --------  ----------  --------------  -------------------
/opt/airflow/dags/sakiga_ds_pipeline.py                           1           0  0.21s           2026-02-14T01:24:34
================================================================================
[2026-02-14T01:25:04.927+0000] {manager.py:879} INFO - 
================================================================================
DAG File Processing Stats

File Path                                PID    Runtime      # DAGs    # Errors  Last Runtime    Last Run
---------------------------------------  -----  ---------  --------  ----------  --------------  -------------------
/opt/airflow/dags/sakiga_ds_pipeline.py                           1           0  0.21s           2026-02-14T01:25:04
================================================================================
[2026-02-14T01:25:35.275+0000] {manager.py:879} INFO - 
================================================================================
DAG File Processing Stats

File Path                                PID    Runtime      # DAGs    # Errors  Last Runtime    Last Run
---------------------------------------  -----  ---------  --------  ----------  --------------  -------------------
/opt/airflow/dags/sakiga_ds_pipeline.py                           1           0  0.21s           2026-02-14T01:25:35
================================================================================
[2026-02-14T01:25:37.361+0000] {manager.py:738} INFO - Searching for files in /opt/airflow/dags
[2026-02-14T01:25:37.385+0000] {manager.py:741} INFO - There are 1 files in /opt/airflow/dags
[2026-02-14T01:26:05.583+0000] {manager.py:879} INFO - 
================================================================================
DAG File Processing Stats

File Path                                PID    Runtime      # DAGs    # Errors  Last Runtime    Last Run
---------------------------------------  -----  ---------  --------  ----------  --------------  -------------------
/opt/airflow/dags/sakiga_ds_pipeline.py                           1           0  0.21s           2026-02-14T01:26:05
================================================================================
[2026-02-14T01:26:35.871+0000] {manager.py:879} INFO - 
================================================================================
DAG File Processing Stats

File Path                                PID    Runtime      # DAGs    # Errors  Last Runtime    Last Run
---------------------------------------  -----  ---------  --------  ----------  --------------  -------------------
/opt/airflow/dags/sakiga_ds_pipeline.py                           1           0  0.21s           2026-02-14T01:26:35
================================================================================
[2026-02-14T01:27:06.161+0000] {manager.py:879} INFO - 
================================================================================
DAG File Processing Stats

File Path                                PID    Runtime      # DAGs    # Errors  Last Runtime    Last Run
---------------------------------------  -----  ---------  --------  ----------  --------------  -------------------
/opt/airflow/dags/sakiga_ds_pipeline.py                           1           0  0.21s           2026-02-14T01:27:06
================================================================================
[2026-02-14T01:27:36.454+0000] {manager.py:879} INFO - 
================================================================================
DAG File Processing Stats

File Path                                PID    Runtime      # DAGs    # Errors  Last Runtime    Last Run
---------------------------------------  -----  ---------  --------  ----------  --------------  -------------------
/opt/airflow/dags/sakiga_ds_pipeline.py                           1           0  0.21s           2026-02-14T01:27:36
================================================================================
[2026-02-14T01:28:06.740+0000] {manager.py:879} INFO - 
================================================================================
DAG File Processing Stats

File Path                                PID    Runtime      # DAGs    # Errors  Last Runtime    Last Run
---------------------------------------  -----  ---------  --------  ----------  --------------  -------------------
/opt/airflow/dags/sakiga_ds_pipeline.py                           1           0  0.21s           2026-02-14T01:28:06
================================================================================
[2026-02-14T01:28:37.040+0000] {manager.py:879} INFO - 
================================================================================
DAG File Processing Stats

File Path                                PID    Runtime      # DAGs    # Errors  Last Runtime    Last Run
---------------------------------------  -----  ---------  --------  ----------  --------------  -------------------
/opt/airflow/dags/sakiga_ds_pipeline.py                           1           0  0.21s           2026-02-14T01:28:37
================================================================================
[2026-02-14T01:29:07.333+0000] {manager.py:879} INFO - 
================================================================================
DAG File Processing Stats

File Path                                PID    Runtime      # DAGs    # Errors  Last Runtime    Last Run
---------------------------------------  -----  ---------  --------  ----------  --------------  -------------------
/opt/airflow/dags/sakiga_ds_pipeline.py                           1           0  0.21s           2026-02-14T01:29:07
================================================================================
[2026-02-14T01:29:37.619+0000] {manager.py:879} INFO - 
================================================================================
DAG File Processing Stats

File Path                                PID    Runtime      # DAGs    # Errors  Last Runtime    Last Run
---------------------------------------  -----  ---------  --------  ----------  --------------  -------------------
/opt/airflow/dags/sakiga_ds_pipeline.py                           1           0  0.21s           2026-02-14T01:29:37
================================================================================
[2026-02-14T01:30:07.930+0000] {manager.py:879} INFO - 
================================================================================
DAG File Processing Stats

File Path                                PID    Runtime      # DAGs    # Errors  Last Runtime    Last Run
---------------------------------------  -----  ---------  --------  ----------  --------------  -------------------
/opt/airflow/dags/sakiga_ds_pipeline.py                           1           0  0.21s           2026-02-14T01:30:07
================================================================================
[2026-02-14T01:30:37.372+0000] {manager.py:738} INFO - Searching for files in /opt/airflow/dags
[2026-02-14T01:30:37.398+0000] {manager.py:741} INFO - There are 1 files in /opt/airflow/dags
[2026-02-14T01:30:38.270+0000] {manager.py:879} INFO - 
================================================================================
DAG File Processing Stats

File Path                                PID    Runtime      # DAGs    # Errors  Last Runtime    Last Run
---------------------------------------  -----  ---------  --------  ----------  --------------  -------------------
/opt/airflow/dags/sakiga_ds_pipeline.py                           1           0  0.21s           2026-02-14T01:30:38
================================================================================
[2026-02-14T01:31:08.569+0000] {manager.py:879} INFO - 
================================================================================
DAG File Processing Stats

File Path                                PID    Runtime      # DAGs    # Errors  Last Runtime    Last Run
---------------------------------------  -----  ---------  --------  ----------  --------------  -------------------
/opt/airflow/dags/sakiga_ds_pipeline.py                           1           0  0.21s           2026-02-14T01:31:08
================================================================================
[2026-02-14T01:31:38.889+0000] {manager.py:879} INFO - 
================================================================================
DAG File Processing Stats

File Path                                PID    Runtime      # DAGs    # Errors  Last Runtime    Last Run
---------------------------------------  -----  ---------  --------  ----------  --------------  -------------------
/opt/airflow/dags/sakiga_ds_pipeline.py                           1           0  0.21s           2026-02-14T01:31:38
================================================================================
[2026-02-14T01:32:09.185+0000] {manager.py:879} INFO - 
================================================================================
DAG File Processing Stats

File Path                                PID    Runtime      # DAGs    # Errors  Last Runtime    Last Run
---------------------------------------  -----  ---------  --------  ----------  --------------  -------------------
/opt/airflow/dags/sakiga_ds_pipeline.py                           1           0  0.21s           2026-02-14T01:32:09
================================================================================
[2026-02-14T01:32:39.468+0000] {manager.py:879} INFO - 
================================================================================
DAG File Processing Stats

File Path                                PID    Runtime      # DAGs    # Errors  Last Runtime    Last Run
---------------------------------------  -----  ---------  --------  ----------  --------------  -------------------
/opt/airflow/dags/sakiga_ds_pipeline.py                           1           0  0.21s           2026-02-14T01:32:39
================================================================================
[2026-02-14T01:33:09.762+0000] {manager.py:879} INFO - 
================================================================================
DAG File Processing Stats

File Path                                PID    Runtime      # DAGs    # Errors  Last Runtime    Last Run
---------------------------------------  -----  ---------  --------  ----------  --------------  -------------------
/opt/airflow/dags/sakiga_ds_pipeline.py                           1           0  0.21s           2026-02-14T01:33:09
================================================================================
[2026-02-14T01:33:40.058+0000] {manager.py:879} INFO - 
================================================================================
DAG File Processing Stats

File Path                                PID    Runtime      # DAGs    # Errors  Last Runtime    Last Run
---------------------------------------  -----  ---------  --------  ----------  --------------  -------------------
/opt/airflow/dags/sakiga_ds_pipeline.py                           1           0  0.21s           2026-02-14T01:33:40
================================================================================
[2026-02-14T01:34:10.349+0000] {manager.py:879} INFO - 
================================================================================
DAG File Processing Stats

File Path                                PID    Runtime      # DAGs    # Errors  Last Runtime    Last Run
---------------------------------------  -----  ---------  --------  ----------  --------------  -------------------
/opt/airflow/dags/sakiga_ds_pipeline.py                           1           0  0.21s           2026-02-14T01:34:10
================================================================================
[2026-02-14T01:34:40.640+0000] {manager.py:879} INFO - 
================================================================================
DAG File Processing Stats

File Path                                PID    Runtime      # DAGs    # Errors  Last Runtime    Last Run
---------------------------------------  -----  ---------  --------  ----------  --------------  -------------------
/opt/airflow/dags/sakiga_ds_pipeline.py                           1           0  0.21s           2026-02-14T01:34:40
================================================================================
[2026-02-14T01:35:10.988+0000] {manager.py:879} INFO - 
================================================================================
DAG File Processing Stats

File Path                                PID    Runtime      # DAGs    # Errors  Last Runtime    Last Run
---------------------------------------  -----  ---------  --------  ----------  --------------  -------------------
/opt/airflow/dags/sakiga_ds_pipeline.py                           1           0  0.21s           2026-02-14T01:35:10
================================================================================
[2026-02-14T01:35:38.293+0000] {manager.py:738} INFO - Searching for files in /opt/airflow/dags
[2026-02-14T01:35:38.318+0000] {manager.py:741} INFO - There are 1 files in /opt/airflow/dags
[2026-02-14T01:35:41.278+0000] {manager.py:879} INFO - 
================================================================================
DAG File Processing Stats

File Path                                PID    Runtime      # DAGs    # Errors  Last Runtime    Last Run
---------------------------------------  -----  ---------  --------  ----------  --------------  -------------------
/opt/airflow/dags/sakiga_ds_pipeline.py                           1           0  0.21s           2026-02-14T01:35:41
================================================================================
[2026-02-14T01:36:11.576+0000] {manager.py:879} INFO - 
================================================================================
DAG File Processing Stats

File Path                                PID    Runtime      # DAGs    # Errors  Last Runtime    Last Run
---------------------------------------  -----  ---------  --------  ----------  --------------  -------------------
/opt/airflow/dags/sakiga_ds_pipeline.py                           1           0  0.21s           2026-02-14T01:36:11
================================================================================
[2026-02-14T01:36:41.863+0000] {manager.py:879} INFO - 
================================================================================
DAG File Processing Stats

File Path                                PID    Runtime      # DAGs    # Errors  Last Runtime    Last Run
---------------------------------------  -----  ---------  --------  ----------  --------------  -------------------
/opt/airflow/dags/sakiga_ds_pipeline.py                           1           0  0.21s           2026-02-14T01:36:41
================================================================================
[2026-02-14T01:37:12.152+0000] {manager.py:879} INFO - 
================================================================================
DAG File Processing Stats

File Path                                PID    Runtime      # DAGs    # Errors  Last Runtime    Last Run
---------------------------------------  -----  ---------  --------  ----------  --------------  -------------------
/opt/airflow/dags/sakiga_ds_pipeline.py                           1           0  0.21s           2026-02-14T01:37:12
================================================================================
[2026-02-14T01:37:42.452+0000] {manager.py:879} INFO - 
================================================================================
DAG File Processing Stats

File Path                                PID    Runtime      # DAGs    # Errors  Last Runtime    Last Run
---------------------------------------  -----  ---------  --------  ----------  --------------  -------------------
/opt/airflow/dags/sakiga_ds_pipeline.py                           1           0  0.21s           2026-02-14T01:37:42
================================================================================
[2026-02-14T01:38:12.754+0000] {manager.py:879} INFO - 
================================================================================
DAG File Processing Stats

File Path                                PID    Runtime      # DAGs    # Errors  Last Runtime    Last Run
---------------------------------------  -----  ---------  --------  ----------  --------------  -------------------
/opt/airflow/dags/sakiga_ds_pipeline.py                           1           0  0.21s           2026-02-14T01:38:12
================================================================================
[2026-02-14T01:38:43.050+0000] {manager.py:879} INFO - 
================================================================================
DAG File Processing Stats

File Path                                PID    Runtime      # DAGs    # Errors  Last Runtime    Last Run
---------------------------------------  -----  ---------  --------  ----------  --------------  -------------------
/opt/airflow/dags/sakiga_ds_pipeline.py                           1           0  0.21s           2026-02-14T01:38:43
================================================================================
[2026-02-14T01:39:13.339+0000] {manager.py:879} INFO - 
================================================================================
DAG File Processing Stats

File Path                                PID    Runtime      # DAGs    # Errors  Last Runtime    Last Run
---------------------------------------  -----  ---------  --------  ----------  --------------  -------------------
/opt/airflow/dags/sakiga_ds_pipeline.py                           1           0  0.21s           2026-02-14T01:39:13
================================================================================
[2026-02-14T01:39:43.630+0000] {manager.py:879} INFO - 
================================================================================
DAG File Processing Stats

File Path                                PID    Runtime      # DAGs    # Errors  Last Runtime    Last Run
---------------------------------------  -----  ---------  --------  ----------  --------------  -------------------
/opt/airflow/dags/sakiga_ds_pipeline.py                           1           0  0.21s           2026-02-14T01:39:43
================================================================================
[2026-02-14T01:40:13.922+0000] {manager.py:879} INFO - 
================================================================================
DAG File Processing Stats

File Path                                PID    Runtime      # DAGs    # Errors  Last Runtime    Last Run
---------------------------------------  -----  ---------  --------  ----------  --------------  -------------------
/opt/airflow/dags/sakiga_ds_pipeline.py                           1           0  0.21s           2026-02-14T01:40:13
================================================================================
[2026-02-14T01:40:39.174+0000] {manager.py:738} INFO - Searching for files in /opt/airflow/dags
[2026-02-14T01:40:39.201+0000] {manager.py:741} INFO - There are 1 files in /opt/airflow/dags
[2026-02-14T01:40:44.212+0000] {manager.py:879} INFO - 
================================================================================
DAG File Processing Stats

File Path                                PID    Runtime      # DAGs    # Errors  Last Runtime    Last Run
---------------------------------------  -----  ---------  --------  ----------  --------------  -------------------
/opt/airflow/dags/sakiga_ds_pipeline.py                           1           0  0.21s           2026-02-14T01:40:44
================================================================================
[2026-02-14T01:41:14.494+0000] {manager.py:879} INFO - 
================================================================================
DAG File Processing Stats

File Path                                PID    Runtime      # DAGs    # Errors  Last Runtime    Last Run
---------------------------------------  -----  ---------  --------  ----------  --------------  -------------------
/opt/airflow/dags/sakiga_ds_pipeline.py                           1           0  0.21s           2026-02-14T01:41:14
================================================================================
[2026-02-14T01:41:44.773+0000] {manager.py:879} INFO - 
================================================================================
DAG File Processing Stats

File Path                                PID    Runtime      # DAGs    # Errors  Last Runtime    Last Run
---------------------------------------  -----  ---------  --------  ----------  --------------  -------------------
/opt/airflow/dags/sakiga_ds_pipeline.py                           1           0  0.21s           2026-02-14T01:41:44
================================================================================
[2026-02-14T01:42:15.063+0000] {manager.py:879} INFO - 
================================================================================
DAG File Processing Stats

File Path                                PID    Runtime      # DAGs    # Errors  Last Runtime    Last Run
---------------------------------------  -----  ---------  --------  ----------  --------------  -------------------
/opt/airflow/dags/sakiga_ds_pipeline.py                           1           0  0.21s           2026-02-14T01:42:15
================================================================================
[2026-02-14T01:42:45.354+0000] {manager.py:879} INFO - 
================================================================================
DAG File Processing Stats

File Path                                PID    Runtime      # DAGs    # Errors  Last Runtime    Last Run
---------------------------------------  -----  ---------  --------  ----------  --------------  -------------------
/opt/airflow/dags/sakiga_ds_pipeline.py                           1           0  0.21s           2026-02-14T01:42:45
================================================================================
[2026-02-14T01:43:15.647+0000] {manager.py:879} INFO - 
================================================================================
DAG File Processing Stats

File Path                                PID    Runtime      # DAGs    # Errors  Last Runtime    Last Run
---------------------------------------  -----  ---------  --------  ----------  --------------  -------------------
/opt/airflow/dags/sakiga_ds_pipeline.py                           1           0  0.21s           2026-02-14T01:43:15
================================================================================
[2026-02-14T01:43:45.938+0000] {manager.py:879} INFO - 
================================================================================
DAG File Processing Stats

File Path                                PID    Runtime      # DAGs    # Errors  Last Runtime    Last Run
---------------------------------------  -----  ---------  --------  ----------  --------------  -------------------
/opt/airflow/dags/sakiga_ds_pipeline.py                           1           0  0.21s           2026-02-14T01:43:45
================================================================================
[2026-02-14T01:44:16.226+0000] {manager.py:879} INFO - 
================================================================================
DAG File Processing Stats

File Path                                PID    Runtime      # DAGs    # Errors  Last Runtime    Last Run
---------------------------------------  -----  ---------  --------  ----------  --------------  -------------------
/opt/airflow/dags/sakiga_ds_pipeline.py                           1           0  0.21s           2026-02-14T01:44:16
================================================================================
[2026-02-14T01:44:46.534+0000] {manager.py:879} INFO - 
================================================================================
DAG File Processing Stats

File Path                                PID    Runtime      # DAGs    # Errors  Last Runtime    Last Run
---------------------------------------  -----  ---------  --------  ----------  --------------  -------------------
/opt/airflow/dags/sakiga_ds_pipeline.py                           1           0  0.21s           2026-02-14T01:44:46
================================================================================
[2026-02-14T01:45:16.816+0000] {manager.py:879} INFO - 
================================================================================
DAG File Processing Stats

File Path                                PID    Runtime      # DAGs    # Errors  Last Runtime    Last Run
---------------------------------------  -----  ---------  --------  ----------  --------------  -------------------
/opt/airflow/dags/sakiga_ds_pipeline.py                           1           0  0.21s           2026-02-14T01:45:16
================================================================================
[2026-02-14T01:45:39.873+0000] {manager.py:738} INFO - Searching for files in /opt/airflow/dags
[2026-02-14T01:45:39.896+0000] {manager.py:741} INFO - There are 1 files in /opt/airflow/dags
[2026-02-14T01:45:47.096+0000] {manager.py:879} INFO - 
================================================================================
DAG File Processing Stats

File Path                                PID    Runtime      # DAGs    # Errors  Last Runtime    Last Run
---------------------------------------  -----  ---------  --------  ----------  --------------  -------------------
/opt/airflow/dags/sakiga_ds_pipeline.py                           1           0  0.21s           2026-02-14T01:45:47
================================================================================
[2026-02-14T01:46:17.378+0000] {manager.py:879} INFO - 
================================================================================
DAG File Processing Stats

File Path                                PID    Runtime      # DAGs    # Errors  Last Runtime    Last Run
---------------------------------------  -----  ---------  --------  ----------  --------------  -------------------
/opt/airflow/dags/sakiga_ds_pipeline.py                           1           0  0.21s           2026-02-14T01:46:17
================================================================================
[2026-02-14T01:46:47.660+0000] {manager.py:879} INFO - 
================================================================================
DAG File Processing Stats

File Path                                PID    Runtime      # DAGs    # Errors  Last Runtime    Last Run
---------------------------------------  -----  ---------  --------  ----------  --------------  -------------------
/opt/airflow/dags/sakiga_ds_pipeline.py                           1           0  0.21s           2026-02-14T01:46:47
================================================================================
[2026-02-14T01:47:17.941+0000] {manager.py:879} INFO - 
================================================================================
DAG File Processing Stats

File Path                                PID    Runtime      # DAGs    # Errors  Last Runtime    Last Run
---------------------------------------  -----  ---------  --------  ----------  --------------  -------------------
/opt/airflow/dags/sakiga_ds_pipeline.py                           1           0  0.21s           2026-02-14T01:47:17
================================================================================
[2026-02-14T01:47:48.222+0000] {manager.py:879} INFO - 
================================================================================
DAG File Processing Stats

File Path                                PID    Runtime      # DAGs    # Errors  Last Runtime    Last Run
---------------------------------------  -----  ---------  --------  ----------  --------------  -------------------
/opt/airflow/dags/sakiga_ds_pipeline.py                           1           0  0.21s           2026-02-14T01:47:48
================================================================================
[2026-02-14T01:48:18.505+0000] {manager.py:879} INFO - 
================================================================================
DAG File Processing Stats

File Path                                PID    Runtime      # DAGs    # Errors  Last Runtime    Last Run
---------------------------------------  -----  ---------  --------  ----------  --------------  -------------------
/opt/airflow/dags/sakiga_ds_pipeline.py                           1           0  0.21s           2026-02-14T01:48:18
================================================================================
[2026-02-14T01:48:48.797+0000] {manager.py:879} INFO - 
================================================================================
DAG File Processing Stats

File Path                                PID    Runtime      # DAGs    # Errors  Last Runtime    Last Run
---------------------------------------  -----  ---------  --------  ----------  --------------  -------------------
/opt/airflow/dags/sakiga_ds_pipeline.py                           1           0  0.21s           2026-02-14T01:48:48
================================================================================
[2026-02-14T01:49:19.080+0000] {manager.py:879} INFO - 
================================================================================
DAG File Processing Stats

File Path                                PID    Runtime      # DAGs    # Errors  Last Runtime    Last Run
---------------------------------------  -----  ---------  --------  ----------  --------------  -------------------
/opt/airflow/dags/sakiga_ds_pipeline.py                           1           0  0.21s           2026-02-14T01:49:19
================================================================================
[2026-02-14T01:49:49.361+0000] {manager.py:879} INFO - 
================================================================================
DAG File Processing Stats

File Path                                PID    Runtime      # DAGs    # Errors  Last Runtime    Last Run
---------------------------------------  -----  ---------  --------  ----------  --------------  -------------------
/opt/airflow/dags/sakiga_ds_pipeline.py                           1           0  0.21s           2026-02-14T01:49:49
================================================================================
[2026-02-14T01:50:19.641+0000] {manager.py:879} INFO - 
================================================================================
DAG File Processing Stats

File Path                                PID    Runtime      # DAGs    # Errors  Last Runtime    Last Run
---------------------------------------  -----  ---------  --------  ----------  --------------  -------------------
/opt/airflow/dags/sakiga_ds_pipeline.py                           1           0  0.21s           2026-02-14T01:50:19
================================================================================
[2026-02-14T01:50:40.048+0000] {manager.py:738} INFO - Searching for files in /opt/airflow/dags
[2026-02-14T01:50:40.071+0000] {manager.py:741} INFO - There are 1 files in /opt/airflow/dags
[2026-02-14T01:50:49.922+0000] {manager.py:879} INFO - 
================================================================================
DAG File Processing Stats

File Path                                PID    Runtime      # DAGs    # Errors  Last Runtime    Last Run
---------------------------------------  -----  ---------  --------  ----------  --------------  -------------------
/opt/airflow/dags/sakiga_ds_pipeline.py                           1           0  0.21s           2026-02-14T01:50:49
================================================================================
[2026-02-14T01:51:20.204+0000] {manager.py:879} INFO - 
================================================================================
DAG File Processing Stats

File Path                                PID    Runtime      # DAGs    # Errors  Last Runtime    Last Run
---------------------------------------  -----  ---------  --------  ----------  --------------  -------------------
/opt/airflow/dags/sakiga_ds_pipeline.py                           1           0  0.21s           2026-02-14T01:51:20
================================================================================
[2026-02-14T01:51:50.485+0000] {manager.py:879} INFO - 
================================================================================
DAG File Processing Stats

File Path                                PID    Runtime      # DAGs    # Errors  Last Runtime    Last Run
---------------------------------------  -----  ---------  --------  ----------  --------------  -------------------
/opt/airflow/dags/sakiga_ds_pipeline.py                           1           0  0.21s           2026-02-14T01:51:50
================================================================================
[2026-02-14T01:52:20.767+0000] {manager.py:879} INFO - 
================================================================================
DAG File Processing Stats

File Path                                PID    Runtime      # DAGs    # Errors  Last Runtime    Last Run
---------------------------------------  -----  ---------  --------  ----------  --------------  -------------------
/opt/airflow/dags/sakiga_ds_pipeline.py                           1           0  0.21s           2026-02-14T01:52:20
================================================================================
[2026-02-14T01:52:51.052+0000] {manager.py:879} INFO - 
================================================================================
DAG File Processing Stats

File Path                                PID    Runtime      # DAGs    # Errors  Last Runtime    Last Run
---------------------------------------  -----  ---------  --------  ----------  --------------  -------------------
/opt/airflow/dags/sakiga_ds_pipeline.py                           1           0  0.21s           2026-02-14T01:52:51
================================================================================
[2026-02-14T01:53:21.332+0000] {manager.py:879} INFO - 
================================================================================
DAG File Processing Stats

File Path                                PID    Runtime      # DAGs    # Errors  Last Runtime    Last Run
---------------------------------------  -----  ---------  --------  ----------  --------------  -------------------
/opt/airflow/dags/sakiga_ds_pipeline.py                           1           0  0.21s           2026-02-14T01:53:21
================================================================================
[2026-02-14T01:53:51.613+0000] {manager.py:879} INFO - 
================================================================================
DAG File Processing Stats

File Path                                PID    Runtime      # DAGs    # Errors  Last Runtime    Last Run
---------------------------------------  -----  ---------  --------  ----------  --------------  -------------------
/opt/airflow/dags/sakiga_ds_pipeline.py                           1           0  0.21s           2026-02-14T01:53:51
================================================================================
[2026-02-14T01:54:21.905+0000] {manager.py:879} INFO - 
================================================================================
DAG File Processing Stats

File Path                                PID    Runtime      # DAGs    # Errors  Last Runtime    Last Run
---------------------------------------  -----  ---------  --------  ----------  --------------  -------------------
/opt/airflow/dags/sakiga_ds_pipeline.py                           1           0  0.21s           2026-02-14T01:54:21
================================================================================
[2026-02-14T01:54:52.187+0000] {manager.py:879} INFO - 
================================================================================
DAG File Processing Stats

File Path                                PID    Runtime      # DAGs    # Errors  Last Runtime    Last Run
---------------------------------------  -----  ---------  --------  ----------  --------------  -------------------
/opt/airflow/dags/sakiga_ds_pipeline.py                           1           0  0.21s           2026-02-14T01:54:52
================================================================================
[2026-02-14T01:55:22.465+0000] {manager.py:879} INFO - 
================================================================================
DAG File Processing Stats

File Path                                PID    Runtime      # DAGs    # Errors  Last Runtime    Last Run
---------------------------------------  -----  ---------  --------  ----------  --------------  -------------------
/opt/airflow/dags/sakiga_ds_pipeline.py                           1           0  0.21s           2026-02-14T01:55:22
================================================================================
[2026-02-14T01:55:40.236+0000] {manager.py:738} INFO - Searching for files in /opt/airflow/dags
[2026-02-14T01:55:40.260+0000] {manager.py:741} INFO - There are 1 files in /opt/airflow/dags
[2026-02-14T01:55:52.774+0000] {manager.py:879} INFO - 
================================================================================
DAG File Processing Stats

File Path                                PID    Runtime      # DAGs    # Errors  Last Runtime    Last Run
---------------------------------------  -----  ---------  --------  ----------  --------------  -------------------
/opt/airflow/dags/sakiga_ds_pipeline.py                           1           0  0.21s           2026-02-14T01:55:52
================================================================================
[2026-02-14T01:56:23.056+0000] {manager.py:879} INFO - 
================================================================================
DAG File Processing Stats

File Path                                PID    Runtime      # DAGs    # Errors  Last Runtime    Last Run
---------------------------------------  -----  ---------  --------  ----------  --------------  -------------------
/opt/airflow/dags/sakiga_ds_pipeline.py                           1           0  0.21s           2026-02-14T01:56:23
================================================================================
[2026-02-14T01:56:53.295+0000] {manager.py:879} INFO - 
================================================================================
DAG File Processing Stats

File Path                                PID    Runtime      # DAGs    # Errors  Last Runtime    Last Run
---------------------------------------  -----  ---------  --------  ----------  --------------  -------------------
/opt/airflow/dags/sakiga_ds_pipeline.py                           1           0  0.21s           2026-02-14T01:56:53
================================================================================
[2026-02-14T01:57:23.573+0000] {manager.py:879} INFO - 
================================================================================
DAG File Processing Stats

File Path                                PID    Runtime      # DAGs    # Errors  Last Runtime    Last Run
---------------------------------------  -----  ---------  --------  ----------  --------------  -------------------
/opt/airflow/dags/sakiga_ds_pipeline.py                           1           0  0.21s           2026-02-14T01:57:23
================================================================================
[2026-02-14T01:57:53.852+0000] {manager.py:879} INFO - 
================================================================================
DAG File Processing Stats

File Path                                PID    Runtime      # DAGs    # Errors  Last Runtime    Last Run
---------------------------------------  -----  ---------  --------  ----------  --------------  -------------------
/opt/airflow/dags/sakiga_ds_pipeline.py                           1           0  0.21s           2026-02-14T01:57:53
================================================================================
[2026-02-14T01:58:24.139+0000] {manager.py:879} INFO - 
================================================================================
DAG File Processing Stats

File Path                                PID    Runtime      # DAGs    # Errors  Last Runtime    Last Run
---------------------------------------  -----  ---------  --------  ----------  --------------  -------------------
/opt/airflow/dags/sakiga_ds_pipeline.py                           1           0  0.21s           2026-02-14T01:58:24
================================================================================
[2026-02-14T01:58:54.420+0000] {manager.py:879} INFO - 
================================================================================
DAG File Processing Stats

File Path                                PID    Runtime      # DAGs    # Errors  Last Runtime    Last Run
---------------------------------------  -----  ---------  --------  ----------  --------------  -------------------
/opt/airflow/dags/sakiga_ds_pipeline.py                           1           0  0.21s           2026-02-14T01:58:54
================================================================================
[2026-02-14T01:59:24.701+0000] {manager.py:879} INFO - 
================================================================================
DAG File Processing Stats

File Path                                PID    Runtime      # DAGs    # Errors  Last Runtime    Last Run
---------------------------------------  -----  ---------  --------  ----------  --------------  -------------------
/opt/airflow/dags/sakiga_ds_pipeline.py                           1           0  0.21s           2026-02-14T01:59:24
================================================================================
[2026-02-14T01:59:54.989+0000] {manager.py:879} INFO - 
================================================================================
DAG File Processing Stats

File Path                                PID    Runtime      # DAGs    # Errors  Last Runtime    Last Run
---------------------------------------  -----  ---------  --------  ----------  --------------  -------------------
/opt/airflow/dags/sakiga_ds_pipeline.py                           1           0  0.21s           2026-02-14T01:59:54
================================================================================
[2026-02-14T02:00:25.270+0000] {manager.py:879} INFO - 
================================================================================
DAG File Processing Stats

File Path                                PID    Runtime      # DAGs    # Errors  Last Runtime    Last Run
---------------------------------------  -----  ---------  --------  ----------  --------------  -------------------
/opt/airflow/dags/sakiga_ds_pipeline.py                           1           0  0.21s           2026-02-14T02:00:25
================================================================================
[2026-02-14T02:00:40.301+0000] {manager.py:738} INFO - Searching for files in /opt/airflow/dags
[2026-02-14T02:00:40.321+0000] {manager.py:741} INFO - There are 1 files in /opt/airflow/dags
[2026-02-14T02:00:55.581+0000] {manager.py:879} INFO - 
================================================================================
DAG File Processing Stats

File Path                                PID    Runtime      # DAGs    # Errors  Last Runtime    Last Run
---------------------------------------  -----  ---------  --------  ----------  --------------  -------------------
/opt/airflow/dags/sakiga_ds_pipeline.py                           1           0  0.21s           2026-02-14T02:00:55
================================================================================
[2026-02-14T02:01:25.854+0000] {manager.py:879} INFO - 
================================================================================
DAG File Processing Stats

File Path                                PID    Runtime      # DAGs    # Errors  Last Runtime    Last Run
---------------------------------------  -----  ---------  --------  ----------  --------------  -------------------
/opt/airflow/dags/sakiga_ds_pipeline.py                           1           0  0.21s           2026-02-14T02:01:25
================================================================================
[2026-02-14T02:01:56.139+0000] {manager.py:879} INFO - 
================================================================================
DAG File Processing Stats

File Path                                PID    Runtime      # DAGs    # Errors  Last Runtime    Last Run
---------------------------------------  -----  ---------  --------  ----------  --------------  -------------------
/opt/airflow/dags/sakiga_ds_pipeline.py                           1           0  0.21s           2026-02-14T02:01:56
================================================================================
[2026-02-14T02:02:26.427+0000] {manager.py:879} INFO - 
================================================================================
DAG File Processing Stats

File Path                                PID    Runtime      # DAGs    # Errors  Last Runtime    Last Run
---------------------------------------  -----  ---------  --------  ----------  --------------  -------------------
/opt/airflow/dags/sakiga_ds_pipeline.py                           1           0  0.22s           2026-02-14T02:02:26
================================================================================
[2026-02-14T02:02:56.710+0000] {manager.py:879} INFO - 
================================================================================
DAG File Processing Stats

File Path                                PID    Runtime      # DAGs    # Errors  Last Runtime    Last Run
---------------------------------------  -----  ---------  --------  ----------  --------------  -------------------
/opt/airflow/dags/sakiga_ds_pipeline.py                           1           0  0.21s           2026-02-14T02:02:56
================================================================================
[2026-02-14T02:03:26.967+0000] {manager.py:879} INFO - 
================================================================================
DAG File Processing Stats

File Path                                PID    Runtime      # DAGs    # Errors  Last Runtime    Last Run
---------------------------------------  -----  ---------  --------  ----------  --------------  -------------------
/opt/airflow/dags/sakiga_ds_pipeline.py                           1           0  0.21s           2026-02-14T02:03:26
================================================================================
[2026-02-14T02:03:57.251+0000] {manager.py:879} INFO - 
================================================================================
DAG File Processing Stats

File Path                                PID    Runtime      # DAGs    # Errors  Last Runtime    Last Run
---------------------------------------  -----  ---------  --------  ----------  --------------  -------------------
/opt/airflow/dags/sakiga_ds_pipeline.py                           1           0  0.21s           2026-02-14T02:03:57
================================================================================
[2026-02-14T02:04:27.523+0000] {manager.py:879} INFO - 
================================================================================
DAG File Processing Stats

File Path                                PID    Runtime      # DAGs    # Errors  Last Runtime    Last Run
---------------------------------------  -----  ---------  --------  ----------  --------------  -------------------
/opt/airflow/dags/sakiga_ds_pipeline.py                           1           0  0.21s           2026-02-14T02:04:27
================================================================================
[2026-02-14T02:04:57.804+0000] {manager.py:879} INFO - 
================================================================================
DAG File Processing Stats

File Path                                PID    Runtime      # DAGs    # Errors  Last Runtime    Last Run
---------------------------------------  -----  ---------  --------  ----------  --------------  -------------------
/opt/airflow/dags/sakiga_ds_pipeline.py                           1           0  0.21s           2026-02-14T02:04:57
================================================================================
[2026-02-14T02:05:28.085+0000] {manager.py:879} INFO - 
================================================================================
DAG File Processing Stats

File Path                                PID    Runtime      # DAGs    # Errors  Last Runtime    Last Run
---------------------------------------  -----  ---------  --------  ----------  --------------  -------------------
/opt/airflow/dags/sakiga_ds_pipeline.py                           1           0  0.21s           2026-02-14T02:05:28
================================================================================
[2026-02-14T02:05:40.599+0000] {manager.py:738} INFO - Searching for files in /opt/airflow/dags
[2026-02-14T02:05:40.620+0000] {manager.py:741} INFO - There are 1 files in /opt/airflow/dags
[2026-02-14T02:05:58.364+0000] {manager.py:879} INFO - 
================================================================================
DAG File Processing Stats

File Path                                PID    Runtime      # DAGs    # Errors  Last Runtime    Last Run
---------------------------------------  -----  ---------  --------  ----------  --------------  -------------------
/opt/airflow/dags/sakiga_ds_pipeline.py                           1           0  0.21s           2026-02-14T02:05:58
================================================================================
[2026-02-14T02:06:28.642+0000] {manager.py:879} INFO - 
================================================================================
DAG File Processing Stats

File Path                                PID    Runtime      # DAGs    # Errors  Last Runtime    Last Run
---------------------------------------  -----  ---------  --------  ----------  --------------  -------------------
/opt/airflow/dags/sakiga_ds_pipeline.py                           1           0  0.21s           2026-02-14T02:06:28
================================================================================
[2026-02-14T02:06:58.924+0000] {manager.py:879} INFO - 
================================================================================
DAG File Processing Stats

File Path                                PID    Runtime      # DAGs    # Errors  Last Runtime    Last Run
---------------------------------------  -----  ---------  --------  ----------  --------------  -------------------
/opt/airflow/dags/sakiga_ds_pipeline.py                           1           0  0.21s           2026-02-14T02:06:58
================================================================================
[2026-02-14T02:07:29.205+0000] {manager.py:879} INFO - 
================================================================================
DAG File Processing Stats

File Path                                PID    Runtime      # DAGs    # Errors  Last Runtime    Last Run
---------------------------------------  -----  ---------  --------  ----------  --------------  -------------------
/opt/airflow/dags/sakiga_ds_pipeline.py                           1           0  0.21s           2026-02-14T02:07:29
================================================================================
[2026-02-14T02:07:59.488+0000] {manager.py:879} INFO - 
================================================================================
DAG File Processing Stats

File Path                                PID    Runtime      # DAGs    # Errors  Last Runtime    Last Run
---------------------------------------  -----  ---------  --------  ----------  --------------  -------------------
/opt/airflow/dags/sakiga_ds_pipeline.py                           1           0  0.21s           2026-02-14T02:07:59
================================================================================
[2026-02-14T02:08:29.770+0000] {manager.py:879} INFO - 
================================================================================
DAG File Processing Stats

File Path                                PID    Runtime      # DAGs    # Errors  Last Runtime    Last Run
---------------------------------------  -----  ---------  --------  ----------  --------------  -------------------
/opt/airflow/dags/sakiga_ds_pipeline.py                           1           0  0.21s           2026-02-14T02:08:29
================================================================================
[2026-02-14T02:09:00.051+0000] {manager.py:879} INFO - 
================================================================================
DAG File Processing Stats

File Path                                PID    Runtime      # DAGs    # Errors  Last Runtime    Last Run
---------------------------------------  -----  ---------  --------  ----------  --------------  -------------------
/opt/airflow/dags/sakiga_ds_pipeline.py                           1           0  0.21s           2026-02-14T02:09:00
================================================================================
[2026-02-14T02:09:30.332+0000] {manager.py:879} INFO - 
================================================================================
DAG File Processing Stats

File Path                                PID    Runtime      # DAGs    # Errors  Last Runtime    Last Run
---------------------------------------  -----  ---------  --------  ----------  --------------  -------------------
/opt/airflow/dags/sakiga_ds_pipeline.py                           1           0  0.21s           2026-02-14T02:09:30
================================================================================
[2026-02-14T02:10:00.614+0000] {manager.py:879} INFO - 
================================================================================
DAG File Processing Stats

File Path                                PID    Runtime      # DAGs    # Errors  Last Runtime    Last Run
---------------------------------------  -----  ---------  --------  ----------  --------------  -------------------
/opt/airflow/dags/sakiga_ds_pipeline.py                           1           0  0.21s           2026-02-14T02:10:00
================================================================================
[2026-02-14T02:10:30.895+0000] {manager.py:879} INFO - 
================================================================================
DAG File Processing Stats

File Path                                PID    Runtime      # DAGs    # Errors  Last Runtime    Last Run
---------------------------------------  -----  ---------  --------  ----------  --------------  -------------------
/opt/airflow/dags/sakiga_ds_pipeline.py                           1           0  0.21s           2026-02-14T02:10:30
================================================================================
[2026-02-14T02:10:40.788+0000] {manager.py:738} INFO - Searching for files in /opt/airflow/dags
[2026-02-14T02:10:40.811+0000] {manager.py:741} INFO - There are 1 files in /opt/airflow/dags
[2026-02-14T02:11:01.173+0000] {manager.py:879} INFO - 
================================================================================
DAG File Processing Stats

File Path                                PID    Runtime      # DAGs    # Errors  Last Runtime    Last Run
---------------------------------------  -----  ---------  --------  ----------  --------------  -------------------
/opt/airflow/dags/sakiga_ds_pipeline.py                           1           0  0.21s           2026-02-14T02:11:01
================================================================================
[2026-02-14T02:11:31.457+0000] {manager.py:879} INFO - 
================================================================================
DAG File Processing Stats

File Path                                PID    Runtime      # DAGs    # Errors  Last Runtime    Last Run
---------------------------------------  -----  ---------  --------  ----------  --------------  -------------------
/opt/airflow/dags/sakiga_ds_pipeline.py                           1           0  0.21s           2026-02-14T02:11:31
================================================================================
[2026-02-14T02:12:01.737+0000] {manager.py:879} INFO - 
================================================================================
DAG File Processing Stats

File Path                                PID    Runtime      # DAGs    # Errors  Last Runtime    Last Run
---------------------------------------  -----  ---------  --------  ----------  --------------  -------------------
/opt/airflow/dags/sakiga_ds_pipeline.py                           1           0  0.21s           2026-02-14T02:12:01
================================================================================
[2026-02-14T02:12:32.023+0000] {manager.py:879} INFO - 
================================================================================
DAG File Processing Stats

File Path                                PID    Runtime      # DAGs    # Errors  Last Runtime    Last Run
---------------------------------------  -----  ---------  --------  ----------  --------------  -------------------
/opt/airflow/dags/sakiga_ds_pipeline.py                           1           0  0.21s           2026-02-14T02:12:32
================================================================================
[2026-02-14T02:13:02.305+0000] {manager.py:879} INFO - 
================================================================================
DAG File Processing Stats

File Path                                PID    Runtime      # DAGs    # Errors  Last Runtime    Last Run
---------------------------------------  -----  ---------  --------  ----------  --------------  -------------------
/opt/airflow/dags/sakiga_ds_pipeline.py                           1           0  0.21s           2026-02-14T02:13:02
================================================================================
[2026-02-14T02:13:32.591+0000] {manager.py:879} INFO - 
================================================================================
DAG File Processing Stats

File Path                                PID    Runtime      # DAGs    # Errors  Last Runtime    Last Run
---------------------------------------  -----  ---------  --------  ----------  --------------  -------------------
/opt/airflow/dags/sakiga_ds_pipeline.py                           1           0  0.21s           2026-02-14T02:13:32
================================================================================
[2026-02-14T02:14:02.881+0000] {manager.py:879} INFO - 
================================================================================
DAG File Processing Stats

File Path                                PID    Runtime      # DAGs    # Errors  Last Runtime    Last Run
---------------------------------------  -----  ---------  --------  ----------  --------------  -------------------
/opt/airflow/dags/sakiga_ds_pipeline.py                           1           0  0.21s           2026-02-14T02:14:02
================================================================================
[2026-02-14T02:14:33.166+0000] {manager.py:879} INFO - 
================================================================================
DAG File Processing Stats

File Path                                PID    Runtime      # DAGs    # Errors  Last Runtime    Last Run
---------------------------------------  -----  ---------  --------  ----------  --------------  -------------------
/opt/airflow/dags/sakiga_ds_pipeline.py                           1           0  0.21s           2026-02-14T02:14:33
================================================================================
[2026-02-14T02:15:03.449+0000] {manager.py:879} INFO - 
================================================================================
DAG File Processing Stats

File Path                                PID    Runtime      # DAGs    # Errors  Last Runtime    Last Run
---------------------------------------  -----  ---------  --------  ----------  --------------  -------------------
/opt/airflow/dags/sakiga_ds_pipeline.py                           1           0  0.21s           2026-02-14T02:15:03
================================================================================
[2026-02-14T02:15:33.730+0000] {manager.py:879} INFO - 
================================================================================
DAG File Processing Stats

File Path                                PID    Runtime      # DAGs    # Errors  Last Runtime    Last Run
---------------------------------------  -----  ---------  --------  ----------  --------------  -------------------
/opt/airflow/dags/sakiga_ds_pipeline.py                           1           0  0.21s           2026-02-14T02:15:33
================================================================================
[2026-02-14T02:15:40.987+0000] {manager.py:738} INFO - Searching for files in /opt/airflow/dags
[2026-02-14T02:15:41.010+0000] {manager.py:741} INFO - There are 1 files in /opt/airflow/dags
[2026-02-14T02:16:04.010+0000] {manager.py:879} INFO - 
================================================================================
DAG File Processing Stats

File Path                                PID    Runtime      # DAGs    # Errors  Last Runtime    Last Run
---------------------------------------  -----  ---------  --------  ----------  --------------  -------------------
/opt/airflow/dags/sakiga_ds_pipeline.py                           1           0  0.21s           2026-02-14T02:16:04
================================================================================
[2026-02-14T02:16:34.290+0000] {manager.py:879} INFO - 
================================================================================
DAG File Processing Stats

File Path                                PID    Runtime      # DAGs    # Errors  Last Runtime    Last Run
---------------------------------------  -----  ---------  --------  ----------  --------------  -------------------
/opt/airflow/dags/sakiga_ds_pipeline.py                           1           0  0.21s           2026-02-14T02:16:34
================================================================================
[2026-02-14T02:17:04.569+0000] {manager.py:879} INFO - 
================================================================================
DAG File Processing Stats

File Path                                PID    Runtime      # DAGs    # Errors  Last Runtime    Last Run
---------------------------------------  -----  ---------  --------  ----------  --------------  -------------------
/opt/airflow/dags/sakiga_ds_pipeline.py                           1           0  0.21s           2026-02-14T02:17:04
================================================================================
[2026-02-14T02:17:34.852+0000] {manager.py:879} INFO - 
================================================================================
DAG File Processing Stats

File Path                                PID    Runtime      # DAGs    # Errors  Last Runtime    Last Run
---------------------------------------  -----  ---------  --------  ----------  --------------  -------------------
/opt/airflow/dags/sakiga_ds_pipeline.py                           1           0  0.21s           2026-02-14T02:17:34
================================================================================
[2026-02-14T02:18:05.132+0000] {manager.py:879} INFO - 
================================================================================
DAG File Processing Stats

File Path                                PID    Runtime      # DAGs    # Errors  Last Runtime    Last Run
---------------------------------------  -----  ---------  --------  ----------  --------------  -------------------
/opt/airflow/dags/sakiga_ds_pipeline.py                           1           0  0.21s           2026-02-14T02:18:05
================================================================================
[2026-02-14T02:18:35.413+0000] {manager.py:879} INFO - 
================================================================================
DAG File Processing Stats

File Path                                PID    Runtime      # DAGs    # Errors  Last Runtime    Last Run
---------------------------------------  -----  ---------  --------  ----------  --------------  -------------------
/opt/airflow/dags/sakiga_ds_pipeline.py                           1           0  0.21s           2026-02-14T02:18:35
================================================================================
[2026-02-14T02:19:05.694+0000] {manager.py:879} INFO - 
================================================================================
DAG File Processing Stats

File Path                                PID    Runtime      # DAGs    # Errors  Last Runtime    Last Run
---------------------------------------  -----  ---------  --------  ----------  --------------  -------------------
/opt/airflow/dags/sakiga_ds_pipeline.py                           1           0  0.21s           2026-02-14T02:19:05
================================================================================
[2026-02-14T02:19:35.975+0000] {manager.py:879} INFO - 
================================================================================
DAG File Processing Stats

File Path                                PID    Runtime      # DAGs    # Errors  Last Runtime    Last Run
---------------------------------------  -----  ---------  --------  ----------  --------------  -------------------
/opt/airflow/dags/sakiga_ds_pipeline.py                           1           0  0.21s           2026-02-14T02:19:35
================================================================================
[2026-02-14T02:20:06.257+0000] {manager.py:879} INFO - 
================================================================================
DAG File Processing Stats

File Path                                PID    Runtime      # DAGs    # Errors  Last Runtime    Last Run
---------------------------------------  -----  ---------  --------  ----------  --------------  -------------------
/opt/airflow/dags/sakiga_ds_pipeline.py                           1           0  0.21s           2026-02-14T02:20:06
================================================================================
[2026-02-14T02:20:36.537+0000] {manager.py:879} INFO - 
================================================================================
DAG File Processing Stats

File Path                                PID    Runtime      # DAGs    # Errors  Last Runtime    Last Run
---------------------------------------  -----  ---------  --------  ----------  --------------  -------------------
/opt/airflow/dags/sakiga_ds_pipeline.py                           1           0  0.21s           2026-02-14T02:20:36
================================================================================
[2026-02-14T02:20:41.181+0000] {manager.py:738} INFO - Searching for files in /opt/airflow/dags
[2026-02-14T02:20:41.205+0000] {manager.py:741} INFO - There are 1 files in /opt/airflow/dags
[2026-02-14T02:21:06.819+0000] {manager.py:879} INFO - 
================================================================================
DAG File Processing Stats

File Path                                PID    Runtime      # DAGs    # Errors  Last Runtime    Last Run
---------------------------------------  -----  ---------  --------  ----------  --------------  -------------------
/opt/airflow/dags/sakiga_ds_pipeline.py                           1           0  0.21s           2026-02-14T02:21:06
================================================================================
[2026-02-14T02:21:37.098+0000] {manager.py:879} INFO - 
================================================================================
DAG File Processing Stats

File Path                                PID    Runtime      # DAGs    # Errors  Last Runtime    Last Run
---------------------------------------  -----  ---------  --------  ----------  --------------  -------------------
/opt/airflow/dags/sakiga_ds_pipeline.py                           1           0  0.21s           2026-02-14T02:21:37
================================================================================
[2026-02-14T02:22:07.378+0000] {manager.py:879} INFO - 
================================================================================
DAG File Processing Stats

File Path                                PID    Runtime      # DAGs    # Errors  Last Runtime    Last Run
---------------------------------------  -----  ---------  --------  ----------  --------------  -------------------
/opt/airflow/dags/sakiga_ds_pipeline.py                           1           0  0.21s           2026-02-14T02:22:07
================================================================================
[2026-02-14T02:22:37.660+0000] {manager.py:879} INFO - 
================================================================================
DAG File Processing Stats

File Path                                PID    Runtime      # DAGs    # Errors  Last Runtime    Last Run
---------------------------------------  -----  ---------  --------  ----------  --------------  -------------------
/opt/airflow/dags/sakiga_ds_pipeline.py                           1           0  0.21s           2026-02-14T02:22:37
================================================================================
[2026-02-14T02:23:07.940+0000] {manager.py:879} INFO - 
================================================================================
DAG File Processing Stats

File Path                                PID    Runtime      # DAGs    # Errors  Last Runtime    Last Run
---------------------------------------  -----  ---------  --------  ----------  --------------  -------------------
/opt/airflow/dags/sakiga_ds_pipeline.py                           1           0  0.21s           2026-02-14T02:23:07
================================================================================
[2026-02-14T02:23:38.236+0000] {manager.py:879} INFO - 
================================================================================
DAG File Processing Stats

File Path                                PID    Runtime      # DAGs    # Errors  Last Runtime    Last Run
---------------------------------------  -----  ---------  --------  ----------  --------------  -------------------
/opt/airflow/dags/sakiga_ds_pipeline.py                           1           0  0.21s           2026-02-14T02:23:38
================================================================================
[2026-02-14T02:24:08.515+0000] {manager.py:879} INFO - 
================================================================================
DAG File Processing Stats

File Path                                PID    Runtime      # DAGs    # Errors  Last Runtime    Last Run
---------------------------------------  -----  ---------  --------  ----------  --------------  -------------------
/opt/airflow/dags/sakiga_ds_pipeline.py                           1           0  0.21s           2026-02-14T02:24:08
================================================================================
[2026-02-14T02:24:38.795+0000] {manager.py:879} INFO - 
================================================================================
DAG File Processing Stats

File Path                                PID    Runtime      # DAGs    # Errors  Last Runtime    Last Run
---------------------------------------  -----  ---------  --------  ----------  --------------  -------------------
/opt/airflow/dags/sakiga_ds_pipeline.py                           1           0  0.21s           2026-02-14T02:24:38
================================================================================
[2026-02-14T02:25:09.074+0000] {manager.py:879} INFO - 
================================================================================
DAG File Processing Stats

File Path                                PID    Runtime      # DAGs    # Errors  Last Runtime    Last Run
---------------------------------------  -----  ---------  --------  ----------  --------------  -------------------
/opt/airflow/dags/sakiga_ds_pipeline.py                           1           0  0.21s           2026-02-14T02:25:09
================================================================================
[2026-02-14T02:25:39.357+0000] {manager.py:879} INFO - 
================================================================================
DAG File Processing Stats

File Path                                PID    Runtime      # DAGs    # Errors  Last Runtime    Last Run
---------------------------------------  -----  ---------  --------  ----------  --------------  -------------------
/opt/airflow/dags/sakiga_ds_pipeline.py                           1           0  0.21s           2026-02-14T02:25:39
================================================================================
[2026-02-14T02:25:41.364+0000] {manager.py:738} INFO - Searching for files in /opt/airflow/dags
[2026-02-14T02:25:41.389+0000] {manager.py:741} INFO - There are 1 files in /opt/airflow/dags
[2026-02-14T02:26:09.639+0000] {manager.py:879} INFO - 
================================================================================
DAG File Processing Stats

File Path                                PID    Runtime      # DAGs    # Errors  Last Runtime    Last Run
---------------------------------------  -----  ---------  --------  ----------  --------------  -------------------
/opt/airflow/dags/sakiga_ds_pipeline.py                           1           0  0.21s           2026-02-14T02:26:09
================================================================================
[2026-02-14T02:26:39.920+0000] {manager.py:879} INFO - 
================================================================================
DAG File Processing Stats

File Path                                PID    Runtime      # DAGs    # Errors  Last Runtime    Last Run
---------------------------------------  -----  ---------  --------  ----------  --------------  -------------------
/opt/airflow/dags/sakiga_ds_pipeline.py                           1           0  0.21s           2026-02-14T02:26:39
================================================================================
[2026-02-14T02:27:10.199+0000] {manager.py:879} INFO - 
================================================================================
DAG File Processing Stats

File Path                                PID    Runtime      # DAGs    # Errors  Last Runtime    Last Run
---------------------------------------  -----  ---------  --------  ----------  --------------  -------------------
/opt/airflow/dags/sakiga_ds_pipeline.py                           1           0  0.21s           2026-02-14T02:27:10
================================================================================
[2026-02-14T02:27:40.495+0000] {manager.py:879} INFO - 
================================================================================
DAG File Processing Stats

File Path                                PID    Runtime      # DAGs    # Errors  Last Runtime    Last Run
---------------------------------------  -----  ---------  --------  ----------  --------------  -------------------
/opt/airflow/dags/sakiga_ds_pipeline.py                           1           0  0.21s           2026-02-14T02:27:40
================================================================================
[2026-02-14T02:28:10.774+0000] {manager.py:879} INFO - 
================================================================================
DAG File Processing Stats

File Path                                PID    Runtime      # DAGs    # Errors  Last Runtime    Last Run
---------------------------------------  -----  ---------  --------  ----------  --------------  -------------------
/opt/airflow/dags/sakiga_ds_pipeline.py                           1           0  0.21s           2026-02-14T02:28:10
================================================================================
[2026-02-14T02:28:41.059+0000] {manager.py:879} INFO - 
================================================================================
DAG File Processing Stats

File Path                                PID    Runtime      # DAGs    # Errors  Last Runtime    Last Run
---------------------------------------  -----  ---------  --------  ----------  --------------  -------------------
/opt/airflow/dags/sakiga_ds_pipeline.py                           1           0  0.21s           2026-02-14T02:28:41
================================================================================
[2026-02-14T02:29:11.337+0000] {manager.py:879} INFO - 
================================================================================
DAG File Processing Stats

File Path                                PID    Runtime      # DAGs    # Errors  Last Runtime    Last Run
---------------------------------------  -----  ---------  --------  ----------  --------------  -------------------
/opt/airflow/dags/sakiga_ds_pipeline.py                           1           0  0.21s           2026-02-14T02:29:11
================================================================================
[2026-02-14T02:29:41.623+0000] {manager.py:879} INFO - 
================================================================================
DAG File Processing Stats

File Path                                PID    Runtime      # DAGs    # Errors  Last Runtime    Last Run
---------------------------------------  -----  ---------  --------  ----------  --------------  -------------------
/opt/airflow/dags/sakiga_ds_pipeline.py                           1           0  0.21s           2026-02-14T02:29:41
================================================================================
[2026-02-14T02:30:11.904+0000] {manager.py:879} INFO - 
================================================================================
DAG File Processing Stats

File Path                                PID    Runtime      # DAGs    # Errors  Last Runtime    Last Run
---------------------------------------  -----  ---------  --------  ----------  --------------  -------------------
/opt/airflow/dags/sakiga_ds_pipeline.py                           1           0  0.21s           2026-02-14T02:30:11
================================================================================
[2026-02-14T02:30:41.656+0000] {manager.py:738} INFO - Searching for files in /opt/airflow/dags
[2026-02-14T02:30:41.680+0000] {manager.py:741} INFO - There are 1 files in /opt/airflow/dags
[2026-02-14T02:30:42.189+0000] {manager.py:879} INFO - 
================================================================================
DAG File Processing Stats

File Path                                PID    Runtime      # DAGs    # Errors  Last Runtime    Last Run
---------------------------------------  -----  ---------  --------  ----------  --------------  -------------------
/opt/airflow/dags/sakiga_ds_pipeline.py                           1           0  0.21s           2026-02-14T02:30:42
================================================================================
[2026-02-14T02:31:12.469+0000] {manager.py:879} INFO - 
================================================================================
DAG File Processing Stats

File Path                                PID    Runtime      # DAGs    # Errors  Last Runtime    Last Run
---------------------------------------  -----  ---------  --------  ----------  --------------  -------------------
/opt/airflow/dags/sakiga_ds_pipeline.py                           1           0  0.21s           2026-02-14T02:31:12
================================================================================
[2026-02-14T02:31:42.749+0000] {manager.py:879} INFO - 
================================================================================
DAG File Processing Stats

File Path                                PID    Runtime      # DAGs    # Errors  Last Runtime    Last Run
---------------------------------------  -----  ---------  --------  ----------  --------------  -------------------
/opt/airflow/dags/sakiga_ds_pipeline.py                           1           0  0.21s           2026-02-14T02:31:42
================================================================================
[2026-02-14T02:32:13.030+0000] {manager.py:879} INFO - 
================================================================================
DAG File Processing Stats

File Path                                PID    Runtime      # DAGs    # Errors  Last Runtime    Last Run
---------------------------------------  -----  ---------  --------  ----------  --------------  -------------------
/opt/airflow/dags/sakiga_ds_pipeline.py                           1           0  0.21s           2026-02-14T02:32:13
================================================================================
[2026-02-14T02:32:43.311+0000] {manager.py:879} INFO - 
================================================================================
DAG File Processing Stats

File Path                                PID    Runtime      # DAGs    # Errors  Last Runtime    Last Run
---------------------------------------  -----  ---------  --------  ----------  --------------  -------------------
/opt/airflow/dags/sakiga_ds_pipeline.py                           1           0  0.21s           2026-02-14T02:32:43
================================================================================
[2026-02-14T02:33:13.607+0000] {manager.py:879} INFO - 
================================================================================
DAG File Processing Stats

File Path                                PID    Runtime      # DAGs    # Errors  Last Runtime    Last Run
---------------------------------------  -----  ---------  --------  ----------  --------------  -------------------
/opt/airflow/dags/sakiga_ds_pipeline.py                           1           0  0.21s           2026-02-14T02:33:13
================================================================================
[2026-02-14T02:33:43.893+0000] {manager.py:879} INFO - 
================================================================================
DAG File Processing Stats

File Path                                PID    Runtime      # DAGs    # Errors  Last Runtime    Last Run
---------------------------------------  -----  ---------  --------  ----------  --------------  -------------------
/opt/airflow/dags/sakiga_ds_pipeline.py                           1           0  0.21s           2026-02-14T02:33:43
================================================================================
[2026-02-14T02:34:14.175+0000] {manager.py:879} INFO - 
================================================================================
DAG File Processing Stats

File Path                                PID    Runtime      # DAGs    # Errors  Last Runtime    Last Run
---------------------------------------  -----  ---------  --------  ----------  --------------  -------------------
/opt/airflow/dags/sakiga_ds_pipeline.py                           1           0  0.21s           2026-02-14T02:34:14
================================================================================
[2026-02-14T02:34:44.458+0000] {manager.py:879} INFO - 
================================================================================
DAG File Processing Stats

File Path                                PID    Runtime      # DAGs    # Errors  Last Runtime    Last Run
---------------------------------------  -----  ---------  --------  ----------  --------------  -------------------
/opt/airflow/dags/sakiga_ds_pipeline.py                           1           0  0.21s           2026-02-14T02:34:44
================================================================================
[2026-02-14T02:35:14.740+0000] {manager.py:879} INFO - 
================================================================================
DAG File Processing Stats

File Path                                PID    Runtime      # DAGs    # Errors  Last Runtime    Last Run
---------------------------------------  -----  ---------  --------  ----------  --------------  -------------------
/opt/airflow/dags/sakiga_ds_pipeline.py                           1           0  0.21s           2026-02-14T02:35:14
================================================================================
[2026-02-14T02:35:41.836+0000] {manager.py:738} INFO - Searching for files in /opt/airflow/dags
[2026-02-14T02:35:41.859+0000] {manager.py:741} INFO - There are 1 files in /opt/airflow/dags
[2026-02-14T02:35:45.024+0000] {manager.py:879} INFO - 
================================================================================
DAG File Processing Stats

File Path                                PID    Runtime      # DAGs    # Errors  Last Runtime    Last Run
---------------------------------------  -----  ---------  --------  ----------  --------------  -------------------
/opt/airflow/dags/sakiga_ds_pipeline.py                           1           0  0.21s           2026-02-14T02:35:45
================================================================================
[2026-02-14T02:36:15.303+0000] {manager.py:879} INFO - 
================================================================================
DAG File Processing Stats

File Path                                PID    Runtime      # DAGs    # Errors  Last Runtime    Last Run
---------------------------------------  -----  ---------  --------  ----------  --------------  -------------------
/opt/airflow/dags/sakiga_ds_pipeline.py                           1           0  0.21s           2026-02-14T02:36:15
================================================================================
[2026-02-14T02:36:45.583+0000] {manager.py:879} INFO - 
================================================================================
DAG File Processing Stats

File Path                                PID    Runtime      # DAGs    # Errors  Last Runtime    Last Run
---------------------------------------  -----  ---------  --------  ----------  --------------  -------------------
/opt/airflow/dags/sakiga_ds_pipeline.py                           1           0  0.21s           2026-02-14T02:36:45
================================================================================
[2026-02-14T02:37:15.865+0000] {manager.py:879} INFO - 
================================================================================
DAG File Processing Stats

File Path                                PID    Runtime      # DAGs    # Errors  Last Runtime    Last Run
---------------------------------------  -----  ---------  --------  ----------  --------------  -------------------
/opt/airflow/dags/sakiga_ds_pipeline.py                           1           0  0.21s           2026-02-14T02:37:15
================================================================================
[2026-02-14T02:37:46.145+0000] {manager.py:879} INFO - 
================================================================================
DAG File Processing Stats

File Path                                PID    Runtime      # DAGs    # Errors  Last Runtime    Last Run
---------------------------------------  -----  ---------  --------  ----------  --------------  -------------------
/opt/airflow/dags/sakiga_ds_pipeline.py                           1           0  0.21s           2026-02-14T02:37:46
================================================================================
[2026-02-14T02:38:16.429+0000] {manager.py:879} INFO - 
================================================================================
DAG File Processing Stats

File Path                                PID    Runtime      # DAGs    # Errors  Last Runtime    Last Run
---------------------------------------  -----  ---------  --------  ----------  --------------  -------------------
/opt/airflow/dags/sakiga_ds_pipeline.py                           1           0  0.21s           2026-02-14T02:38:16
================================================================================
[2026-02-14T02:38:46.703+0000] {manager.py:879} INFO - 
================================================================================
DAG File Processing Stats

File Path                                PID    Runtime      # DAGs    # Errors  Last Runtime    Last Run
---------------------------------------  -----  ---------  --------  ----------  --------------  -------------------
/opt/airflow/dags/sakiga_ds_pipeline.py                           1           0  0.21s           2026-02-14T02:38:46
================================================================================
[2026-02-14T02:39:16.982+0000] {manager.py:879} INFO - 
================================================================================
DAG File Processing Stats

File Path                                PID    Runtime      # DAGs    # Errors  Last Runtime    Last Run
---------------------------------------  -----  ---------  --------  ----------  --------------  -------------------
/opt/airflow/dags/sakiga_ds_pipeline.py                           1           0  0.21s           2026-02-14T02:39:16
================================================================================
[2026-02-14T02:39:47.271+0000] {manager.py:879} INFO - 
================================================================================
DAG File Processing Stats

File Path                                PID    Runtime      # DAGs    # Errors  Last Runtime    Last Run
---------------------------------------  -----  ---------  --------  ----------  --------------  -------------------
/opt/airflow/dags/sakiga_ds_pipeline.py                           1           0  0.21s           2026-02-14T02:39:47
================================================================================
[2026-02-14T02:40:17.553+0000] {manager.py:879} INFO - 
================================================================================
DAG File Processing Stats

File Path                                PID    Runtime      # DAGs    # Errors  Last Runtime    Last Run
---------------------------------------  -----  ---------  --------  ----------  --------------  -------------------
/opt/airflow/dags/sakiga_ds_pipeline.py                           1           0  0.21s           2026-02-14T02:40:17
================================================================================
[2026-02-14T02:40:41.843+0000] {manager.py:738} INFO - Searching for files in /opt/airflow/dags
[2026-02-14T02:40:41.869+0000] {manager.py:741} INFO - There are 1 files in /opt/airflow/dags
[2026-02-14T02:40:47.833+0000] {manager.py:879} INFO - 
================================================================================
DAG File Processing Stats

File Path                                PID    Runtime      # DAGs    # Errors  Last Runtime    Last Run
---------------------------------------  -----  ---------  --------  ----------  --------------  -------------------
/opt/airflow/dags/sakiga_ds_pipeline.py                           1           0  0.21s           2026-02-14T02:40:47
================================================================================
[2026-02-14T02:41:18.114+0000] {manager.py:879} INFO - 
================================================================================
DAG File Processing Stats

File Path                                PID    Runtime      # DAGs    # Errors  Last Runtime    Last Run
---------------------------------------  -----  ---------  --------  ----------  --------------  -------------------
/opt/airflow/dags/sakiga_ds_pipeline.py                           1           0  0.21s           2026-02-14T02:41:18
================================================================================
[2026-02-14T02:41:48.396+0000] {manager.py:879} INFO - 
================================================================================
DAG File Processing Stats

File Path                                PID    Runtime      # DAGs    # Errors  Last Runtime    Last Run
---------------------------------------  -----  ---------  --------  ----------  --------------  -------------------
/opt/airflow/dags/sakiga_ds_pipeline.py                           1           0  0.21s           2026-02-14T02:41:48
================================================================================
[2026-02-14T02:42:18.678+0000] {manager.py:879} INFO - 
================================================================================
DAG File Processing Stats

File Path                                PID    Runtime      # DAGs    # Errors  Last Runtime    Last Run
---------------------------------------  -----  ---------  --------  ----------  --------------  -------------------
/opt/airflow/dags/sakiga_ds_pipeline.py                           1           0  0.21s           2026-02-14T02:42:18
================================================================================
[2026-02-14T02:42:48.959+0000] {manager.py:879} INFO - 
================================================================================
DAG File Processing Stats

File Path                                PID    Runtime      # DAGs    # Errors  Last Runtime    Last Run
---------------------------------------  -----  ---------  --------  ----------  --------------  -------------------
/opt/airflow/dags/sakiga_ds_pipeline.py                           1           0  0.21s           2026-02-14T02:42:48
================================================================================
[2026-02-14T02:43:19.242+0000] {manager.py:879} INFO - 
================================================================================
DAG File Processing Stats

File Path                                PID    Runtime      # DAGs    # Errors  Last Runtime    Last Run
---------------------------------------  -----  ---------  --------  ----------  --------------  -------------------
/opt/airflow/dags/sakiga_ds_pipeline.py                           1           0  0.21s           2026-02-14T02:43:19
================================================================================
[2026-02-14T02:43:49.524+0000] {manager.py:879} INFO - 
================================================================================
DAG File Processing Stats

File Path                                PID    Runtime      # DAGs    # Errors  Last Runtime    Last Run
---------------------------------------  -----  ---------  --------  ----------  --------------  -------------------
/opt/airflow/dags/sakiga_ds_pipeline.py                           1           0  0.21s           2026-02-14T02:43:49
================================================================================
[2026-02-14T02:44:19.805+0000] {manager.py:879} INFO - 
================================================================================
DAG File Processing Stats

File Path                                PID    Runtime      # DAGs    # Errors  Last Runtime    Last Run
---------------------------------------  -----  ---------  --------  ----------  --------------  -------------------
/opt/airflow/dags/sakiga_ds_pipeline.py                           1           0  0.21s           2026-02-14T02:44:19
================================================================================
[2026-02-14T02:44:50.087+0000] {manager.py:879} INFO - 
================================================================================
DAG File Processing Stats

File Path                                PID    Runtime      # DAGs    # Errors  Last Runtime    Last Run
---------------------------------------  -----  ---------  --------  ----------  --------------  -------------------
/opt/airflow/dags/sakiga_ds_pipeline.py                           1           0  0.21s           2026-02-14T02:44:50
================================================================================
[2026-02-14T02:45:20.362+0000] {manager.py:879} INFO - 
================================================================================
DAG File Processing Stats

File Path                                PID    Runtime      # DAGs    # Errors  Last Runtime    Last Run
---------------------------------------  -----  ---------  --------  ----------  --------------  -------------------
/opt/airflow/dags/sakiga_ds_pipeline.py                           1           0  0.21s           2026-02-14T02:45:20
================================================================================
[2026-02-14T02:45:42.126+0000] {manager.py:738} INFO - Searching for files in /opt/airflow/dags
[2026-02-14T02:45:42.149+0000] {manager.py:741} INFO - There are 1 files in /opt/airflow/dags
[2026-02-14T02:45:50.650+0000] {manager.py:879} INFO - 
================================================================================
DAG File Processing Stats

File Path                                PID    Runtime      # DAGs    # Errors  Last Runtime    Last Run
---------------------------------------  -----  ---------  --------  ----------  --------------  -------------------
/opt/airflow/dags/sakiga_ds_pipeline.py                           1           0  0.21s           2026-02-14T02:45:50
================================================================================
[2026-02-14T02:46:20.935+0000] {manager.py:879} INFO - 
================================================================================
DAG File Processing Stats

File Path                                PID    Runtime      # DAGs    # Errors  Last Runtime    Last Run
---------------------------------------  -----  ---------  --------  ----------  --------------  -------------------
/opt/airflow/dags/sakiga_ds_pipeline.py                           1           0  0.21s           2026-02-14T02:46:20
================================================================================
[2026-02-14T02:46:51.215+0000] {manager.py:879} INFO - 
================================================================================
DAG File Processing Stats

File Path                                PID    Runtime      # DAGs    # Errors  Last Runtime    Last Run
---------------------------------------  -----  ---------  --------  ----------  --------------  -------------------
/opt/airflow/dags/sakiga_ds_pipeline.py                           1           0  0.21s           2026-02-14T02:46:51
================================================================================
[2026-02-14T02:47:21.502+0000] {manager.py:879} INFO - 
================================================================================
DAG File Processing Stats

File Path                                PID    Runtime      # DAGs    # Errors  Last Runtime    Last Run
---------------------------------------  -----  ---------  --------  ----------  --------------  -------------------
/opt/airflow/dags/sakiga_ds_pipeline.py                           1           0  0.21s           2026-02-14T02:47:21
================================================================================
[2026-02-14T02:47:51.783+0000] {manager.py:879} INFO - 
================================================================================
DAG File Processing Stats

File Path                                PID    Runtime      # DAGs    # Errors  Last Runtime    Last Run
---------------------------------------  -----  ---------  --------  ----------  --------------  -------------------
/opt/airflow/dags/sakiga_ds_pipeline.py                           1           0  0.21s           2026-02-14T02:47:51
================================================================================
[2026-02-14T02:48:22.063+0000] {manager.py:879} INFO - 
================================================================================
DAG File Processing Stats

File Path                                PID    Runtime      # DAGs    # Errors  Last Runtime    Last Run
---------------------------------------  -----  ---------  --------  ----------  --------------  -------------------
/opt/airflow/dags/sakiga_ds_pipeline.py                           1           0  0.21s           2026-02-14T02:48:22
================================================================================
[2026-02-14T02:48:52.344+0000] {manager.py:879} INFO - 
================================================================================
DAG File Processing Stats

File Path                                PID    Runtime      # DAGs    # Errors  Last Runtime    Last Run
---------------------------------------  -----  ---------  --------  ----------  --------------  -------------------
/opt/airflow/dags/sakiga_ds_pipeline.py                           1           0  0.21s           2026-02-14T02:48:52
================================================================================
[2026-02-14T02:49:22.624+0000] {manager.py:879} INFO - 
================================================================================
DAG File Processing Stats

File Path                                PID    Runtime      # DAGs    # Errors  Last Runtime    Last Run
---------------------------------------  -----  ---------  --------  ----------  --------------  -------------------
/opt/airflow/dags/sakiga_ds_pipeline.py                           1           0  0.21s           2026-02-14T02:49:22
================================================================================
[2026-02-14T02:49:52.904+0000] {manager.py:879} INFO - 
================================================================================
DAG File Processing Stats

File Path                                PID    Runtime      # DAGs    # Errors  Last Runtime    Last Run
---------------------------------------  -----  ---------  --------  ----------  --------------  -------------------
/opt/airflow/dags/sakiga_ds_pipeline.py                           1           0  0.21s           2026-02-14T02:49:52
================================================================================
[2026-02-14T02:50:23.190+0000] {manager.py:879} INFO - 
================================================================================
DAG File Processing Stats

File Path                                PID    Runtime      # DAGs    # Errors  Last Runtime    Last Run
---------------------------------------  -----  ---------  --------  ----------  --------------  -------------------
/opt/airflow/dags/sakiga_ds_pipeline.py                           1           0  0.21s           2026-02-14T02:50:23
================================================================================
[2026-02-14T02:50:42.290+0000] {manager.py:738} INFO - Searching for files in /opt/airflow/dags
[2026-02-14T02:50:42.313+0000] {manager.py:741} INFO - There are 1 files in /opt/airflow/dags
[2026-02-14T02:50:53.472+0000] {manager.py:879} INFO - 
================================================================================
DAG File Processing Stats

File Path                                PID    Runtime      # DAGs    # Errors  Last Runtime    Last Run
---------------------------------------  -----  ---------  --------  ----------  --------------  -------------------
/opt/airflow/dags/sakiga_ds_pipeline.py                           1           0  0.21s           2026-02-14T02:50:53
================================================================================
[2026-02-14T02:51:23.753+0000] {manager.py:879} INFO - 
================================================================================
DAG File Processing Stats

File Path                                PID    Runtime      # DAGs    # Errors  Last Runtime    Last Run
---------------------------------------  -----  ---------  --------  ----------  --------------  -------------------
/opt/airflow/dags/sakiga_ds_pipeline.py                           1           0  0.21s           2026-02-14T02:51:23
================================================================================
[2026-02-14T02:51:54.033+0000] {manager.py:879} INFO - 
================================================================================
DAG File Processing Stats

File Path                                PID    Runtime      # DAGs    # Errors  Last Runtime    Last Run
---------------------------------------  -----  ---------  --------  ----------  --------------  -------------------
/opt/airflow/dags/sakiga_ds_pipeline.py                           1           0  0.21s           2026-02-14T02:51:54
================================================================================
[2026-02-14T02:52:24.313+0000] {manager.py:879} INFO - 
================================================================================
DAG File Processing Stats

File Path                                PID    Runtime      # DAGs    # Errors  Last Runtime    Last Run
---------------------------------------  -----  ---------  --------  ----------  --------------  -------------------
/opt/airflow/dags/sakiga_ds_pipeline.py                           1           0  0.21s           2026-02-14T02:52:24
================================================================================
[2026-02-14T02:52:54.605+0000] {manager.py:879} INFO - 
================================================================================
DAG File Processing Stats

File Path                                PID    Runtime      # DAGs    # Errors  Last Runtime    Last Run
---------------------------------------  -----  ---------  --------  ----------  --------------  -------------------
/opt/airflow/dags/sakiga_ds_pipeline.py                           1           0  0.21s           2026-02-14T02:52:54
================================================================================
[2026-02-14T02:53:24.888+0000] {manager.py:879} INFO - 
================================================================================
DAG File Processing Stats

File Path                                PID    Runtime      # DAGs    # Errors  Last Runtime    Last Run
---------------------------------------  -----  ---------  --------  ----------  --------------  -------------------
/opt/airflow/dags/sakiga_ds_pipeline.py                           1           0  0.21s           2026-02-14T02:53:24
================================================================================
[2026-02-14T02:53:55.171+0000] {manager.py:879} INFO - 
================================================================================
DAG File Processing Stats

File Path                                PID    Runtime      # DAGs    # Errors  Last Runtime    Last Run
---------------------------------------  -----  ---------  --------  ----------  --------------  -------------------
/opt/airflow/dags/sakiga_ds_pipeline.py                           1           0  0.21s           2026-02-14T02:53:55
================================================================================
[2026-02-14T02:54:25.451+0000] {manager.py:879} INFO - 
================================================================================
DAG File Processing Stats

File Path                                PID    Runtime      # DAGs    # Errors  Last Runtime    Last Run
---------------------------------------  -----  ---------  --------  ----------  --------------  -------------------
/opt/airflow/dags/sakiga_ds_pipeline.py                           1           0  0.21s           2026-02-14T02:54:25
================================================================================
[2026-02-14T02:54:55.754+0000] {manager.py:879} INFO - 
================================================================================
DAG File Processing Stats

File Path                                PID    Runtime      # DAGs    # Errors  Last Runtime    Last Run
---------------------------------------  -----  ---------  --------  ----------  --------------  -------------------
/opt/airflow/dags/sakiga_ds_pipeline.py                           1           0  0.21s           2026-02-14T02:54:55
================================================================================
[2026-02-14T02:55:26.039+0000] {manager.py:879} INFO - 
================================================================================
DAG File Processing Stats

File Path                                PID    Runtime      # DAGs    # Errors  Last Runtime    Last Run
---------------------------------------  -----  ---------  --------  ----------  --------------  -------------------
/opt/airflow/dags/sakiga_ds_pipeline.py                           1           0  0.21s           2026-02-14T02:55:26
================================================================================
[2026-02-14T02:55:42.476+0000] {manager.py:738} INFO - Searching for files in /opt/airflow/dags
[2026-02-14T02:55:42.501+0000] {manager.py:741} INFO - There are 1 files in /opt/airflow/dags
[2026-02-14T02:55:56.324+0000] {manager.py:879} INFO - 
================================================================================
DAG File Processing Stats

File Path                                PID    Runtime      # DAGs    # Errors  Last Runtime    Last Run
---------------------------------------  -----  ---------  --------  ----------  --------------  -------------------
/opt/airflow/dags/sakiga_ds_pipeline.py                           1           0  0.21s           2026-02-14T02:55:56
================================================================================
[2026-02-14T02:56:26.608+0000] {manager.py:879} INFO - 
================================================================================
DAG File Processing Stats

File Path                                PID    Runtime      # DAGs    # Errors  Last Runtime    Last Run
---------------------------------------  -----  ---------  --------  ----------  --------------  -------------------
/opt/airflow/dags/sakiga_ds_pipeline.py                           1           0  0.21s           2026-02-14T02:56:26
================================================================================
[2026-02-14T02:56:56.891+0000] {manager.py:879} INFO - 
================================================================================
DAG File Processing Stats

File Path                                PID    Runtime      # DAGs    # Errors  Last Runtime    Last Run
---------------------------------------  -----  ---------  --------  ----------  --------------  -------------------
/opt/airflow/dags/sakiga_ds_pipeline.py                           1           0  0.21s           2026-02-14T02:56:56
================================================================================
[2026-02-14T02:57:27.172+0000] {manager.py:879} INFO - 
================================================================================
DAG File Processing Stats

File Path                                PID    Runtime      # DAGs    # Errors  Last Runtime    Last Run
---------------------------------------  -----  ---------  --------  ----------  --------------  -------------------
/opt/airflow/dags/sakiga_ds_pipeline.py                           1           0  0.21s           2026-02-14T02:57:27
================================================================================
[2026-02-14T02:57:57.454+0000] {manager.py:879} INFO - 
================================================================================
DAG File Processing Stats

File Path                                PID    Runtime      # DAGs    # Errors  Last Runtime    Last Run
---------------------------------------  -----  ---------  --------  ----------  --------------  -------------------
/opt/airflow/dags/sakiga_ds_pipeline.py                           1           0  0.21s           2026-02-14T02:57:57
================================================================================
[2026-02-14T02:58:27.736+0000] {manager.py:879} INFO - 
================================================================================
DAG File Processing Stats

File Path                                PID    Runtime      # DAGs    # Errors  Last Runtime    Last Run
---------------------------------------  -----  ---------  --------  ----------  --------------  -------------------
/opt/airflow/dags/sakiga_ds_pipeline.py                           1           0  0.21s           2026-02-14T02:58:27
================================================================================
[2026-02-14T02:58:58.020+0000] {manager.py:879} INFO - 
================================================================================
DAG File Processing Stats

File Path                                PID    Runtime      # DAGs    # Errors  Last Runtime    Last Run
---------------------------------------  -----  ---------  --------  ----------  --------------  -------------------
/opt/airflow/dags/sakiga_ds_pipeline.py                           1           0  0.21s           2026-02-14T02:58:58
================================================================================
[2026-02-14T02:59:28.300+0000] {manager.py:879} INFO - 
================================================================================
DAG File Processing Stats

File Path                                PID    Runtime      # DAGs    # Errors  Last Runtime    Last Run
---------------------------------------  -----  ---------  --------  ----------  --------------  -------------------
/opt/airflow/dags/sakiga_ds_pipeline.py                           1           0  0.21s           2026-02-14T02:59:28
================================================================================
[2026-02-14T02:59:58.581+0000] {manager.py:879} INFO - 
================================================================================
DAG File Processing Stats

File Path                                PID    Runtime      # DAGs    # Errors  Last Runtime    Last Run
---------------------------------------  -----  ---------  --------  ----------  --------------  -------------------
/opt/airflow/dags/sakiga_ds_pipeline.py                           1           0  0.21s           2026-02-14T02:59:58
================================================================================
[2026-02-14T03:00:28.864+0000] {manager.py:879} INFO - 
================================================================================
DAG File Processing Stats

File Path                                PID    Runtime      # DAGs    # Errors  Last Runtime    Last Run
---------------------------------------  -----  ---------  --------  ----------  --------------  -------------------
/opt/airflow/dags/sakiga_ds_pipeline.py                           1           0  0.21s           2026-02-14T03:00:28
================================================================================
[2026-02-14T03:00:42.664+0000] {manager.py:738} INFO - Searching for files in /opt/airflow/dags
[2026-02-14T03:00:42.689+0000] {manager.py:741} INFO - There are 1 files in /opt/airflow/dags
[2026-02-14T03:00:59.145+0000] {manager.py:879} INFO - 
================================================================================
DAG File Processing Stats

File Path                                PID    Runtime      # DAGs    # Errors  Last Runtime    Last Run
---------------------------------------  -----  ---------  --------  ----------  --------------  -------------------
/opt/airflow/dags/sakiga_ds_pipeline.py                           1           0  0.21s           2026-02-14T03:00:59
================================================================================
[2026-02-14T03:01:29.425+0000] {manager.py:879} INFO - 
================================================================================
DAG File Processing Stats

File Path                                PID    Runtime      # DAGs    # Errors  Last Runtime    Last Run
---------------------------------------  -----  ---------  --------  ----------  --------------  -------------------
/opt/airflow/dags/sakiga_ds_pipeline.py                           1           0  0.21s           2026-02-14T03:01:29
================================================================================
[2026-02-14T03:01:59.706+0000] {manager.py:879} INFO - 
================================================================================
DAG File Processing Stats

File Path                                PID    Runtime      # DAGs    # Errors  Last Runtime    Last Run
---------------------------------------  -----  ---------  --------  ----------  --------------  -------------------
/opt/airflow/dags/sakiga_ds_pipeline.py                           1           0  0.21s           2026-02-14T03:01:59
================================================================================
[2026-02-14T03:02:29.995+0000] {manager.py:879} INFO - 
================================================================================
DAG File Processing Stats

File Path                                PID    Runtime      # DAGs    # Errors  Last Runtime    Last Run
---------------------------------------  -----  ---------  --------  ----------  --------------  -------------------
/opt/airflow/dags/sakiga_ds_pipeline.py                           1           0  0.21s           2026-02-14T03:02:29
================================================================================
[2026-02-14T03:03:00.276+0000] {manager.py:879} INFO - 
================================================================================
DAG File Processing Stats

File Path                                PID    Runtime      # DAGs    # Errors  Last Runtime    Last Run
---------------------------------------  -----  ---------  --------  ----------  --------------  -------------------
/opt/airflow/dags/sakiga_ds_pipeline.py                           1           0  0.21s           2026-02-14T03:03:00
================================================================================
[2026-02-14T03:03:30.556+0000] {manager.py:879} INFO - 
================================================================================
DAG File Processing Stats

File Path                                PID    Runtime      # DAGs    # Errors  Last Runtime    Last Run
---------------------------------------  -----  ---------  --------  ----------  --------------  -------------------
/opt/airflow/dags/sakiga_ds_pipeline.py                           1           0  0.21s           2026-02-14T03:03:30
================================================================================
[2026-02-14T03:04:00.837+0000] {manager.py:879} INFO - 
================================================================================
DAG File Processing Stats

File Path                                PID    Runtime      # DAGs    # Errors  Last Runtime    Last Run
---------------------------------------  -----  ---------  --------  ----------  --------------  -------------------
/opt/airflow/dags/sakiga_ds_pipeline.py                           1           0  0.21s           2026-02-14T03:04:00
================================================================================
[2026-02-14T03:04:31.123+0000] {manager.py:879} INFO - 
================================================================================
DAG File Processing Stats

File Path                                PID    Runtime      # DAGs    # Errors  Last Runtime    Last Run
---------------------------------------  -----  ---------  --------  ----------  --------------  -------------------
/opt/airflow/dags/sakiga_ds_pipeline.py                           1           0  0.21s           2026-02-14T03:04:31
================================================================================
[2026-02-14T03:05:01.405+0000] {manager.py:879} INFO - 
================================================================================
DAG File Processing Stats

File Path                                PID    Runtime      # DAGs    # Errors  Last Runtime    Last Run
---------------------------------------  -----  ---------  --------  ----------  --------------  -------------------
/opt/airflow/dags/sakiga_ds_pipeline.py                           1           0  0.21s           2026-02-14T03:05:01
================================================================================
[2026-02-14T03:05:31.687+0000] {manager.py:879} INFO - 
================================================================================
DAG File Processing Stats

File Path                                PID    Runtime      # DAGs    # Errors  Last Runtime    Last Run
---------------------------------------  -----  ---------  --------  ----------  --------------  -------------------
/opt/airflow/dags/sakiga_ds_pipeline.py                           1           0  0.21s           2026-02-14T03:05:31
================================================================================
[2026-02-14T03:05:42.755+0000] {manager.py:738} INFO - Searching for files in /opt/airflow/dags
[2026-02-14T03:05:42.781+0000] {manager.py:741} INFO - There are 1 files in /opt/airflow/dags
[2026-02-14T03:06:01.967+0000] {manager.py:879} INFO - 
================================================================================
DAG File Processing Stats

File Path                                PID    Runtime      # DAGs    # Errors  Last Runtime    Last Run
---------------------------------------  -----  ---------  --------  ----------  --------------  -------------------
/opt/airflow/dags/sakiga_ds_pipeline.py                           1           0  0.21s           2026-02-14T03:06:01
================================================================================
[2026-02-14T03:06:32.265+0000] {manager.py:879} INFO - 
================================================================================
DAG File Processing Stats

File Path                                PID    Runtime      # DAGs    # Errors  Last Runtime    Last Run
---------------------------------------  -----  ---------  --------  ----------  --------------  -------------------
/opt/airflow/dags/sakiga_ds_pipeline.py                           1           0  0.21s           2026-02-14T03:06:32
================================================================================
[2026-02-14T03:07:02.545+0000] {manager.py:879} INFO - 
================================================================================
DAG File Processing Stats

File Path                                PID    Runtime      # DAGs    # Errors  Last Runtime    Last Run
---------------------------------------  -----  ---------  --------  ----------  --------------  -------------------
/opt/airflow/dags/sakiga_ds_pipeline.py                           1           0  0.21s           2026-02-14T03:07:02
================================================================================
[2026-02-14T03:07:32.826+0000] {manager.py:879} INFO - 
================================================================================
DAG File Processing Stats

File Path                                PID    Runtime      # DAGs    # Errors  Last Runtime    Last Run
---------------------------------------  -----  ---------  --------  ----------  --------------  -------------------
/opt/airflow/dags/sakiga_ds_pipeline.py                           1           0  0.21s           2026-02-14T03:07:32
================================================================================
[2026-02-14T03:08:03.107+0000] {manager.py:879} INFO - 
================================================================================
DAG File Processing Stats

File Path                                PID    Runtime      # DAGs    # Errors  Last Runtime    Last Run
---------------------------------------  -----  ---------  --------  ----------  --------------  -------------------
/opt/airflow/dags/sakiga_ds_pipeline.py                           1           0  0.21s           2026-02-14T03:08:03
================================================================================
[2026-02-14T03:08:33.392+0000] {manager.py:879} INFO - 
================================================================================
DAG File Processing Stats

File Path                                PID    Runtime      # DAGs    # Errors  Last Runtime    Last Run
---------------------------------------  -----  ---------  --------  ----------  --------------  -------------------
/opt/airflow/dags/sakiga_ds_pipeline.py                           1           0  0.21s           2026-02-14T03:08:33
================================================================================
[2026-02-14T03:09:03.696+0000] {manager.py:879} INFO - 
================================================================================
DAG File Processing Stats

File Path                                PID    Runtime      # DAGs    # Errors  Last Runtime    Last Run
---------------------------------------  -----  ---------  --------  ----------  --------------  -------------------
/opt/airflow/dags/sakiga_ds_pipeline.py                           1           0  0.21s           2026-02-14T03:09:03
================================================================================
[2026-02-14T03:09:33.979+0000] {manager.py:879} INFO - 
================================================================================
DAG File Processing Stats

File Path                                PID    Runtime      # DAGs    # Errors  Last Runtime    Last Run
---------------------------------------  -----  ---------  --------  ----------  --------------  -------------------
/opt/airflow/dags/sakiga_ds_pipeline.py                           1           0  0.21s           2026-02-14T03:09:33
================================================================================
[2026-02-14T03:10:04.259+0000] {manager.py:879} INFO - 
================================================================================
DAG File Processing Stats

File Path                                PID    Runtime      # DAGs    # Errors  Last Runtime    Last Run
---------------------------------------  -----  ---------  --------  ----------  --------------  -------------------
/opt/airflow/dags/sakiga_ds_pipeline.py                           1           0  0.21s           2026-02-14T03:10:04
================================================================================
[2026-02-14T03:10:34.544+0000] {manager.py:879} INFO - 
================================================================================
DAG File Processing Stats

File Path                                PID    Runtime      # DAGs    # Errors  Last Runtime    Last Run
---------------------------------------  -----  ---------  --------  ----------  --------------  -------------------
/opt/airflow/dags/sakiga_ds_pipeline.py                           1           0  0.21s           2026-02-14T03:10:34
================================================================================
[2026-02-14T03:10:42.907+0000] {manager.py:738} INFO - Searching for files in /opt/airflow/dags
[2026-02-14T03:10:42.931+0000] {manager.py:741} INFO - There are 1 files in /opt/airflow/dags
[2026-02-14T03:11:04.832+0000] {manager.py:879} INFO - 
================================================================================
DAG File Processing Stats

File Path                                PID    Runtime      # DAGs    # Errors  Last Runtime    Last Run
---------------------------------------  -----  ---------  --------  ----------  --------------  -------------------
/opt/airflow/dags/sakiga_ds_pipeline.py                           1           0  0.21s           2026-02-14T03:11:04
================================================================================
[2026-02-14T03:11:35.112+0000] {manager.py:879} INFO - 
================================================================================
DAG File Processing Stats

File Path                                PID    Runtime      # DAGs    # Errors  Last Runtime    Last Run
---------------------------------------  -----  ---------  --------  ----------  --------------  -------------------
/opt/airflow/dags/sakiga_ds_pipeline.py                           1           0  0.21s           2026-02-14T03:11:35
================================================================================
[2026-02-14T03:12:05.411+0000] {manager.py:879} INFO - 
================================================================================
DAG File Processing Stats

File Path                                PID    Runtime      # DAGs    # Errors  Last Runtime    Last Run
---------------------------------------  -----  ---------  --------  ----------  --------------  -------------------
/opt/airflow/dags/sakiga_ds_pipeline.py                           1           0  0.21s           2026-02-14T03:12:05
================================================================================
[2026-02-14T03:12:35.707+0000] {manager.py:879} INFO - 
================================================================================
DAG File Processing Stats

File Path                                PID    Runtime      # DAGs    # Errors  Last Runtime    Last Run
---------------------------------------  -----  ---------  --------  ----------  --------------  -------------------
/opt/airflow/dags/sakiga_ds_pipeline.py                           1           0  0.21s           2026-02-14T03:12:35
================================================================================
[2026-02-14T03:13:05.994+0000] {manager.py:879} INFO - 
================================================================================
DAG File Processing Stats

File Path                                PID    Runtime      # DAGs    # Errors  Last Runtime    Last Run
---------------------------------------  -----  ---------  --------  ----------  --------------  -------------------
/opt/airflow/dags/sakiga_ds_pipeline.py                           1           0  0.21s           2026-02-14T03:13:05
================================================================================
[2026-02-14T03:13:36.283+0000] {manager.py:879} INFO - 
================================================================================
DAG File Processing Stats

File Path                                PID    Runtime      # DAGs    # Errors  Last Runtime    Last Run
---------------------------------------  -----  ---------  --------  ----------  --------------  -------------------
/opt/airflow/dags/sakiga_ds_pipeline.py                           1           0  0.22s           2026-02-14T03:13:36
================================================================================
[2026-02-14T03:14:06.567+0000] {manager.py:879} INFO - 
================================================================================
DAG File Processing Stats

File Path                                PID    Runtime      # DAGs    # Errors  Last Runtime    Last Run
---------------------------------------  -----  ---------  --------  ----------  --------------  -------------------
/opt/airflow/dags/sakiga_ds_pipeline.py                           1           0  0.21s           2026-02-14T03:14:06
================================================================================
[2026-02-14T03:14:36.849+0000] {manager.py:879} INFO - 
================================================================================
DAG File Processing Stats

File Path                                PID    Runtime      # DAGs    # Errors  Last Runtime    Last Run
---------------------------------------  -----  ---------  --------  ----------  --------------  -------------------
/opt/airflow/dags/sakiga_ds_pipeline.py                           1           0  0.21s           2026-02-14T03:14:36
================================================================================
[2026-02-14T03:15:07.129+0000] {manager.py:879} INFO - 
================================================================================
DAG File Processing Stats

File Path                                PID    Runtime      # DAGs    # Errors  Last Runtime    Last Run
---------------------------------------  -----  ---------  --------  ----------  --------------  -------------------
/opt/airflow/dags/sakiga_ds_pipeline.py                           1           0  0.21s           2026-02-14T03:15:07
================================================================================
[2026-02-14T03:15:37.411+0000] {manager.py:879} INFO - 
================================================================================
DAG File Processing Stats

File Path                                PID    Runtime      # DAGs    # Errors  Last Runtime    Last Run
---------------------------------------  -----  ---------  --------  ----------  --------------  -------------------
/opt/airflow/dags/sakiga_ds_pipeline.py                           1           0  0.21s           2026-02-14T03:15:37
================================================================================
[2026-02-14T03:15:42.991+0000] {manager.py:738} INFO - Searching for files in /opt/airflow/dags
[2026-02-14T03:15:43.014+0000] {manager.py:741} INFO - There are 1 files in /opt/airflow/dags
[2026-02-14T03:16:07.694+0000] {manager.py:879} INFO - 
================================================================================
DAG File Processing Stats

File Path                                PID    Runtime      # DAGs    # Errors  Last Runtime    Last Run
---------------------------------------  -----  ---------  --------  ----------  --------------  -------------------
/opt/airflow/dags/sakiga_ds_pipeline.py                           1           0  0.21s           2026-02-14T03:16:07
================================================================================
[2026-02-14T03:16:37.982+0000] {manager.py:879} INFO - 
================================================================================
DAG File Processing Stats

File Path                                PID    Runtime      # DAGs    # Errors  Last Runtime    Last Run
---------------------------------------  -----  ---------  --------  ----------  --------------  -------------------
/opt/airflow/dags/sakiga_ds_pipeline.py                           1           0  0.21s           2026-02-14T03:16:37
================================================================================
[2026-02-14T03:17:08.261+0000] {manager.py:879} INFO - 
================================================================================
DAG File Processing Stats

File Path                                PID    Runtime      # DAGs    # Errors  Last Runtime    Last Run
---------------------------------------  -----  ---------  --------  ----------  --------------  -------------------
/opt/airflow/dags/sakiga_ds_pipeline.py                           1           0  0.21s           2026-02-14T03:17:08
================================================================================
[2026-02-14T03:17:38.545+0000] {manager.py:879} INFO - 
================================================================================
DAG File Processing Stats

File Path                                PID    Runtime      # DAGs    # Errors  Last Runtime    Last Run
---------------------------------------  -----  ---------  --------  ----------  --------------  -------------------
/opt/airflow/dags/sakiga_ds_pipeline.py                           1           0  0.21s           2026-02-14T03:17:38
================================================================================
[2026-02-14T03:18:08.825+0000] {manager.py:879} INFO - 
================================================================================
DAG File Processing Stats

File Path                                PID    Runtime      # DAGs    # Errors  Last Runtime    Last Run
---------------------------------------  -----  ---------  --------  ----------  --------------  -------------------
/opt/airflow/dags/sakiga_ds_pipeline.py                           1           0  0.21s           2026-02-14T03:18:08
================================================================================
[2026-02-14T03:18:39.106+0000] {manager.py:879} INFO - 
================================================================================
DAG File Processing Stats

File Path                                PID    Runtime      # DAGs    # Errors  Last Runtime    Last Run
---------------------------------------  -----  ---------  --------  ----------  --------------  -------------------
/opt/airflow/dags/sakiga_ds_pipeline.py                           1           0  0.21s           2026-02-14T03:18:39
================================================================================
[2026-02-14T03:19:09.384+0000] {manager.py:879} INFO - 
================================================================================
DAG File Processing Stats

File Path                                PID    Runtime      # DAGs    # Errors  Last Runtime    Last Run
---------------------------------------  -----  ---------  --------  ----------  --------------  -------------------
/opt/airflow/dags/sakiga_ds_pipeline.py                           1           0  0.21s           2026-02-14T03:19:09
================================================================================
[2026-02-14T03:19:39.665+0000] {manager.py:879} INFO - 
================================================================================
DAG File Processing Stats

File Path                                PID    Runtime      # DAGs    # Errors  Last Runtime    Last Run
---------------------------------------  -----  ---------  --------  ----------  --------------  -------------------
/opt/airflow/dags/sakiga_ds_pipeline.py                           1           0  0.21s           2026-02-14T03:19:39
================================================================================
[2026-02-14T03:20:09.948+0000] {manager.py:879} INFO - 
================================================================================
DAG File Processing Stats

File Path                                PID    Runtime      # DAGs    # Errors  Last Runtime    Last Run
---------------------------------------  -----  ---------  --------  ----------  --------------  -------------------
/opt/airflow/dags/sakiga_ds_pipeline.py                           1           0  0.21s           2026-02-14T03:20:09
================================================================================
[2026-02-14T03:20:40.231+0000] {manager.py:879} INFO - 
================================================================================
DAG File Processing Stats

File Path                                PID    Runtime      # DAGs    # Errors  Last Runtime    Last Run
---------------------------------------  -----  ---------  --------  ----------  --------------  -------------------
/opt/airflow/dags/sakiga_ds_pipeline.py                           1           0  0.21s           2026-02-14T03:20:40
================================================================================
[2026-02-14T03:20:43.290+0000] {manager.py:738} INFO - Searching for files in /opt/airflow/dags
[2026-02-14T03:20:43.314+0000] {manager.py:741} INFO - There are 1 files in /opt/airflow/dags
[2026-02-14T03:21:10.513+0000] {manager.py:879} INFO - 
================================================================================
DAG File Processing Stats

File Path                                PID    Runtime      # DAGs    # Errors  Last Runtime    Last Run
---------------------------------------  -----  ---------  --------  ----------  --------------  -------------------
/opt/airflow/dags/sakiga_ds_pipeline.py                           1           0  0.21s           2026-02-14T03:21:10
================================================================================
[2026-02-14T03:21:40.781+0000] {manager.py:879} INFO - 
================================================================================
DAG File Processing Stats

File Path                                PID    Runtime      # DAGs    # Errors  Last Runtime    Last Run
---------------------------------------  -----  ---------  --------  ----------  --------------  -------------------
/opt/airflow/dags/sakiga_ds_pipeline.py                           1           0  0.21s           2026-02-14T03:21:40
================================================================================
[2026-02-14T03:22:11.063+0000] {manager.py:879} INFO - 
================================================================================
DAG File Processing Stats

File Path                                PID    Runtime      # DAGs    # Errors  Last Runtime    Last Run
---------------------------------------  -----  ---------  --------  ----------  --------------  -------------------
/opt/airflow/dags/sakiga_ds_pipeline.py                           1           0  0.21s           2026-02-14T03:22:11
================================================================================
[2026-02-14T03:22:41.346+0000] {manager.py:879} INFO - 
================================================================================
DAG File Processing Stats

File Path                                PID    Runtime      # DAGs    # Errors  Last Runtime    Last Run
---------------------------------------  -----  ---------  --------  ----------  --------------  -------------------
/opt/airflow/dags/sakiga_ds_pipeline.py                           1           0  0.21s           2026-02-14T03:22:41
================================================================================
[2026-02-14T03:23:11.627+0000] {manager.py:879} INFO - 
================================================================================
DAG File Processing Stats

File Path                                PID    Runtime      # DAGs    # Errors  Last Runtime    Last Run
---------------------------------------  -----  ---------  --------  ----------  --------------  -------------------
/opt/airflow/dags/sakiga_ds_pipeline.py                           1           0  0.21s           2026-02-14T03:23:11
================================================================================
[2026-02-14T03:23:41.906+0000] {manager.py:879} INFO - 
================================================================================
DAG File Processing Stats

File Path                                PID    Runtime      # DAGs    # Errors  Last Runtime    Last Run
---------------------------------------  -----  ---------  --------  ----------  --------------  -------------------
/opt/airflow/dags/sakiga_ds_pipeline.py                           1           0  0.21s           2026-02-14T03:23:41
================================================================================
[2026-02-14T03:24:12.164+0000] {manager.py:879} INFO - 
================================================================================
DAG File Processing Stats

File Path                                PID    Runtime      # DAGs    # Errors  Last Runtime    Last Run
---------------------------------------  -----  ---------  --------  ----------  --------------  -------------------
/opt/airflow/dags/sakiga_ds_pipeline.py                           1           0  0.21s           2026-02-14T03:24:12
================================================================================
[2026-02-14T03:24:42.443+0000] {manager.py:879} INFO - 
================================================================================
DAG File Processing Stats

File Path                                PID    Runtime      # DAGs    # Errors  Last Runtime    Last Run
---------------------------------------  -----  ---------  --------  ----------  --------------  -------------------
/opt/airflow/dags/sakiga_ds_pipeline.py                           1           0  0.21s           2026-02-14T03:24:42
================================================================================
[2026-02-14T03:25:12.726+0000] {manager.py:879} INFO - 
================================================================================
DAG File Processing Stats

File Path                                PID    Runtime      # DAGs    # Errors  Last Runtime    Last Run
---------------------------------------  -----  ---------  --------  ----------  --------------  -------------------
/opt/airflow/dags/sakiga_ds_pipeline.py                           1           0  0.21s           2026-02-14T03:25:12
================================================================================
[2026-02-14T03:25:43.018+0000] {manager.py:879} INFO - 
================================================================================
DAG File Processing Stats

File Path                                PID    Runtime      # DAGs    # Errors  Last Runtime    Last Run
---------------------------------------  -----  ---------  --------  ----------  --------------  -------------------
/opt/airflow/dags/sakiga_ds_pipeline.py                           1           0  0.21s           2026-02-14T03:25:43
================================================================================
[2026-02-14T03:25:43.480+0000] {manager.py:738} INFO - Searching for files in /opt/airflow/dags
[2026-02-14T03:25:43.504+0000] {manager.py:741} INFO - There are 1 files in /opt/airflow/dags
[2026-02-14T03:26:13.309+0000] {manager.py:879} INFO - 
================================================================================
DAG File Processing Stats

File Path                                PID    Runtime      # DAGs    # Errors  Last Runtime    Last Run
---------------------------------------  -----  ---------  --------  ----------  --------------  -------------------
/opt/airflow/dags/sakiga_ds_pipeline.py                           1           0  0.21s           2026-02-14T03:26:13
================================================================================
[2026-02-14T03:26:43.590+0000] {manager.py:879} INFO - 
================================================================================
DAG File Processing Stats

File Path                                PID    Runtime      # DAGs    # Errors  Last Runtime    Last Run
---------------------------------------  -----  ---------  --------  ----------  --------------  -------------------
/opt/airflow/dags/sakiga_ds_pipeline.py                           1           0  0.21s           2026-02-14T03:26:43
================================================================================
[2026-02-14T03:27:13.869+0000] {manager.py:879} INFO - 
================================================================================
DAG File Processing Stats

File Path                                PID    Runtime      # DAGs    # Errors  Last Runtime    Last Run
---------------------------------------  -----  ---------  --------  ----------  --------------  -------------------
/opt/airflow/dags/sakiga_ds_pipeline.py                           1           0  0.21s           2026-02-14T03:27:13
================================================================================
[2026-02-14T03:27:44.150+0000] {manager.py:879} INFO - 
================================================================================
DAG File Processing Stats

File Path                                PID    Runtime      # DAGs    # Errors  Last Runtime    Last Run
---------------------------------------  -----  ---------  --------  ----------  --------------  -------------------
/opt/airflow/dags/sakiga_ds_pipeline.py                           1           0  0.21s           2026-02-14T03:27:44
================================================================================
[2026-02-14T03:28:14.438+0000] {manager.py:879} INFO - 
================================================================================
DAG File Processing Stats

File Path                                PID    Runtime      # DAGs    # Errors  Last Runtime    Last Run
---------------------------------------  -----  ---------  --------  ----------  --------------  -------------------
/opt/airflow/dags/sakiga_ds_pipeline.py                           1           0  0.21s           2026-02-14T03:28:14
================================================================================
[2026-02-14T03:28:44.718+0000] {manager.py:879} INFO - 
================================================================================
DAG File Processing Stats

File Path                                PID    Runtime      # DAGs    # Errors  Last Runtime    Last Run
---------------------------------------  -----  ---------  --------  ----------  --------------  -------------------
/opt/airflow/dags/sakiga_ds_pipeline.py                           1           0  0.21s           2026-02-14T03:28:44
================================================================================
[2026-02-14T03:29:14.997+0000] {manager.py:879} INFO - 
================================================================================
DAG File Processing Stats

File Path                                PID    Runtime      # DAGs    # Errors  Last Runtime    Last Run
---------------------------------------  -----  ---------  --------  ----------  --------------  -------------------
/opt/airflow/dags/sakiga_ds_pipeline.py                           1           0  0.20s           2026-02-14T03:29:14
================================================================================
[2026-02-14T03:29:45.283+0000] {manager.py:879} INFO - 
================================================================================
DAG File Processing Stats

File Path                                PID    Runtime      # DAGs    # Errors  Last Runtime    Last Run
---------------------------------------  -----  ---------  --------  ----------  --------------  -------------------
/opt/airflow/dags/sakiga_ds_pipeline.py                           1           0  0.21s           2026-02-14T03:29:45
================================================================================
[2026-02-14T03:30:15.565+0000] {manager.py:879} INFO - 
================================================================================
DAG File Processing Stats

File Path                                PID    Runtime      # DAGs    # Errors  Last Runtime    Last Run
---------------------------------------  -----  ---------  --------  ----------  --------------  -------------------
/opt/airflow/dags/sakiga_ds_pipeline.py                           1           0  0.21s           2026-02-14T03:30:15
================================================================================
[2026-02-14T03:30:43.712+0000] {manager.py:738} INFO - Searching for files in /opt/airflow/dags
[2026-02-14T03:30:43.734+0000] {manager.py:741} INFO - There are 1 files in /opt/airflow/dags
[2026-02-14T03:30:45.845+0000] {manager.py:879} INFO - 
================================================================================
DAG File Processing Stats

File Path                                PID    Runtime      # DAGs    # Errors  Last Runtime    Last Run
---------------------------------------  -----  ---------  --------  ----------  --------------  -------------------
/opt/airflow/dags/sakiga_ds_pipeline.py                           1           0  0.21s           2026-02-14T03:30:45
================================================================================
[2026-02-14T03:31:16.125+0000] {manager.py:879} INFO - 
================================================================================
DAG File Processing Stats

File Path                                PID    Runtime      # DAGs    # Errors  Last Runtime    Last Run
---------------------------------------  -----  ---------  --------  ----------  --------------  -------------------
/opt/airflow/dags/sakiga_ds_pipeline.py                           1           0  0.21s           2026-02-14T03:31:16
================================================================================
[2026-02-14T03:31:46.421+0000] {manager.py:879} INFO - 
================================================================================
DAG File Processing Stats

File Path                                PID    Runtime      # DAGs    # Errors  Last Runtime    Last Run
---------------------------------------  -----  ---------  --------  ----------  --------------  -------------------
/opt/airflow/dags/sakiga_ds_pipeline.py                           1           0  0.21s           2026-02-14T03:31:46
================================================================================
[2026-02-14T03:32:16.701+0000] {manager.py:879} INFO - 
================================================================================
DAG File Processing Stats

File Path                                PID    Runtime      # DAGs    # Errors  Last Runtime    Last Run
---------------------------------------  -----  ---------  --------  ----------  --------------  -------------------
/opt/airflow/dags/sakiga_ds_pipeline.py                           1           0  0.21s           2026-02-14T03:32:16
================================================================================
[2026-02-14T03:32:46.981+0000] {manager.py:879} INFO - 
================================================================================
DAG File Processing Stats

File Path                                PID    Runtime      # DAGs    # Errors  Last Runtime    Last Run
---------------------------------------  -----  ---------  --------  ----------  --------------  -------------------
/opt/airflow/dags/sakiga_ds_pipeline.py                           1           0  0.21s           2026-02-14T03:32:46
================================================================================
[2026-02-14T03:33:17.262+0000] {manager.py:879} INFO - 
================================================================================
DAG File Processing Stats

File Path                                PID    Runtime      # DAGs    # Errors  Last Runtime    Last Run
---------------------------------------  -----  ---------  --------  ----------  --------------  -------------------
/opt/airflow/dags/sakiga_ds_pipeline.py                           1           0  0.21s           2026-02-14T03:33:17
================================================================================
[2026-02-14T03:33:47.553+0000] {manager.py:879} INFO - 
================================================================================
DAG File Processing Stats

File Path                                PID    Runtime      # DAGs    # Errors  Last Runtime    Last Run
---------------------------------------  -----  ---------  --------  ----------  --------------  -------------------
/opt/airflow/dags/sakiga_ds_pipeline.py                           1           0  0.21s           2026-02-14T03:33:47
================================================================================
[2026-02-14T03:34:17.834+0000] {manager.py:879} INFO - 
================================================================================
DAG File Processing Stats

File Path                                PID    Runtime      # DAGs    # Errors  Last Runtime    Last Run
---------------------------------------  -----  ---------  --------  ----------  --------------  -------------------
/opt/airflow/dags/sakiga_ds_pipeline.py                           1           0  0.21s           2026-02-14T03:34:17
================================================================================
[2026-02-14T03:34:48.115+0000] {manager.py:879} INFO - 
================================================================================
DAG File Processing Stats

File Path                                PID    Runtime      # DAGs    # Errors  Last Runtime    Last Run
---------------------------------------  -----  ---------  --------  ----------  --------------  -------------------
/opt/airflow/dags/sakiga_ds_pipeline.py                           1           0  0.21s           2026-02-14T03:34:48
================================================================================
[2026-02-14T03:35:18.397+0000] {manager.py:879} INFO - 
================================================================================
DAG File Processing Stats

File Path                                PID    Runtime      # DAGs    # Errors  Last Runtime    Last Run
---------------------------------------  -----  ---------  --------  ----------  --------------  -------------------
/opt/airflow/dags/sakiga_ds_pipeline.py                           1           0  0.21s           2026-02-14T03:35:18
================================================================================
[2026-02-14T03:35:43.907+0000] {manager.py:738} INFO - Searching for files in /opt/airflow/dags
[2026-02-14T03:35:43.931+0000] {manager.py:741} INFO - There are 1 files in /opt/airflow/dags
[2026-02-14T03:35:48.683+0000] {manager.py:879} INFO - 
================================================================================
DAG File Processing Stats

File Path                                PID    Runtime      # DAGs    # Errors  Last Runtime    Last Run
---------------------------------------  -----  ---------  --------  ----------  --------------  -------------------
/opt/airflow/dags/sakiga_ds_pipeline.py                           1           0  0.21s           2026-02-14T03:35:48
================================================================================
[2026-02-14T03:36:18.950+0000] {manager.py:879} INFO - 
================================================================================
DAG File Processing Stats

File Path                                PID    Runtime      # DAGs    # Errors  Last Runtime    Last Run
---------------------------------------  -----  ---------  --------  ----------  --------------  -------------------
/opt/airflow/dags/sakiga_ds_pipeline.py                           1           0  0.21s           2026-02-14T03:36:18
================================================================================
[2026-02-14T03:36:49.236+0000] {manager.py:879} INFO - 
================================================================================
DAG File Processing Stats

File Path                                PID    Runtime      # DAGs    # Errors  Last Runtime    Last Run
---------------------------------------  -----  ---------  --------  ----------  --------------  -------------------
/opt/airflow/dags/sakiga_ds_pipeline.py                           1           0  0.21s           2026-02-14T03:36:49
================================================================================
[2026-02-14T03:37:19.629+0000] {manager.py:879} INFO - 
================================================================================
DAG File Processing Stats

File Path                                PID    Runtime      # DAGs    # Errors  Last Runtime    Last Run
---------------------------------------  -----  ---------  --------  ----------  --------------  -------------------
/opt/airflow/dags/sakiga_ds_pipeline.py                           1           0  0.31s           2026-02-14T03:37:19
================================================================================
[2026-02-14T03:37:49.909+0000] {manager.py:879} INFO - 
================================================================================
DAG File Processing Stats

File Path                                PID    Runtime      # DAGs    # Errors  Last Runtime    Last Run
---------------------------------------  -----  ---------  --------  ----------  --------------  -------------------
/opt/airflow/dags/sakiga_ds_pipeline.py                           1           0  0.21s           2026-02-14T03:37:49
================================================================================
[2026-02-14T03:38:20.198+0000] {manager.py:879} INFO - 
================================================================================
DAG File Processing Stats

File Path                                PID    Runtime      # DAGs    # Errors  Last Runtime    Last Run
---------------------------------------  -----  ---------  --------  ----------  --------------  -------------------
/opt/airflow/dags/sakiga_ds_pipeline.py                           1           0  0.21s           2026-02-14T03:38:20
================================================================================
[2026-02-14T03:38:50.490+0000] {manager.py:879} INFO - 
================================================================================
DAG File Processing Stats

File Path                                PID    Runtime      # DAGs    # Errors  Last Runtime    Last Run
---------------------------------------  -----  ---------  --------  ----------  --------------  -------------------
/opt/airflow/dags/sakiga_ds_pipeline.py                           1           0  0.21s           2026-02-14T03:38:50
================================================================================
[2026-02-14T03:39:20.775+0000] {manager.py:879} INFO - 
================================================================================
DAG File Processing Stats

File Path                                PID    Runtime      # DAGs    # Errors  Last Runtime    Last Run
---------------------------------------  -----  ---------  --------  ----------  --------------  -------------------
/opt/airflow/dags/sakiga_ds_pipeline.py                           1           0  0.21s           2026-02-14T03:39:20
================================================================================
[2026-02-14T03:39:51.060+0000] {manager.py:879} INFO - 
================================================================================
DAG File Processing Stats

File Path                                PID    Runtime      # DAGs    # Errors  Last Runtime    Last Run
---------------------------------------  -----  ---------  --------  ----------  --------------  -------------------
/opt/airflow/dags/sakiga_ds_pipeline.py                           1           0  0.21s           2026-02-14T03:39:51
================================================================================
[2026-02-14T03:40:21.344+0000] {manager.py:879} INFO - 
================================================================================
DAG File Processing Stats

File Path                                PID    Runtime      # DAGs    # Errors  Last Runtime    Last Run
---------------------------------------  -----  ---------  --------  ----------  --------------  -------------------
/opt/airflow/dags/sakiga_ds_pipeline.py                           1           0  0.21s           2026-02-14T03:40:21
================================================================================
[2026-02-14T03:40:44.102+0000] {manager.py:738} INFO - Searching for files in /opt/airflow/dags
[2026-02-14T03:40:44.151+0000] {manager.py:741} INFO - There are 1 files in /opt/airflow/dags
[2026-02-14T03:40:51.627+0000] {manager.py:879} INFO - 
================================================================================
DAG File Processing Stats

File Path                                PID    Runtime      # DAGs    # Errors  Last Runtime    Last Run
---------------------------------------  -----  ---------  --------  ----------  --------------  -------------------
/opt/airflow/dags/sakiga_ds_pipeline.py                           1           0  0.21s           2026-02-14T03:40:51
================================================================================
[2026-02-14T03:41:21.941+0000] {manager.py:879} INFO - 
================================================================================
DAG File Processing Stats

File Path                                PID    Runtime      # DAGs    # Errors  Last Runtime    Last Run
---------------------------------------  -----  ---------  --------  ----------  --------------  -------------------
/opt/airflow/dags/sakiga_ds_pipeline.py                           1           0  0.21s           2026-02-14T03:41:21
================================================================================
[2026-02-14T03:41:52.225+0000] {manager.py:879} INFO - 
================================================================================
DAG File Processing Stats

File Path                                PID    Runtime      # DAGs    # Errors  Last Runtime    Last Run
---------------------------------------  -----  ---------  --------  ----------  --------------  -------------------
/opt/airflow/dags/sakiga_ds_pipeline.py                           1           0  0.21s           2026-02-14T03:41:52
================================================================================
[2026-02-14T03:42:22.513+0000] {manager.py:879} INFO - 
================================================================================
DAG File Processing Stats

File Path                                PID    Runtime      # DAGs    # Errors  Last Runtime    Last Run
---------------------------------------  -----  ---------  --------  ----------  --------------  -------------------
/opt/airflow/dags/sakiga_ds_pipeline.py                           1           0  0.21s           2026-02-14T03:42:22
================================================================================
[2026-02-14T03:42:52.919+0000] {manager.py:879} INFO - 
================================================================================
DAG File Processing Stats

File Path                                PID    Runtime      # DAGs    # Errors  Last Runtime    Last Run
---------------------------------------  -----  ---------  --------  ----------  --------------  -------------------
/opt/airflow/dags/sakiga_ds_pipeline.py                           1           0  0.31s           2026-02-14T03:42:52
================================================================================
[2026-02-14T03:43:23.308+0000] {manager.py:879} INFO - 
================================================================================
DAG File Processing Stats

File Path                                PID    Runtime      # DAGs    # Errors  Last Runtime    Last Run
---------------------------------------  -----  ---------  --------  ----------  --------------  -------------------
/opt/airflow/dags/sakiga_ds_pipeline.py                           1           0  0.31s           2026-02-14T03:43:23
================================================================================
[2026-02-14T03:43:53.725+0000] {manager.py:879} INFO - 
================================================================================
DAG File Processing Stats

File Path                                PID    Runtime      # DAGs    # Errors  Last Runtime    Last Run
---------------------------------------  -----  ---------  --------  ----------  --------------  -------------------
/opt/airflow/dags/sakiga_ds_pipeline.py                           1           0  0.31s           2026-02-14T03:43:53
================================================================================
[2026-02-14T03:44:24.024+0000] {manager.py:879} INFO - 
================================================================================
DAG File Processing Stats

File Path                                PID    Runtime      # DAGs    # Errors  Last Runtime    Last Run
---------------------------------------  -----  ---------  --------  ----------  --------------  -------------------
/opt/airflow/dags/sakiga_ds_pipeline.py                           1           0  0.21s           2026-02-14T03:44:24
================================================================================
[2026-02-14T03:44:54.312+0000] {manager.py:879} INFO - 
================================================================================
DAG File Processing Stats

File Path                                PID    Runtime      # DAGs    # Errors  Last Runtime    Last Run
---------------------------------------  -----  ---------  --------  ----------  --------------  -------------------
/opt/airflow/dags/sakiga_ds_pipeline.py                           1           0  0.21s           2026-02-14T03:44:54
================================================================================
[2026-02-14T03:45:24.595+0000] {manager.py:879} INFO - 
================================================================================
DAG File Processing Stats

File Path                                PID    Runtime      # DAGs    # Errors  Last Runtime    Last Run
---------------------------------------  -----  ---------  --------  ----------  --------------  -------------------
/opt/airflow/dags/sakiga_ds_pipeline.py                           1           0  0.21s           2026-02-14T03:45:24
================================================================================
[2026-02-14T03:45:44.359+0000] {manager.py:738} INFO - Searching for files in /opt/airflow/dags
[2026-02-14T03:45:44.383+0000] {manager.py:741} INFO - There are 1 files in /opt/airflow/dags
[2026-02-14T03:45:54.877+0000] {manager.py:879} INFO - 
================================================================================
DAG File Processing Stats

File Path                                PID    Runtime      # DAGs    # Errors  Last Runtime    Last Run
---------------------------------------  -----  ---------  --------  ----------  --------------  -------------------
/opt/airflow/dags/sakiga_ds_pipeline.py                           1           0  0.21s           2026-02-14T03:45:54
================================================================================
[2026-02-14T03:46:25.168+0000] {manager.py:879} INFO - 
================================================================================
DAG File Processing Stats

File Path                                PID    Runtime      # DAGs    # Errors  Last Runtime    Last Run
---------------------------------------  -----  ---------  --------  ----------  --------------  -------------------
/opt/airflow/dags/sakiga_ds_pipeline.py                           1           0  0.21s           2026-02-14T03:46:25
================================================================================
[2026-02-14T03:46:55.449+0000] {manager.py:879} INFO - 
================================================================================
DAG File Processing Stats

File Path                                PID    Runtime      # DAGs    # Errors  Last Runtime    Last Run
---------------------------------------  -----  ---------  --------  ----------  --------------  -------------------
/opt/airflow/dags/sakiga_ds_pipeline.py                           1           0  0.21s           2026-02-14T03:46:55
================================================================================
[2026-02-14T03:47:25.730+0000] {manager.py:879} INFO - 
================================================================================
DAG File Processing Stats

File Path                                PID    Runtime      # DAGs    # Errors  Last Runtime    Last Run
---------------------------------------  -----  ---------  --------  ----------  --------------  -------------------
/opt/airflow/dags/sakiga_ds_pipeline.py                           1           0  0.21s           2026-02-14T03:47:25
================================================================================
[2026-02-14T03:47:56.026+0000] {manager.py:879} INFO - 
================================================================================
DAG File Processing Stats

File Path                                PID    Runtime      # DAGs    # Errors  Last Runtime    Last Run
---------------------------------------  -----  ---------  --------  ----------  --------------  -------------------
/opt/airflow/dags/sakiga_ds_pipeline.py                           1           0  0.21s           2026-02-14T03:47:56
================================================================================
[2026-02-14T03:48:26.308+0000] {manager.py:879} INFO - 
================================================================================
DAG File Processing Stats

File Path                                PID    Runtime      # DAGs    # Errors  Last Runtime    Last Run
---------------------------------------  -----  ---------  --------  ----------  --------------  -------------------
/opt/airflow/dags/sakiga_ds_pipeline.py                           1           0  0.21s           2026-02-14T03:48:26
================================================================================
[2026-02-14T03:48:56.592+0000] {manager.py:879} INFO - 
================================================================================
DAG File Processing Stats

File Path                                PID    Runtime      # DAGs    # Errors  Last Runtime    Last Run
---------------------------------------  -----  ---------  --------  ----------  --------------  -------------------
/opt/airflow/dags/sakiga_ds_pipeline.py                           1           0  0.21s           2026-02-14T03:48:56
================================================================================
[2026-02-14T03:49:26.872+0000] {manager.py:879} INFO - 
================================================================================
DAG File Processing Stats

File Path                                PID    Runtime      # DAGs    # Errors  Last Runtime    Last Run
---------------------------------------  -----  ---------  --------  ----------  --------------  -------------------
/opt/airflow/dags/sakiga_ds_pipeline.py                           1           0  0.21s           2026-02-14T03:49:26
================================================================================
[2026-02-14T03:49:57.169+0000] {manager.py:879} INFO - 
================================================================================
DAG File Processing Stats

File Path                                PID    Runtime      # DAGs    # Errors  Last Runtime    Last Run
---------------------------------------  -----  ---------  --------  ----------  --------------  -------------------
/opt/airflow/dags/sakiga_ds_pipeline.py                           1           0  0.22s           2026-02-14T03:49:57
================================================================================
[2026-02-14T03:50:27.475+0000] {manager.py:879} INFO - 
================================================================================
DAG File Processing Stats

File Path                                PID    Runtime      # DAGs    # Errors  Last Runtime    Last Run
---------------------------------------  -----  ---------  --------  ----------  --------------  -------------------
/opt/airflow/dags/sakiga_ds_pipeline.py                           1           0  0.23s           2026-02-14T03:50:27
================================================================================
[2026-02-14T03:50:44.545+0000] {manager.py:738} INFO - Searching for files in /opt/airflow/dags
[2026-02-14T03:50:44.572+0000] {manager.py:741} INFO - There are 1 files in /opt/airflow/dags
[2026-02-14T03:50:57.756+0000] {manager.py:879} INFO - 
================================================================================
DAG File Processing Stats

File Path                                PID    Runtime      # DAGs    # Errors  Last Runtime    Last Run
---------------------------------------  -----  ---------  --------  ----------  --------------  -------------------
/opt/airflow/dags/sakiga_ds_pipeline.py                           1           0  0.21s           2026-02-14T03:50:57
================================================================================
[2026-02-14T03:51:28.038+0000] {manager.py:879} INFO - 
================================================================================
DAG File Processing Stats

File Path                                PID    Runtime      # DAGs    # Errors  Last Runtime    Last Run
---------------------------------------  -----  ---------  --------  ----------  --------------  -------------------
/opt/airflow/dags/sakiga_ds_pipeline.py                           1           0  0.21s           2026-02-14T03:51:28
================================================================================
[2026-02-14T03:51:58.317+0000] {manager.py:879} INFO - 
================================================================================
DAG File Processing Stats

File Path                                PID    Runtime      # DAGs    # Errors  Last Runtime    Last Run
---------------------------------------  -----  ---------  --------  ----------  --------------  -------------------
/opt/airflow/dags/sakiga_ds_pipeline.py                           1           0  0.21s           2026-02-14T03:51:58
================================================================================
[2026-02-14T03:52:28.598+0000] {manager.py:879} INFO - 
================================================================================
DAG File Processing Stats

File Path                                PID    Runtime      # DAGs    # Errors  Last Runtime    Last Run
---------------------------------------  -----  ---------  --------  ----------  --------------  -------------------
/opt/airflow/dags/sakiga_ds_pipeline.py                           1           0  0.21s           2026-02-14T03:52:28
================================================================================
[2026-02-14T03:52:58.879+0000] {manager.py:879} INFO - 
================================================================================
DAG File Processing Stats

File Path                                PID    Runtime      # DAGs    # Errors  Last Runtime    Last Run
---------------------------------------  -----  ---------  --------  ----------  --------------  -------------------
/opt/airflow/dags/sakiga_ds_pipeline.py                           1           0  0.21s           2026-02-14T03:52:58
================================================================================
[2026-02-14T03:53:29.159+0000] {manager.py:879} INFO - 
================================================================================
DAG File Processing Stats

File Path                                PID    Runtime      # DAGs    # Errors  Last Runtime    Last Run
---------------------------------------  -----  ---------  --------  ----------  --------------  -------------------
/opt/airflow/dags/sakiga_ds_pipeline.py                           1           0  0.21s           2026-02-14T03:53:29
================================================================================
[2026-02-14T03:53:59.440+0000] {manager.py:879} INFO - 
================================================================================
DAG File Processing Stats

File Path                                PID    Runtime      # DAGs    # Errors  Last Runtime    Last Run
---------------------------------------  -----  ---------  --------  ----------  --------------  -------------------
/opt/airflow/dags/sakiga_ds_pipeline.py                           1           0  0.21s           2026-02-14T03:53:59
================================================================================
[2026-02-14T03:54:29.720+0000] {manager.py:879} INFO - 
================================================================================
DAG File Processing Stats

File Path                                PID    Runtime      # DAGs    # Errors  Last Runtime    Last Run
---------------------------------------  -----  ---------  --------  ----------  --------------  -------------------
/opt/airflow/dags/sakiga_ds_pipeline.py                           1           0  0.21s           2026-02-14T03:54:29
================================================================================
[2026-02-14T03:55:00.003+0000] {manager.py:879} INFO - 
================================================================================
DAG File Processing Stats

File Path                                PID    Runtime      # DAGs    # Errors  Last Runtime    Last Run
---------------------------------------  -----  ---------  --------  ----------  --------------  -------------------
/opt/airflow/dags/sakiga_ds_pipeline.py                           1           0  0.21s           2026-02-14T03:55:00
================================================================================
[2026-02-14T03:55:30.287+0000] {manager.py:879} INFO - 
================================================================================
DAG File Processing Stats

File Path                                PID    Runtime      # DAGs    # Errors  Last Runtime    Last Run
---------------------------------------  -----  ---------  --------  ----------  --------------  -------------------
/opt/airflow/dags/sakiga_ds_pipeline.py                           1           0  0.21s           2026-02-14T03:55:30
================================================================================
[2026-02-14T03:55:44.743+0000] {manager.py:738} INFO - Searching for files in /opt/airflow/dags
[2026-02-14T03:55:44.771+0000] {manager.py:741} INFO - There are 1 files in /opt/airflow/dags
[2026-02-14T03:56:00.572+0000] {manager.py:879} INFO - 
================================================================================
DAG File Processing Stats

File Path                                PID    Runtime      # DAGs    # Errors  Last Runtime    Last Run
---------------------------------------  -----  ---------  --------  ----------  --------------  -------------------
/opt/airflow/dags/sakiga_ds_pipeline.py                           1           0  0.21s           2026-02-14T03:56:00
================================================================================
[2026-02-14T03:56:30.853+0000] {manager.py:879} INFO - 
================================================================================
DAG File Processing Stats

File Path                                PID    Runtime      # DAGs    # Errors  Last Runtime    Last Run
---------------------------------------  -----  ---------  --------  ----------  --------------  -------------------
/opt/airflow/dags/sakiga_ds_pipeline.py                           1           0  0.21s           2026-02-14T03:56:30
================================================================================
[2026-02-14T03:57:01.132+0000] {manager.py:879} INFO - 
================================================================================
DAG File Processing Stats

File Path                                PID    Runtime      # DAGs    # Errors  Last Runtime    Last Run
---------------------------------------  -----  ---------  --------  ----------  --------------  -------------------
/opt/airflow/dags/sakiga_ds_pipeline.py                           1           0  0.21s           2026-02-14T03:57:01
================================================================================
[2026-02-14T03:57:31.417+0000] {manager.py:879} INFO - 
================================================================================
DAG File Processing Stats

File Path                                PID    Runtime      # DAGs    # Errors  Last Runtime    Last Run
---------------------------------------  -----  ---------  --------  ----------  --------------  -------------------
/opt/airflow/dags/sakiga_ds_pipeline.py                           1           0  0.21s           2026-02-14T03:57:31
================================================================================
[2026-02-14T03:58:01.698+0000] {manager.py:879} INFO - 
================================================================================
DAG File Processing Stats

File Path                                PID    Runtime      # DAGs    # Errors  Last Runtime    Last Run
---------------------------------------  -----  ---------  --------  ----------  --------------  -------------------
/opt/airflow/dags/sakiga_ds_pipeline.py                           1           0  0.21s           2026-02-14T03:58:01
================================================================================
[2026-02-14T03:58:31.984+0000] {manager.py:879} INFO - 
================================================================================
DAG File Processing Stats

File Path                                PID    Runtime      # DAGs    # Errors  Last Runtime    Last Run
---------------------------------------  -----  ---------  --------  ----------  --------------  -------------------
/opt/airflow/dags/sakiga_ds_pipeline.py                           1           0  0.21s           2026-02-14T03:58:31
================================================================================
[2026-02-14T03:59:02.264+0000] {manager.py:879} INFO - 
================================================================================
DAG File Processing Stats

File Path                                PID    Runtime      # DAGs    # Errors  Last Runtime    Last Run
---------------------------------------  -----  ---------  --------  ----------  --------------  -------------------
/opt/airflow/dags/sakiga_ds_pipeline.py                           1           0  0.21s           2026-02-14T03:59:02
================================================================================
[2026-02-14T03:59:32.550+0000] {manager.py:879} INFO - 
================================================================================
DAG File Processing Stats

File Path                                PID    Runtime      # DAGs    # Errors  Last Runtime    Last Run
---------------------------------------  -----  ---------  --------  ----------  --------------  -------------------
/opt/airflow/dags/sakiga_ds_pipeline.py                           1           0  0.21s           2026-02-14T03:59:32
================================================================================
[2026-02-14T04:00:02.850+0000] {manager.py:879} INFO - 
================================================================================
DAG File Processing Stats

File Path                                PID    Runtime      # DAGs    # Errors  Last Runtime    Last Run
---------------------------------------  -----  ---------  --------  ----------  --------------  -------------------
/opt/airflow/dags/sakiga_ds_pipeline.py                           1           0  0.21s           2026-02-14T04:00:02
================================================================================
[2026-02-14T04:00:33.130+0000] {manager.py:879} INFO - 
================================================================================
DAG File Processing Stats

File Path                                PID    Runtime      # DAGs    # Errors  Last Runtime    Last Run
---------------------------------------  -----  ---------  --------  ----------  --------------  -------------------
/opt/airflow/dags/sakiga_ds_pipeline.py                           1           0  0.21s           2026-02-14T04:00:33
================================================================================
[2026-02-14T04:00:44.930+0000] {manager.py:738} INFO - Searching for files in /opt/airflow/dags
[2026-02-14T04:00:44.953+0000] {manager.py:741} INFO - There are 1 files in /opt/airflow/dags
[2026-02-14T04:01:03.411+0000] {manager.py:879} INFO - 
================================================================================
DAG File Processing Stats

File Path                                PID    Runtime      # DAGs    # Errors  Last Runtime    Last Run
---------------------------------------  -----  ---------  --------  ----------  --------------  -------------------
/opt/airflow/dags/sakiga_ds_pipeline.py                           1           0  0.21s           2026-02-14T04:01:03
================================================================================
[2026-02-14T04:01:33.693+0000] {manager.py:879} INFO - 
================================================================================
DAG File Processing Stats

File Path                                PID    Runtime      # DAGs    # Errors  Last Runtime    Last Run
---------------------------------------  -----  ---------  --------  ----------  --------------  -------------------
/opt/airflow/dags/sakiga_ds_pipeline.py                           1           0  0.21s           2026-02-14T04:01:33
================================================================================
[2026-02-14T04:02:03.972+0000] {manager.py:879} INFO - 
================================================================================
DAG File Processing Stats

File Path                                PID    Runtime      # DAGs    # Errors  Last Runtime    Last Run
---------------------------------------  -----  ---------  --------  ----------  --------------  -------------------
/opt/airflow/dags/sakiga_ds_pipeline.py                           1           0  0.21s           2026-02-14T04:02:03
================================================================================
[2026-02-14T04:02:34.266+0000] {manager.py:879} INFO - 
================================================================================
DAG File Processing Stats

File Path                                PID    Runtime      # DAGs    # Errors  Last Runtime    Last Run
---------------------------------------  -----  ---------  --------  ----------  --------------  -------------------
/opt/airflow/dags/sakiga_ds_pipeline.py                           1           0  0.21s           2026-02-14T04:02:34
================================================================================
[2026-02-14T04:03:04.547+0000] {manager.py:879} INFO - 
================================================================================
DAG File Processing Stats

File Path                                PID    Runtime      # DAGs    # Errors  Last Runtime    Last Run
---------------------------------------  -----  ---------  --------  ----------  --------------  -------------------
/opt/airflow/dags/sakiga_ds_pipeline.py                           1           0  0.21s           2026-02-14T04:03:04
================================================================================
[2026-02-14T04:03:34.828+0000] {manager.py:879} INFO - 
================================================================================
DAG File Processing Stats

File Path                                PID    Runtime      # DAGs    # Errors  Last Runtime    Last Run
---------------------------------------  -----  ---------  --------  ----------  --------------  -------------------
/opt/airflow/dags/sakiga_ds_pipeline.py                           1           0  0.21s           2026-02-14T04:03:34
================================================================================
[2026-02-14T04:04:05.110+0000] {manager.py:879} INFO - 
================================================================================
DAG File Processing Stats

File Path                                PID    Runtime      # DAGs    # Errors  Last Runtime    Last Run
---------------------------------------  -----  ---------  --------  ----------  --------------  -------------------
/opt/airflow/dags/sakiga_ds_pipeline.py                           1           0  0.21s           2026-02-14T04:04:05
================================================================================
[2026-02-14T04:04:35.390+0000] {manager.py:879} INFO - 
================================================================================
DAG File Processing Stats

File Path                                PID    Runtime      # DAGs    # Errors  Last Runtime    Last Run
---------------------------------------  -----  ---------  --------  ----------  --------------  -------------------
/opt/airflow/dags/sakiga_ds_pipeline.py                           1           0  0.21s           2026-02-14T04:04:35
================================================================================
[2026-02-14T04:05:05.669+0000] {manager.py:879} INFO - 
================================================================================
DAG File Processing Stats

File Path                                PID    Runtime      # DAGs    # Errors  Last Runtime    Last Run
---------------------------------------  -----  ---------  --------  ----------  --------------  -------------------
/opt/airflow/dags/sakiga_ds_pipeline.py                           1           0  0.21s           2026-02-14T04:05:05
================================================================================
[2026-02-14T04:05:35.948+0000] {manager.py:879} INFO - 
================================================================================
DAG File Processing Stats

File Path                                PID    Runtime      # DAGs    # Errors  Last Runtime    Last Run
---------------------------------------  -----  ---------  --------  ----------  --------------  -------------------
/opt/airflow/dags/sakiga_ds_pipeline.py                           1           0  0.21s           2026-02-14T04:05:35
================================================================================
[2026-02-14T04:05:45.129+0000] {manager.py:738} INFO - Searching for files in /opt/airflow/dags
[2026-02-14T04:05:45.153+0000] {manager.py:741} INFO - There are 1 files in /opt/airflow/dags
[2026-02-14T04:06:06.236+0000] {manager.py:879} INFO - 
================================================================================
DAG File Processing Stats

File Path                                PID    Runtime      # DAGs    # Errors  Last Runtime    Last Run
---------------------------------------  -----  ---------  --------  ----------  --------------  -------------------
/opt/airflow/dags/sakiga_ds_pipeline.py                           1           0  0.21s           2026-02-14T04:06:06
================================================================================
[2026-02-14T04:06:36.521+0000] {manager.py:879} INFO - 
================================================================================
DAG File Processing Stats

File Path                                PID    Runtime      # DAGs    # Errors  Last Runtime    Last Run
---------------------------------------  -----  ---------  --------  ----------  --------------  -------------------
/opt/airflow/dags/sakiga_ds_pipeline.py                           1           0  0.21s           2026-02-14T04:06:36
================================================================================
[2026-02-14T04:07:06.802+0000] {manager.py:879} INFO - 
================================================================================
DAG File Processing Stats

File Path                                PID    Runtime      # DAGs    # Errors  Last Runtime    Last Run
---------------------------------------  -----  ---------  --------  ----------  --------------  -------------------
/opt/airflow/dags/sakiga_ds_pipeline.py                           1           0  0.21s           2026-02-14T04:07:06
================================================================================
[2026-02-14T04:07:37.085+0000] {manager.py:879} INFO - 
================================================================================
DAG File Processing Stats

File Path                                PID    Runtime      # DAGs    # Errors  Last Runtime    Last Run
---------------------------------------  -----  ---------  --------  ----------  --------------  -------------------
/opt/airflow/dags/sakiga_ds_pipeline.py                           1           0  0.21s           2026-02-14T04:07:37
================================================================================
[2026-02-14T04:08:07.365+0000] {manager.py:879} INFO - 
================================================================================
DAG File Processing Stats

File Path                                PID    Runtime      # DAGs    # Errors  Last Runtime    Last Run
---------------------------------------  -----  ---------  --------  ----------  --------------  -------------------
/opt/airflow/dags/sakiga_ds_pipeline.py                           1           0  0.21s           2026-02-14T04:08:07
================================================================================
[2026-02-14T04:08:37.645+0000] {manager.py:879} INFO - 
================================================================================
DAG File Processing Stats

File Path                                PID    Runtime      # DAGs    # Errors  Last Runtime    Last Run
---------------------------------------  -----  ---------  --------  ----------  --------------  -------------------
/opt/airflow/dags/sakiga_ds_pipeline.py                           1           0  0.21s           2026-02-14T04:08:37
================================================================================
[2026-02-14T04:09:07.927+0000] {manager.py:879} INFO - 
================================================================================
DAG File Processing Stats

File Path                                PID    Runtime      # DAGs    # Errors  Last Runtime    Last Run
---------------------------------------  -----  ---------  --------  ----------  --------------  -------------------
/opt/airflow/dags/sakiga_ds_pipeline.py                           1           0  0.21s           2026-02-14T04:09:07
================================================================================
[2026-02-14T04:09:38.225+0000] {manager.py:879} INFO - 
================================================================================
DAG File Processing Stats

File Path                                PID    Runtime      # DAGs    # Errors  Last Runtime    Last Run
---------------------------------------  -----  ---------  --------  ----------  --------------  -------------------
/opt/airflow/dags/sakiga_ds_pipeline.py                           1           0  0.21s           2026-02-14T04:09:38
================================================================================
[2026-02-14T04:10:08.505+0000] {manager.py:879} INFO - 
================================================================================
DAG File Processing Stats

File Path                                PID    Runtime      # DAGs    # Errors  Last Runtime    Last Run
---------------------------------------  -----  ---------  --------  ----------  --------------  -------------------
/opt/airflow/dags/sakiga_ds_pipeline.py                           1           0  0.21s           2026-02-14T04:10:08
================================================================================
[2026-02-14T04:10:38.786+0000] {manager.py:879} INFO - 
================================================================================
DAG File Processing Stats

File Path                                PID    Runtime      # DAGs    # Errors  Last Runtime    Last Run
---------------------------------------  -----  ---------  --------  ----------  --------------  -------------------
/opt/airflow/dags/sakiga_ds_pipeline.py                           1           0  0.21s           2026-02-14T04:10:38
================================================================================
[2026-02-14T04:10:45.324+0000] {manager.py:738} INFO - Searching for files in /opt/airflow/dags
[2026-02-14T04:10:45.347+0000] {manager.py:741} INFO - There are 1 files in /opt/airflow/dags
[2026-02-14T04:11:09.069+0000] {manager.py:879} INFO - 
================================================================================
DAG File Processing Stats

File Path                                PID    Runtime      # DAGs    # Errors  Last Runtime    Last Run
---------------------------------------  -----  ---------  --------  ----------  --------------  -------------------
/opt/airflow/dags/sakiga_ds_pipeline.py                           1           0  0.21s           2026-02-14T04:11:09
================================================================================
[2026-02-14T04:11:39.352+0000] {manager.py:879} INFO - 
================================================================================
DAG File Processing Stats

File Path                                PID    Runtime      # DAGs    # Errors  Last Runtime    Last Run
---------------------------------------  -----  ---------  --------  ----------  --------------  -------------------
/opt/airflow/dags/sakiga_ds_pipeline.py                           1           0  0.21s           2026-02-14T04:11:39
================================================================================
[2026-02-14T04:12:09.633+0000] {manager.py:879} INFO - 
================================================================================
DAG File Processing Stats

File Path                                PID    Runtime      # DAGs    # Errors  Last Runtime    Last Run
---------------------------------------  -----  ---------  --------  ----------  --------------  -------------------
/opt/airflow/dags/sakiga_ds_pipeline.py                           1           0  0.21s           2026-02-14T04:12:09
================================================================================
[2026-02-14T04:12:39.913+0000] {manager.py:879} INFO - 
================================================================================
DAG File Processing Stats

File Path                                PID    Runtime      # DAGs    # Errors  Last Runtime    Last Run
---------------------------------------  -----  ---------  --------  ----------  --------------  -------------------
/opt/airflow/dags/sakiga_ds_pipeline.py                           1           0  0.21s           2026-02-14T04:12:39
================================================================================
[2026-02-14T04:13:10.194+0000] {manager.py:879} INFO - 
================================================================================
DAG File Processing Stats

File Path                                PID    Runtime      # DAGs    # Errors  Last Runtime    Last Run
---------------------------------------  -----  ---------  --------  ----------  --------------  -------------------
/opt/airflow/dags/sakiga_ds_pipeline.py                           1           0  0.21s           2026-02-14T04:13:10
================================================================================
[2026-02-14T04:13:40.476+0000] {manager.py:879} INFO - 
================================================================================
DAG File Processing Stats

File Path                                PID    Runtime      # DAGs    # Errors  Last Runtime    Last Run
---------------------------------------  -----  ---------  --------  ----------  --------------  -------------------
/opt/airflow/dags/sakiga_ds_pipeline.py                           1           0  0.21s           2026-02-14T04:13:40
================================================================================
[2026-02-14T04:14:10.757+0000] {manager.py:879} INFO - 
================================================================================
DAG File Processing Stats

File Path                                PID    Runtime      # DAGs    # Errors  Last Runtime    Last Run
---------------------------------------  -----  ---------  --------  ----------  --------------  -------------------
/opt/airflow/dags/sakiga_ds_pipeline.py                           1           0  0.21s           2026-02-14T04:14:10
================================================================================
[2026-02-14T04:14:41.043+0000] {manager.py:879} INFO - 
================================================================================
DAG File Processing Stats

File Path                                PID    Runtime      # DAGs    # Errors  Last Runtime    Last Run
---------------------------------------  -----  ---------  --------  ----------  --------------  -------------------
/opt/airflow/dags/sakiga_ds_pipeline.py                           1           0  0.21s           2026-02-14T04:14:41
================================================================================
[2026-02-14T04:15:11.335+0000] {manager.py:879} INFO - 
================================================================================
DAG File Processing Stats

File Path                                PID    Runtime      # DAGs    # Errors  Last Runtime    Last Run
---------------------------------------  -----  ---------  --------  ----------  --------------  -------------------
/opt/airflow/dags/sakiga_ds_pipeline.py                           1           0  0.21s           2026-02-14T04:15:11
================================================================================
[2026-02-14T04:15:41.618+0000] {manager.py:879} INFO - 
================================================================================
DAG File Processing Stats

File Path                                PID    Runtime      # DAGs    # Errors  Last Runtime    Last Run
---------------------------------------  -----  ---------  --------  ----------  --------------  -------------------
/opt/airflow/dags/sakiga_ds_pipeline.py                           1           0  0.21s           2026-02-14T04:15:41
================================================================================
[2026-02-14T04:15:45.330+0000] {manager.py:738} INFO - Searching for files in /opt/airflow/dags
[2026-02-14T04:15:45.357+0000] {manager.py:741} INFO - There are 1 files in /opt/airflow/dags
[2026-02-14T04:16:11.837+0000] {manager.py:879} INFO - 
================================================================================
DAG File Processing Stats

File Path                                PID    Runtime      # DAGs    # Errors  Last Runtime    Last Run
---------------------------------------  -----  ---------  --------  ----------  --------------  -------------------
/opt/airflow/dags/sakiga_ds_pipeline.py                           1           0  0.21s           2026-02-14T04:16:11
================================================================================
[2026-02-14T04:16:42.119+0000] {manager.py:879} INFO - 
================================================================================
DAG File Processing Stats

File Path                                PID    Runtime      # DAGs    # Errors  Last Runtime    Last Run
---------------------------------------  -----  ---------  --------  ----------  --------------  -------------------
/opt/airflow/dags/sakiga_ds_pipeline.py                           1           0  0.21s           2026-02-14T04:16:42
================================================================================
[2026-02-14T04:17:12.400+0000] {manager.py:879} INFO - 
================================================================================
DAG File Processing Stats

File Path                                PID    Runtime      # DAGs    # Errors  Last Runtime    Last Run
---------------------------------------  -----  ---------  --------  ----------  --------------  -------------------
/opt/airflow/dags/sakiga_ds_pipeline.py                           1           0  0.21s           2026-02-14T04:17:12
================================================================================
[2026-02-14T04:17:42.680+0000] {manager.py:879} INFO - 
================================================================================
DAG File Processing Stats

File Path                                PID    Runtime      # DAGs    # Errors  Last Runtime    Last Run
---------------------------------------  -----  ---------  --------  ----------  --------------  -------------------
/opt/airflow/dags/sakiga_ds_pipeline.py                           1           0  0.21s           2026-02-14T04:17:42
================================================================================
[2026-02-14T04:18:12.961+0000] {manager.py:879} INFO - 
================================================================================
DAG File Processing Stats

File Path                                PID    Runtime      # DAGs    # Errors  Last Runtime    Last Run
---------------------------------------  -----  ---------  --------  ----------  --------------  -------------------
/opt/airflow/dags/sakiga_ds_pipeline.py                           1           0  0.21s           2026-02-14T04:18:12
================================================================================
[2026-02-14T04:18:43.243+0000] {manager.py:879} INFO - 
================================================================================
DAG File Processing Stats

File Path                                PID    Runtime      # DAGs    # Errors  Last Runtime    Last Run
---------------------------------------  -----  ---------  --------  ----------  --------------  -------------------
/opt/airflow/dags/sakiga_ds_pipeline.py                           1           0  0.21s           2026-02-14T04:18:43
================================================================================
[2026-02-14T04:19:13.534+0000] {manager.py:879} INFO - 
================================================================================
DAG File Processing Stats

File Path                                PID    Runtime      # DAGs    # Errors  Last Runtime    Last Run
---------------------------------------  -----  ---------  --------  ----------  --------------  -------------------
/opt/airflow/dags/sakiga_ds_pipeline.py                           1           0  0.21s           2026-02-14T04:19:13
================================================================================
[2026-02-14T04:19:43.823+0000] {manager.py:879} INFO - 
================================================================================
DAG File Processing Stats

File Path                                PID    Runtime      # DAGs    # Errors  Last Runtime    Last Run
---------------------------------------  -----  ---------  --------  ----------  --------------  -------------------
/opt/airflow/dags/sakiga_ds_pipeline.py                           1           0  0.21s           2026-02-14T04:19:43
================================================================================
[2026-02-14T04:20:14.113+0000] {manager.py:879} INFO - 
================================================================================
DAG File Processing Stats

File Path                                PID    Runtime      # DAGs    # Errors  Last Runtime    Last Run
---------------------------------------  -----  ---------  --------  ----------  --------------  -------------------
/opt/airflow/dags/sakiga_ds_pipeline.py                           1           0  0.21s           2026-02-14T04:20:14
================================================================================
[2026-02-14T04:20:50.406+0000] {manager.py:879} INFO - 
================================================================================
DAG File Processing Stats

File Path                                PID    Runtime      # DAGs    # Errors  Last Runtime    Last Run
---------------------------------------  -----  ---------  --------  ----------  --------------  -------------------
/opt/airflow/dags/sakiga_ds_pipeline.py                           1           0  6.22s           2026-02-14T04:20:50
================================================================================
[2026-02-14T04:20:51.467+0000] {manager.py:738} INFO - Searching for files in /opt/airflow/dags
[2026-02-14T04:20:51.490+0000] {manager.py:741} INFO - There are 1 files in /opt/airflow/dags
[2026-02-14T04:21:20.700+0000] {manager.py:879} INFO - 
================================================================================
DAG File Processing Stats

File Path                                PID    Runtime      # DAGs    # Errors  Last Runtime    Last Run
---------------------------------------  -----  ---------  --------  ----------  --------------  -------------------
/opt/airflow/dags/sakiga_ds_pipeline.py                           1           0  0.21s           2026-02-14T04:21:20
================================================================================
[2026-02-14T04:21:51.001+0000] {manager.py:879} INFO - 
================================================================================
DAG File Processing Stats

File Path                                PID    Runtime      # DAGs    # Errors  Last Runtime    Last Run
---------------------------------------  -----  ---------  --------  ----------  --------------  -------------------
/opt/airflow/dags/sakiga_ds_pipeline.py                           1           0  0.21s           2026-02-14T04:21:51
================================================================================
[2026-02-14T04:22:21.312+0000] {manager.py:879} INFO - 
================================================================================
DAG File Processing Stats

File Path                                PID    Runtime      # DAGs    # Errors  Last Runtime    Last Run
---------------------------------------  -----  ---------  --------  ----------  --------------  -------------------
/opt/airflow/dags/sakiga_ds_pipeline.py                           1           0  0.21s           2026-02-14T04:22:21
================================================================================
[2026-02-14T04:22:51.637+0000] {manager.py:879} INFO - 
================================================================================
DAG File Processing Stats

File Path                                PID    Runtime      # DAGs    # Errors  Last Runtime    Last Run
---------------------------------------  -----  ---------  --------  ----------  --------------  -------------------
/opt/airflow/dags/sakiga_ds_pipeline.py                           1           0  0.22s           2026-02-14T04:22:51
================================================================================
[2026-02-14T04:23:21.947+0000] {manager.py:879} INFO - 
================================================================================
DAG File Processing Stats

File Path                                PID    Runtime      # DAGs    # Errors  Last Runtime    Last Run
---------------------------------------  -----  ---------  --------  ----------  --------------  -------------------
/opt/airflow/dags/sakiga_ds_pipeline.py                           1           0  0.21s           2026-02-14T04:23:21
================================================================================
[2026-02-14T04:23:52.253+0000] {manager.py:879} INFO - 
================================================================================
DAG File Processing Stats

File Path                                PID    Runtime      # DAGs    # Errors  Last Runtime    Last Run
---------------------------------------  -----  ---------  --------  ----------  --------------  -------------------
/opt/airflow/dags/sakiga_ds_pipeline.py                           1           0  0.21s           2026-02-14T04:23:52
================================================================================
[2026-02-14T04:24:22.554+0000] {manager.py:879} INFO - 
================================================================================
DAG File Processing Stats

File Path                                PID    Runtime      # DAGs    # Errors  Last Runtime    Last Run
---------------------------------------  -----  ---------  --------  ----------  --------------  -------------------
/opt/airflow/dags/sakiga_ds_pipeline.py                           1           0  0.21s           2026-02-14T04:24:22
================================================================================
[2026-02-14T04:24:52.852+0000] {manager.py:879} INFO - 
================================================================================
DAG File Processing Stats

File Path                                PID    Runtime      # DAGs    # Errors  Last Runtime    Last Run
---------------------------------------  -----  ---------  --------  ----------  --------------  -------------------
/opt/airflow/dags/sakiga_ds_pipeline.py                           1           0  0.21s           2026-02-14T04:24:52
================================================================================
[2026-02-14T04:25:23.102+0000] {manager.py:879} INFO - 
================================================================================
DAG File Processing Stats

File Path                                PID    Runtime      # DAGs    # Errors  Last Runtime    Last Run
---------------------------------------  -----  ---------  --------  ----------  --------------  -------------------
/opt/airflow/dags/sakiga_ds_pipeline.py                           1           0  0.21s           2026-02-14T04:25:23
================================================================================
[2026-02-14T04:25:51.630+0000] {manager.py:738} INFO - Searching for files in /opt/airflow/dags
[2026-02-14T04:25:51.655+0000] {manager.py:741} INFO - There are 1 files in /opt/airflow/dags
[2026-02-14T04:25:53.587+0000] {manager.py:879} INFO - 
================================================================================
DAG File Processing Stats

File Path                                PID    Runtime      # DAGs    # Errors  Last Runtime    Last Run
---------------------------------------  -----  ---------  --------  ----------  --------------  -------------------
/opt/airflow/dags/sakiga_ds_pipeline.py                           1           0  0.41s           2026-02-14T04:25:53
================================================================================
[2026-02-14T04:26:23.895+0000] {manager.py:879} INFO - 
================================================================================
DAG File Processing Stats

File Path                                PID    Runtime      # DAGs    # Errors  Last Runtime    Last Run
---------------------------------------  -----  ---------  --------  ----------  --------------  -------------------
/opt/airflow/dags/sakiga_ds_pipeline.py                           1           0  0.21s           2026-02-14T04:26:23
================================================================================
[2026-02-14T04:26:54.202+0000] {manager.py:879} INFO - 
================================================================================
DAG File Processing Stats

File Path                                PID    Runtime      # DAGs    # Errors  Last Runtime    Last Run
---------------------------------------  -----  ---------  --------  ----------  --------------  -------------------
/opt/airflow/dags/sakiga_ds_pipeline.py                           1           0  0.21s           2026-02-14T04:26:54
================================================================================
[2026-02-14T04:27:24.506+0000] {manager.py:879} INFO - 
================================================================================
DAG File Processing Stats

File Path                                PID    Runtime      # DAGs    # Errors  Last Runtime    Last Run
---------------------------------------  -----  ---------  --------  ----------  --------------  -------------------
/opt/airflow/dags/sakiga_ds_pipeline.py                           1           0  0.21s           2026-02-14T04:27:24
================================================================================
[2026-02-14T04:27:54.800+0000] {manager.py:879} INFO - 
================================================================================
DAG File Processing Stats

File Path                                PID    Runtime      # DAGs    # Errors  Last Runtime    Last Run
---------------------------------------  -----  ---------  --------  ----------  --------------  -------------------
/opt/airflow/dags/sakiga_ds_pipeline.py                           1           0  0.21s           2026-02-14T04:27:54
================================================================================
[2026-02-14T04:28:25.092+0000] {manager.py:879} INFO - 
================================================================================
DAG File Processing Stats

File Path                                PID    Runtime      # DAGs    # Errors  Last Runtime    Last Run
---------------------------------------  -----  ---------  --------  ----------  --------------  -------------------
/opt/airflow/dags/sakiga_ds_pipeline.py                           1           0  0.21s           2026-02-14T04:28:25
================================================================================
[2026-02-14T04:28:55.426+0000] {manager.py:879} INFO - 
================================================================================
DAG File Processing Stats

File Path                                PID    Runtime      # DAGs    # Errors  Last Runtime    Last Run
---------------------------------------  -----  ---------  --------  ----------  --------------  -------------------
/opt/airflow/dags/sakiga_ds_pipeline.py                           1           0  0.21s           2026-02-14T04:28:55
================================================================================
[2026-02-14T04:29:25.723+0000] {manager.py:879} INFO - 
================================================================================
DAG File Processing Stats

File Path                                PID    Runtime      # DAGs    # Errors  Last Runtime    Last Run
---------------------------------------  -----  ---------  --------  ----------  --------------  -------------------
/opt/airflow/dags/sakiga_ds_pipeline.py                           1           0  0.21s           2026-02-14T04:29:25
================================================================================
[2026-02-14T04:29:56.035+0000] {manager.py:879} INFO - 
================================================================================
DAG File Processing Stats

File Path                                PID    Runtime      # DAGs    # Errors  Last Runtime    Last Run
---------------------------------------  -----  ---------  --------  ----------  --------------  -------------------
/opt/airflow/dags/sakiga_ds_pipeline.py                           1           0  0.21s           2026-02-14T04:29:56
================================================================================
[2026-02-14T04:30:26.350+0000] {manager.py:879} INFO - 
================================================================================
DAG File Processing Stats

File Path                                PID    Runtime      # DAGs    # Errors  Last Runtime    Last Run
---------------------------------------  -----  ---------  --------  ----------  --------------  -------------------
/opt/airflow/dags/sakiga_ds_pipeline.py                           1           0  0.21s           2026-02-14T04:30:26
================================================================================
[2026-02-14T04:30:51.789+0000] {manager.py:738} INFO - Searching for files in /opt/airflow/dags
[2026-02-14T04:30:51.849+0000] {manager.py:741} INFO - There are 1 files in /opt/airflow/dags
[2026-02-14T04:30:56.678+0000] {manager.py:879} INFO - 
================================================================================
DAG File Processing Stats

File Path                                PID    Runtime      # DAGs    # Errors  Last Runtime    Last Run
---------------------------------------  -----  ---------  --------  ----------  --------------  -------------------
/opt/airflow/dags/sakiga_ds_pipeline.py                           1           0  0.21s           2026-02-14T04:30:56
================================================================================
[2026-02-14T04:31:26.995+0000] {manager.py:879} INFO - 
================================================================================
DAG File Processing Stats

File Path                                PID    Runtime      # DAGs    # Errors  Last Runtime    Last Run
---------------------------------------  -----  ---------  --------  ----------  --------------  -------------------
/opt/airflow/dags/sakiga_ds_pipeline.py                           1           0  0.21s           2026-02-14T04:31:26
================================================================================
[2026-02-14T04:31:57.309+0000] {manager.py:879} INFO - 
================================================================================
DAG File Processing Stats

File Path                                PID    Runtime      # DAGs    # Errors  Last Runtime    Last Run
---------------------------------------  -----  ---------  --------  ----------  --------------  -------------------
/opt/airflow/dags/sakiga_ds_pipeline.py                           1           0  0.21s           2026-02-14T04:31:57
================================================================================
[2026-02-14T04:32:27.600+0000] {manager.py:879} INFO - 
================================================================================
DAG File Processing Stats

File Path                                PID    Runtime      # DAGs    # Errors  Last Runtime    Last Run
---------------------------------------  -----  ---------  --------  ----------  --------------  -------------------
/opt/airflow/dags/sakiga_ds_pipeline.py                           1           0  0.21s           2026-02-14T04:32:27
================================================================================
[2026-02-14T04:32:57.897+0000] {manager.py:879} INFO - 
================================================================================
DAG File Processing Stats

File Path                                PID    Runtime      # DAGs    # Errors  Last Runtime    Last Run
---------------------------------------  -----  ---------  --------  ----------  --------------  -------------------
/opt/airflow/dags/sakiga_ds_pipeline.py                           1           0  0.21s           2026-02-14T04:32:57
================================================================================
[2026-02-14T04:33:28.196+0000] {manager.py:879} INFO - 
================================================================================
DAG File Processing Stats

File Path                                PID    Runtime      # DAGs    # Errors  Last Runtime    Last Run
---------------------------------------  -----  ---------  --------  ----------  --------------  -------------------
/opt/airflow/dags/sakiga_ds_pipeline.py                           1           0  0.21s           2026-02-14T04:33:28
================================================================================
[2026-02-14T04:33:58.495+0000] {manager.py:879} INFO - 
================================================================================
DAG File Processing Stats

File Path                                PID    Runtime      # DAGs    # Errors  Last Runtime    Last Run
---------------------------------------  -----  ---------  --------  ----------  --------------  -------------------
/opt/airflow/dags/sakiga_ds_pipeline.py                           1           0  0.21s           2026-02-14T04:33:58
================================================================================
[2026-02-14T04:34:28.804+0000] {manager.py:879} INFO - 
================================================================================
DAG File Processing Stats

File Path                                PID    Runtime      # DAGs    # Errors  Last Runtime    Last Run
---------------------------------------  -----  ---------  --------  ----------  --------------  -------------------
/opt/airflow/dags/sakiga_ds_pipeline.py                           1           0  0.21s           2026-02-14T04:34:28
================================================================================
[2026-02-14T04:34:59.101+0000] {manager.py:879} INFO - 
================================================================================
DAG File Processing Stats

File Path                                PID    Runtime      # DAGs    # Errors  Last Runtime    Last Run
---------------------------------------  -----  ---------  --------  ----------  --------------  -------------------
/opt/airflow/dags/sakiga_ds_pipeline.py                           1           0  0.21s           2026-02-14T04:34:59
================================================================================
[2026-02-14T04:35:29.423+0000] {manager.py:879} INFO - 
================================================================================
DAG File Processing Stats

File Path                                PID    Runtime      # DAGs    # Errors  Last Runtime    Last Run
---------------------------------------  -----  ---------  --------  ----------  --------------  -------------------
/opt/airflow/dags/sakiga_ds_pipeline.py                           1           0  0.21s           2026-02-14T04:35:29
================================================================================
[2026-02-14T04:35:51.950+0000] {manager.py:738} INFO - Searching for files in /opt/airflow/dags
[2026-02-14T04:35:51.969+0000] {manager.py:741} INFO - There are 1 files in /opt/airflow/dags
[2026-02-14T04:35:59.424+0000] {manager.py:879} INFO - 
================================================================================
DAG File Processing Stats

File Path                                PID    Runtime      # DAGs    # Errors  Last Runtime    Last Run
---------------------------------------  -----  ---------  --------  ----------  --------------  -------------------
/opt/airflow/dags/sakiga_ds_pipeline.py                           1           0  0.21s           2026-02-14T04:35:29
================================================================================
[2026-02-14T04:36:30.001+0000] {manager.py:879} INFO - 
================================================================================
DAG File Processing Stats

File Path                                PID    Runtime      # DAGs    # Errors  Last Runtime    Last Run
---------------------------------------  -----  ---------  --------  ----------  --------------  -------------------
/opt/airflow/dags/sakiga_ds_pipeline.py                           1           0  0.21s           2026-02-14T04:36:29
================================================================================
[2026-02-14T04:37:00.320+0000] {manager.py:879} INFO - 
================================================================================
DAG File Processing Stats

File Path                                PID    Runtime      # DAGs    # Errors  Last Runtime    Last Run
---------------------------------------  -----  ---------  --------  ----------  --------------  -------------------
/opt/airflow/dags/sakiga_ds_pipeline.py                           1           0  0.21s           2026-02-14T04:37:00
================================================================================
[2026-02-14T04:37:30.628+0000] {manager.py:879} INFO - 
================================================================================
DAG File Processing Stats

File Path                                PID    Runtime      # DAGs    # Errors  Last Runtime    Last Run
---------------------------------------  -----  ---------  --------  ----------  --------------  -------------------
/opt/airflow/dags/sakiga_ds_pipeline.py                           1           0  0.21s           2026-02-14T04:37:30
================================================================================
[2026-02-14T04:38:00.906+0000] {manager.py:879} INFO - 
================================================================================
DAG File Processing Stats

File Path                                PID    Runtime      # DAGs    # Errors  Last Runtime    Last Run
---------------------------------------  -----  ---------  --------  ----------  --------------  -------------------
/opt/airflow/dags/sakiga_ds_pipeline.py                           1           0  0.21s           2026-02-14T04:38:00
================================================================================
[2026-02-14T04:38:31.207+0000] {manager.py:879} INFO - 
================================================================================
DAG File Processing Stats

File Path                                PID    Runtime      # DAGs    # Errors  Last Runtime    Last Run
---------------------------------------  -----  ---------  --------  ----------  --------------  -------------------
/opt/airflow/dags/sakiga_ds_pipeline.py                           1           0  0.21s           2026-02-14T04:38:31
================================================================================
[2026-02-14T04:39:01.507+0000] {manager.py:879} INFO - 
================================================================================
DAG File Processing Stats

File Path                                PID    Runtime      # DAGs    # Errors  Last Runtime    Last Run
---------------------------------------  -----  ---------  --------  ----------  --------------  -------------------
/opt/airflow/dags/sakiga_ds_pipeline.py                           1           0  0.21s           2026-02-14T04:39:01
================================================================================
[2026-02-14T04:39:31.813+0000] {manager.py:879} INFO - 
================================================================================
DAG File Processing Stats

File Path                                PID    Runtime      # DAGs    # Errors  Last Runtime    Last Run
---------------------------------------  -----  ---------  --------  ----------  --------------  -------------------
/opt/airflow/dags/sakiga_ds_pipeline.py                           1           0  0.21s           2026-02-14T04:39:31
================================================================================
[2026-02-14T04:40:02.106+0000] {manager.py:879} INFO - 
================================================================================
DAG File Processing Stats

File Path                                PID    Runtime      # DAGs    # Errors  Last Runtime    Last Run
---------------------------------------  -----  ---------  --------  ----------  --------------  -------------------
/opt/airflow/dags/sakiga_ds_pipeline.py                           1           0  0.21s           2026-02-14T04:40:02
================================================================================
[2026-02-14T04:40:32.396+0000] {manager.py:879} INFO - 
================================================================================
DAG File Processing Stats

File Path                                PID    Runtime      # DAGs    # Errors  Last Runtime    Last Run
---------------------------------------  -----  ---------  --------  ----------  --------------  -------------------
/opt/airflow/dags/sakiga_ds_pipeline.py                           1           0  0.21s           2026-02-14T04:40:32
================================================================================
[2026-02-14T04:40:52.091+0000] {manager.py:738} INFO - Searching for files in /opt/airflow/dags
[2026-02-14T04:40:52.135+0000] {manager.py:741} INFO - There are 1 files in /opt/airflow/dags
[2026-02-14T04:41:02.712+0000] {manager.py:879} INFO - 
================================================================================
DAG File Processing Stats

File Path                                PID    Runtime      # DAGs    # Errors  Last Runtime    Last Run
---------------------------------------  -----  ---------  --------  ----------  --------------  -------------------
/opt/airflow/dags/sakiga_ds_pipeline.py                           1           0  0.21s           2026-02-14T04:41:02
================================================================================
[2026-02-14T04:41:33.017+0000] {manager.py:879} INFO - 
================================================================================
DAG File Processing Stats

File Path                                PID    Runtime      # DAGs    # Errors  Last Runtime    Last Run
---------------------------------------  -----  ---------  --------  ----------  --------------  -------------------
/opt/airflow/dags/sakiga_ds_pipeline.py                           1           0  0.21s           2026-02-14T04:41:33
================================================================================
[2026-02-14T04:42:03.346+0000] {manager.py:879} INFO - 
================================================================================
DAG File Processing Stats

File Path                                PID    Runtime      # DAGs    # Errors  Last Runtime    Last Run
---------------------------------------  -----  ---------  --------  ----------  --------------  -------------------
/opt/airflow/dags/sakiga_ds_pipeline.py                           1           0  0.21s           2026-02-14T04:42:03
================================================================================
[2026-02-14T04:42:33.658+0000] {manager.py:879} INFO - 
================================================================================
DAG File Processing Stats

File Path                                PID    Runtime      # DAGs    # Errors  Last Runtime    Last Run
---------------------------------------  -----  ---------  --------  ----------  --------------  -------------------
/opt/airflow/dags/sakiga_ds_pipeline.py                           1           0  0.21s           2026-02-14T04:42:33
================================================================================
[2026-02-14T04:43:03.977+0000] {manager.py:879} INFO - 
================================================================================
DAG File Processing Stats

File Path                                PID    Runtime      # DAGs    # Errors  Last Runtime    Last Run
---------------------------------------  -----  ---------  --------  ----------  --------------  -------------------
/opt/airflow/dags/sakiga_ds_pipeline.py                           1           0  0.21s           2026-02-14T04:43:03
================================================================================
[2026-02-14T04:43:34.271+0000] {manager.py:879} INFO - 
================================================================================
DAG File Processing Stats

File Path                                PID    Runtime      # DAGs    # Errors  Last Runtime    Last Run
---------------------------------------  -----  ---------  --------  ----------  --------------  -------------------
/opt/airflow/dags/sakiga_ds_pipeline.py                           1           0  0.21s           2026-02-14T04:43:34
================================================================================
[2026-02-14T04:44:04.564+0000] {manager.py:879} INFO - 
================================================================================
DAG File Processing Stats

File Path                                PID    Runtime      # DAGs    # Errors  Last Runtime    Last Run
---------------------------------------  -----  ---------  --------  ----------  --------------  -------------------
/opt/airflow/dags/sakiga_ds_pipeline.py                           1           0  0.21s           2026-02-14T04:44:04
================================================================================
[2026-02-14T04:44:34.911+0000] {manager.py:879} INFO - 
================================================================================
DAG File Processing Stats

File Path                                PID    Runtime      # DAGs    # Errors  Last Runtime    Last Run
---------------------------------------  -----  ---------  --------  ----------  --------------  -------------------
/opt/airflow/dags/sakiga_ds_pipeline.py                           1           0  0.21s           2026-02-14T04:44:34
================================================================================
[2026-02-14T04:45:05.236+0000] {manager.py:879} INFO - 
================================================================================
DAG File Processing Stats

File Path                                PID    Runtime      # DAGs    # Errors  Last Runtime    Last Run
---------------------------------------  -----  ---------  --------  ----------  --------------  -------------------
/opt/airflow/dags/sakiga_ds_pipeline.py                           1           0  0.21s           2026-02-14T04:45:05
================================================================================
[2026-02-14T04:45:35.583+0000] {manager.py:879} INFO - 
================================================================================
DAG File Processing Stats

File Path                                PID    Runtime      # DAGs    # Errors  Last Runtime    Last Run
---------------------------------------  -----  ---------  --------  ----------  --------------  -------------------
/opt/airflow/dags/sakiga_ds_pipeline.py                           1           0  0.21s           2026-02-14T04:45:35
================================================================================
[2026-02-14T04:45:52.686+0000] {manager.py:738} INFO - Searching for files in /opt/airflow/dags
[2026-02-14T04:45:52.711+0000] {manager.py:741} INFO - There are 1 files in /opt/airflow/dags
[2026-02-14T04:46:05.894+0000] {manager.py:879} INFO - 
================================================================================
DAG File Processing Stats

File Path                                PID    Runtime      # DAGs    # Errors  Last Runtime    Last Run
---------------------------------------  -----  ---------  --------  ----------  --------------  -------------------
/opt/airflow/dags/sakiga_ds_pipeline.py                           1           0  0.21s           2026-02-14T04:46:05
================================================================================
[2026-02-14T04:46:36.191+0000] {manager.py:879} INFO - 
================================================================================
DAG File Processing Stats

File Path                                PID    Runtime      # DAGs    # Errors  Last Runtime    Last Run
---------------------------------------  -----  ---------  --------  ----------  --------------  -------------------
/opt/airflow/dags/sakiga_ds_pipeline.py                           1           0  0.21s           2026-02-14T04:46:36
================================================================================
[2026-02-14T04:47:06.481+0000] {manager.py:879} INFO - 
================================================================================
DAG File Processing Stats

File Path                                PID    Runtime      # DAGs    # Errors  Last Runtime    Last Run
---------------------------------------  -----  ---------  --------  ----------  --------------  -------------------
/opt/airflow/dags/sakiga_ds_pipeline.py                           1           0  0.21s           2026-02-14T04:47:06
================================================================================
[2026-02-14T04:47:36.883+0000] {manager.py:879} INFO - 
================================================================================
DAG File Processing Stats

File Path                                PID    Runtime      # DAGs    # Errors  Last Runtime    Last Run
---------------------------------------  -----  ---------  --------  ----------  --------------  -------------------
/opt/airflow/dags/sakiga_ds_pipeline.py                           1           0  0.31s           2026-02-14T04:47:36
================================================================================
[2026-02-14T04:48:07.180+0000] {manager.py:879} INFO - 
================================================================================
DAG File Processing Stats

File Path                                PID    Runtime      # DAGs    # Errors  Last Runtime    Last Run
---------------------------------------  -----  ---------  --------  ----------  --------------  -------------------
/opt/airflow/dags/sakiga_ds_pipeline.py                           1           0  0.21s           2026-02-14T04:48:07
================================================================================
[2026-02-14T04:48:37.505+0000] {manager.py:879} INFO - 
================================================================================
DAG File Processing Stats

File Path                                PID    Runtime      # DAGs    # Errors  Last Runtime    Last Run
---------------------------------------  -----  ---------  --------  ----------  --------------  -------------------
/opt/airflow/dags/sakiga_ds_pipeline.py                           1           0  0.21s           2026-02-14T04:48:37
================================================================================
[2026-02-14T04:49:07.801+0000] {manager.py:879} INFO - 
================================================================================
DAG File Processing Stats

File Path                                PID    Runtime      # DAGs    # Errors  Last Runtime    Last Run
---------------------------------------  -----  ---------  --------  ----------  --------------  -------------------
/opt/airflow/dags/sakiga_ds_pipeline.py                           1           0  0.21s           2026-02-14T04:49:07
================================================================================
[2026-02-14T04:49:38.106+0000] {manager.py:879} INFO - 
================================================================================
DAG File Processing Stats

File Path                                PID    Runtime      # DAGs    # Errors  Last Runtime    Last Run
---------------------------------------  -----  ---------  --------  ----------  --------------  -------------------
/opt/airflow/dags/sakiga_ds_pipeline.py                           1           0  0.21s           2026-02-14T04:49:38
================================================================================
[2026-02-14T04:50:08.395+0000] {manager.py:879} INFO - 
================================================================================
DAG File Processing Stats

File Path                                PID    Runtime      # DAGs    # Errors  Last Runtime    Last Run
---------------------------------------  -----  ---------  --------  ----------  --------------  -------------------
/opt/airflow/dags/sakiga_ds_pipeline.py                           1           0  0.21s           2026-02-14T04:50:08
================================================================================
[2026-02-14T04:50:38.696+0000] {manager.py:879} INFO - 
================================================================================
DAG File Processing Stats

File Path                                PID    Runtime      # DAGs    # Errors  Last Runtime    Last Run
---------------------------------------  -----  ---------  --------  ----------  --------------  -------------------
/opt/airflow/dags/sakiga_ds_pipeline.py                           1           0  0.21s           2026-02-14T04:50:38
================================================================================
[2026-02-14T04:50:53.469+0000] {manager.py:738} INFO - Searching for files in /opt/airflow/dags
[2026-02-14T04:50:53.524+0000] {manager.py:741} INFO - There are 1 files in /opt/airflow/dags
[2026-02-14T04:51:09.007+0000] {manager.py:879} INFO - 
================================================================================
DAG File Processing Stats

File Path                                PID    Runtime      # DAGs    # Errors  Last Runtime    Last Run
---------------------------------------  -----  ---------  --------  ----------  --------------  -------------------
/opt/airflow/dags/sakiga_ds_pipeline.py                           1           0  0.21s           2026-02-14T04:51:09
================================================================================
[2026-02-14T04:51:39.309+0000] {manager.py:879} INFO - 
================================================================================
DAG File Processing Stats

File Path                                PID    Runtime      # DAGs    # Errors  Last Runtime    Last Run
---------------------------------------  -----  ---------  --------  ----------  --------------  -------------------
/opt/airflow/dags/sakiga_ds_pipeline.py                           1           0  0.21s           2026-02-14T04:51:39
================================================================================
[2026-02-14T04:52:09.635+0000] {manager.py:879} INFO - 
================================================================================
DAG File Processing Stats

File Path                                PID    Runtime      # DAGs    # Errors  Last Runtime    Last Run
---------------------------------------  -----  ---------  --------  ----------  --------------  -------------------
/opt/airflow/dags/sakiga_ds_pipeline.py                           1           0  0.21s           2026-02-14T04:52:09
================================================================================
[2026-02-14T04:52:39.937+0000] {manager.py:879} INFO - 
================================================================================
DAG File Processing Stats

File Path                                PID    Runtime      # DAGs    # Errors  Last Runtime    Last Run
---------------------------------------  -----  ---------  --------  ----------  --------------  -------------------
/opt/airflow/dags/sakiga_ds_pipeline.py                           1           0  0.21s           2026-02-14T04:52:39
================================================================================
[2026-02-14T04:53:10.225+0000] {manager.py:879} INFO - 
================================================================================
DAG File Processing Stats

File Path                                PID    Runtime      # DAGs    # Errors  Last Runtime    Last Run
---------------------------------------  -----  ---------  --------  ----------  --------------  -------------------
/opt/airflow/dags/sakiga_ds_pipeline.py                           1           0  0.21s           2026-02-14T04:53:10
================================================================================
[2026-02-14T04:53:40.564+0000] {manager.py:879} INFO - 
================================================================================
DAG File Processing Stats

File Path                                PID    Runtime      # DAGs    # Errors  Last Runtime    Last Run
---------------------------------------  -----  ---------  --------  ----------  --------------  -------------------
/opt/airflow/dags/sakiga_ds_pipeline.py                           1           0  0.21s           2026-02-14T04:53:40
================================================================================
[2026-02-14T04:54:10.850+0000] {manager.py:879} INFO - 
================================================================================
DAG File Processing Stats

File Path                                PID    Runtime      # DAGs    # Errors  Last Runtime    Last Run
---------------------------------------  -----  ---------  --------  ----------  --------------  -------------------
/opt/airflow/dags/sakiga_ds_pipeline.py                           1           0  0.21s           2026-02-14T04:54:10
================================================================================
[2026-02-14T04:54:41.188+0000] {manager.py:879} INFO - 
================================================================================
DAG File Processing Stats

File Path                                PID    Runtime      # DAGs    # Errors  Last Runtime    Last Run
---------------------------------------  -----  ---------  --------  ----------  --------------  -------------------
/opt/airflow/dags/sakiga_ds_pipeline.py                           1           0  0.21s           2026-02-14T04:54:41
================================================================================
[2026-02-14T04:55:11.507+0000] {manager.py:879} INFO - 
================================================================================
DAG File Processing Stats

File Path                                PID    Runtime      # DAGs    # Errors  Last Runtime    Last Run
---------------------------------------  -----  ---------  --------  ----------  --------------  -------------------
/opt/airflow/dags/sakiga_ds_pipeline.py                           1           0  0.21s           2026-02-14T04:55:11
================================================================================
[2026-02-14T04:55:41.838+0000] {manager.py:879} INFO - 
================================================================================
DAG File Processing Stats

File Path                                PID    Runtime      # DAGs    # Errors  Last Runtime    Last Run
---------------------------------------  -----  ---------  --------  ----------  --------------  -------------------
/opt/airflow/dags/sakiga_ds_pipeline.py                           1           0  0.21s           2026-02-14T04:55:41
================================================================================
[2026-02-14T04:55:53.893+0000] {manager.py:738} INFO - Searching for files in /opt/airflow/dags
[2026-02-14T04:55:53.918+0000] {manager.py:741} INFO - There are 1 files in /opt/airflow/dags
[2026-02-14T04:56:12.158+0000] {manager.py:879} INFO - 
================================================================================
DAG File Processing Stats

File Path                                PID    Runtime      # DAGs    # Errors  Last Runtime    Last Run
---------------------------------------  -----  ---------  --------  ----------  --------------  -------------------
/opt/airflow/dags/sakiga_ds_pipeline.py                           1           0  0.21s           2026-02-14T04:56:12
================================================================================
[2026-02-14T04:56:42.444+0000] {manager.py:879} INFO - 
================================================================================
DAG File Processing Stats

File Path                                PID    Runtime      # DAGs    # Errors  Last Runtime    Last Run
---------------------------------------  -----  ---------  --------  ----------  --------------  -------------------
/opt/airflow/dags/sakiga_ds_pipeline.py                           1           0  0.21s           2026-02-14T04:56:42
================================================================================
[2026-02-14T04:57:12.733+0000] {manager.py:879} INFO - 
================================================================================
DAG File Processing Stats

File Path                                PID    Runtime      # DAGs    # Errors  Last Runtime    Last Run
---------------------------------------  -----  ---------  --------  ----------  --------------  -------------------
/opt/airflow/dags/sakiga_ds_pipeline.py                           1           0  0.21s           2026-02-14T04:57:12
================================================================================
[2026-02-14T04:57:43.059+0000] {manager.py:879} INFO - 
================================================================================
DAG File Processing Stats

File Path                                PID    Runtime      # DAGs    # Errors  Last Runtime    Last Run
---------------------------------------  -----  ---------  --------  ----------  --------------  -------------------
/opt/airflow/dags/sakiga_ds_pipeline.py                           1           0  0.21s           2026-02-14T04:57:43
================================================================================
[2026-02-14T04:58:13.360+0000] {manager.py:879} INFO - 
================================================================================
DAG File Processing Stats

File Path                                PID    Runtime      # DAGs    # Errors  Last Runtime    Last Run
---------------------------------------  -----  ---------  --------  ----------  --------------  -------------------
/opt/airflow/dags/sakiga_ds_pipeline.py                           1           0  0.21s           2026-02-14T04:58:13
================================================================================
[2026-02-14T04:58:43.650+0000] {manager.py:879} INFO - 
================================================================================
DAG File Processing Stats

File Path                                PID    Runtime      # DAGs    # Errors  Last Runtime    Last Run
---------------------------------------  -----  ---------  --------  ----------  --------------  -------------------
/opt/airflow/dags/sakiga_ds_pipeline.py                           1           0  0.21s           2026-02-14T04:58:43
================================================================================
[2026-02-14T04:59:13.937+0000] {manager.py:879} INFO - 
================================================================================
DAG File Processing Stats

File Path                                PID    Runtime      # DAGs    # Errors  Last Runtime    Last Run
---------------------------------------  -----  ---------  --------  ----------  --------------  -------------------
/opt/airflow/dags/sakiga_ds_pipeline.py                           1           0  0.21s           2026-02-14T04:59:13
================================================================================
[2026-02-14T04:59:44.242+0000] {manager.py:879} INFO - 
================================================================================
DAG File Processing Stats

File Path                                PID    Runtime      # DAGs    # Errors  Last Runtime    Last Run
---------------------------------------  -----  ---------  --------  ----------  --------------  -------------------
/opt/airflow/dags/sakiga_ds_pipeline.py                           1           0  0.21s           2026-02-14T04:59:44
================================================================================
[2026-02-14T05:00:14.544+0000] {manager.py:879} INFO - 
================================================================================
DAG File Processing Stats

File Path                                PID    Runtime      # DAGs    # Errors  Last Runtime    Last Run
---------------------------------------  -----  ---------  --------  ----------  --------------  -------------------
/opt/airflow/dags/sakiga_ds_pipeline.py                           1           0  0.21s           2026-02-14T05:00:14
================================================================================
[2026-02-14T05:00:44.847+0000] {manager.py:879} INFO - 
================================================================================
DAG File Processing Stats

File Path                                PID    Runtime      # DAGs    # Errors  Last Runtime    Last Run
---------------------------------------  -----  ---------  --------  ----------  --------------  -------------------
/opt/airflow/dags/sakiga_ds_pipeline.py                           1           0  0.21s           2026-02-14T05:00:44
================================================================================
[2026-02-14T05:00:54.882+0000] {manager.py:738} INFO - Searching for files in /opt/airflow/dags
[2026-02-14T05:00:54.907+0000] {manager.py:741} INFO - There are 1 files in /opt/airflow/dags
[2026-02-14T05:01:15.162+0000] {manager.py:879} INFO - 
================================================================================
DAG File Processing Stats

File Path                                PID    Runtime      # DAGs    # Errors  Last Runtime    Last Run
---------------------------------------  -----  ---------  --------  ----------  --------------  -------------------
/opt/airflow/dags/sakiga_ds_pipeline.py                           1           0  0.21s           2026-02-14T05:01:15
================================================================================
[2026-02-14T05:01:45.481+0000] {manager.py:879} INFO - 
================================================================================
DAG File Processing Stats

File Path                                PID    Runtime      # DAGs    # Errors  Last Runtime    Last Run
---------------------------------------  -----  ---------  --------  ----------  --------------  -------------------
/opt/airflow/dags/sakiga_ds_pipeline.py                           1           0  0.21s           2026-02-14T05:01:45
================================================================================
[2026-02-14T05:02:15.775+0000] {manager.py:879} INFO - 
================================================================================
DAG File Processing Stats

File Path                                PID    Runtime      # DAGs    # Errors  Last Runtime    Last Run
---------------------------------------  -----  ---------  --------  ----------  --------------  -------------------
/opt/airflow/dags/sakiga_ds_pipeline.py                           1           0  0.21s           2026-02-14T05:02:15
================================================================================
[2026-02-14T05:02:46.086+0000] {manager.py:879} INFO - 
================================================================================
DAG File Processing Stats

File Path                                PID    Runtime      # DAGs    # Errors  Last Runtime    Last Run
---------------------------------------  -----  ---------  --------  ----------  --------------  -------------------
/opt/airflow/dags/sakiga_ds_pipeline.py                           1           0  0.21s           2026-02-14T05:02:46
================================================================================
[2026-02-14T05:03:16.404+0000] {manager.py:879} INFO - 
================================================================================
DAG File Processing Stats

File Path                                PID    Runtime      # DAGs    # Errors  Last Runtime    Last Run
---------------------------------------  -----  ---------  --------  ----------  --------------  -------------------
/opt/airflow/dags/sakiga_ds_pipeline.py                           1           0  0.21s           2026-02-14T05:03:16
================================================================================
[2026-02-14T05:03:46.711+0000] {manager.py:879} INFO - 
================================================================================
DAG File Processing Stats

File Path                                PID    Runtime      # DAGs    # Errors  Last Runtime    Last Run
---------------------------------------  -----  ---------  --------  ----------  --------------  -------------------
/opt/airflow/dags/sakiga_ds_pipeline.py                           1           0  0.21s           2026-02-14T05:03:46
================================================================================
[2026-02-14T05:04:17.023+0000] {manager.py:879} INFO - 
================================================================================
DAG File Processing Stats

File Path                                PID    Runtime      # DAGs    # Errors  Last Runtime    Last Run
---------------------------------------  -----  ---------  --------  ----------  --------------  -------------------
/opt/airflow/dags/sakiga_ds_pipeline.py                           1           0  0.21s           2026-02-14T05:04:17
================================================================================
[2026-02-14T05:04:47.350+0000] {manager.py:879} INFO - 
================================================================================
DAG File Processing Stats

File Path                                PID    Runtime      # DAGs    # Errors  Last Runtime    Last Run
---------------------------------------  -----  ---------  --------  ----------  --------------  -------------------
/opt/airflow/dags/sakiga_ds_pipeline.py                           1           0  0.21s           2026-02-14T05:04:47
================================================================================
[2026-02-14T05:05:17.651+0000] {manager.py:879} INFO - 
================================================================================
DAG File Processing Stats

File Path                                PID    Runtime      # DAGs    # Errors  Last Runtime    Last Run
---------------------------------------  -----  ---------  --------  ----------  --------------  -------------------
/opt/airflow/dags/sakiga_ds_pipeline.py                           1           0  0.21s           2026-02-14T05:05:17
================================================================================
[2026-02-14T05:05:47.946+0000] {manager.py:879} INFO - 
================================================================================
DAG File Processing Stats

File Path                                PID    Runtime      # DAGs    # Errors  Last Runtime    Last Run
---------------------------------------  -----  ---------  --------  ----------  --------------  -------------------
/opt/airflow/dags/sakiga_ds_pipeline.py                           1           0  0.21s           2026-02-14T05:05:47
================================================================================
[2026-02-14T05:05:55.030+0000] {manager.py:738} INFO - Searching for files in /opt/airflow/dags
[2026-02-14T05:05:55.057+0000] {manager.py:741} INFO - There are 1 files in /opt/airflow/dags
[2026-02-14T05:06:18.238+0000] {manager.py:879} INFO - 
================================================================================
DAG File Processing Stats

File Path                                PID    Runtime      # DAGs    # Errors  Last Runtime    Last Run
---------------------------------------  -----  ---------  --------  ----------  --------------  -------------------
/opt/airflow/dags/sakiga_ds_pipeline.py                           1           0  0.21s           2026-02-14T05:06:18
================================================================================
[2026-02-14T05:06:48.549+0000] {manager.py:879} INFO - 
================================================================================
DAG File Processing Stats

File Path                                PID    Runtime      # DAGs    # Errors  Last Runtime    Last Run
---------------------------------------  -----  ---------  --------  ----------  --------------  -------------------
/opt/airflow/dags/sakiga_ds_pipeline.py                           1           0  0.21s           2026-02-14T05:06:48
================================================================================
[2026-02-14T05:07:18.839+0000] {manager.py:879} INFO - 
================================================================================
DAG File Processing Stats

File Path                                PID    Runtime      # DAGs    # Errors  Last Runtime    Last Run
---------------------------------------  -----  ---------  --------  ----------  --------------  -------------------
/opt/airflow/dags/sakiga_ds_pipeline.py                           1           0  0.21s           2026-02-14T05:07:18
================================================================================
[2026-02-14T05:07:49.131+0000] {manager.py:879} INFO - 
================================================================================
DAG File Processing Stats

File Path                                PID    Runtime      # DAGs    # Errors  Last Runtime    Last Run
---------------------------------------  -----  ---------  --------  ----------  --------------  -------------------
/opt/airflow/dags/sakiga_ds_pipeline.py                           1           0  0.21s           2026-02-14T05:07:49
================================================================================
[2026-02-14T05:08:19.437+0000] {manager.py:879} INFO - 
================================================================================
DAG File Processing Stats

File Path                                PID    Runtime      # DAGs    # Errors  Last Runtime    Last Run
---------------------------------------  -----  ---------  --------  ----------  --------------  -------------------
/opt/airflow/dags/sakiga_ds_pipeline.py                           1           0  0.21s           2026-02-14T05:08:19
================================================================================
[2026-02-14T05:08:49.725+0000] {manager.py:879} INFO - 
================================================================================
DAG File Processing Stats

File Path                                PID    Runtime      # DAGs    # Errors  Last Runtime    Last Run
---------------------------------------  -----  ---------  --------  ----------  --------------  -------------------
/opt/airflow/dags/sakiga_ds_pipeline.py                           1           0  0.21s           2026-02-14T05:08:49
================================================================================
[2026-02-14T05:09:20.054+0000] {manager.py:879} INFO - 
================================================================================
DAG File Processing Stats

File Path                                PID    Runtime      # DAGs    # Errors  Last Runtime    Last Run
---------------------------------------  -----  ---------  --------  ----------  --------------  -------------------
/opt/airflow/dags/sakiga_ds_pipeline.py                           1           0  0.21s           2026-02-14T05:09:20
================================================================================
[2026-02-14T05:09:50.370+0000] {manager.py:879} INFO - 
================================================================================
DAG File Processing Stats

File Path                                PID    Runtime      # DAGs    # Errors  Last Runtime    Last Run
---------------------------------------  -----  ---------  --------  ----------  --------------  -------------------
/opt/airflow/dags/sakiga_ds_pipeline.py                           1           0  0.21s           2026-02-14T05:09:50
================================================================================
[2026-02-14T05:10:20.771+0000] {manager.py:879} INFO - 
================================================================================
DAG File Processing Stats

File Path                                PID    Runtime      # DAGs    # Errors  Last Runtime    Last Run
---------------------------------------  -----  ---------  --------  ----------  --------------  -------------------
/opt/airflow/dags/sakiga_ds_pipeline.py                           1           0  0.31s           2026-02-14T05:10:20
================================================================================
[2026-02-14T05:10:51.101+0000] {manager.py:879} INFO - 
================================================================================
DAG File Processing Stats

File Path                                PID    Runtime      # DAGs    # Errors  Last Runtime    Last Run
---------------------------------------  -----  ---------  --------  ----------  --------------  -------------------
/opt/airflow/dags/sakiga_ds_pipeline.py                           1           0  0.21s           2026-02-14T05:10:51
================================================================================
[2026-02-14T05:10:55.258+0000] {manager.py:738} INFO - Searching for files in /opt/airflow/dags
[2026-02-14T05:10:55.282+0000] {manager.py:741} INFO - There are 1 files in /opt/airflow/dags
[2026-02-14T05:11:21.417+0000] {manager.py:879} INFO - 
================================================================================
DAG File Processing Stats

File Path                                PID    Runtime      # DAGs    # Errors  Last Runtime    Last Run
---------------------------------------  -----  ---------  --------  ----------  --------------  -------------------
/opt/airflow/dags/sakiga_ds_pipeline.py                           1           0  0.21s           2026-02-14T05:11:21
================================================================================
[2026-02-14T05:11:51.706+0000] {manager.py:879} INFO - 
================================================================================
DAG File Processing Stats

File Path                                PID    Runtime      # DAGs    # Errors  Last Runtime    Last Run
---------------------------------------  -----  ---------  --------  ----------  --------------  -------------------
/opt/airflow/dags/sakiga_ds_pipeline.py                           1           0  0.21s           2026-02-14T05:11:51
================================================================================
[2026-02-14T05:12:22.000+0000] {manager.py:879} INFO - 
================================================================================
DAG File Processing Stats

File Path                                PID    Runtime      # DAGs    # Errors  Last Runtime    Last Run
---------------------------------------  -----  ---------  --------  ----------  --------------  -------------------
/opt/airflow/dags/sakiga_ds_pipeline.py                           1           0  0.21s           2026-02-14T05:12:21
================================================================================
[2026-02-14T05:12:52.335+0000] {manager.py:879} INFO - 
================================================================================
DAG File Processing Stats

File Path                                PID    Runtime      # DAGs    # Errors  Last Runtime    Last Run
---------------------------------------  -----  ---------  --------  ----------  --------------  -------------------
/opt/airflow/dags/sakiga_ds_pipeline.py                           1           0  0.21s           2026-02-14T05:12:52
================================================================================
[2026-02-14T05:13:22.642+0000] {manager.py:879} INFO - 
================================================================================
DAG File Processing Stats

File Path                                PID    Runtime      # DAGs    # Errors  Last Runtime    Last Run
---------------------------------------  -----  ---------  --------  ----------  --------------  -------------------
/opt/airflow/dags/sakiga_ds_pipeline.py                           1           0  0.21s           2026-02-14T05:13:22
================================================================================
[2026-02-14T05:13:52.955+0000] {manager.py:879} INFO - 
================================================================================
DAG File Processing Stats

File Path                                PID    Runtime      # DAGs    # Errors  Last Runtime    Last Run
---------------------------------------  -----  ---------  --------  ----------  --------------  -------------------
/opt/airflow/dags/sakiga_ds_pipeline.py                           1           0  0.21s           2026-02-14T05:13:52
================================================================================
[2026-02-14T05:14:23.246+0000] {manager.py:879} INFO - 
================================================================================
DAG File Processing Stats

File Path                                PID    Runtime      # DAGs    # Errors  Last Runtime    Last Run
---------------------------------------  -----  ---------  --------  ----------  --------------  -------------------
/opt/airflow/dags/sakiga_ds_pipeline.py                           1           0  0.21s           2026-02-14T05:14:23
================================================================================
[2026-02-14T05:14:53.544+0000] {manager.py:879} INFO - 
================================================================================
DAG File Processing Stats

File Path                                PID    Runtime      # DAGs    # Errors  Last Runtime    Last Run
---------------------------------------  -----  ---------  --------  ----------  --------------  -------------------
/opt/airflow/dags/sakiga_ds_pipeline.py                           1           0  0.21s           2026-02-14T05:14:53
================================================================================
[2026-02-14T05:15:23.809+0000] {manager.py:879} INFO - 
================================================================================
DAG File Processing Stats

File Path                                PID    Runtime      # DAGs    # Errors  Last Runtime    Last Run
---------------------------------------  -----  ---------  --------  ----------  --------------  -------------------
/opt/airflow/dags/sakiga_ds_pipeline.py                           1           0  0.21s           2026-02-14T05:15:23
================================================================================
[2026-02-14T05:15:54.105+0000] {manager.py:879} INFO - 
================================================================================
DAG File Processing Stats

File Path                                PID    Runtime      # DAGs    # Errors  Last Runtime    Last Run
---------------------------------------  -----  ---------  --------  ----------  --------------  -------------------
/opt/airflow/dags/sakiga_ds_pipeline.py                           1           0  0.21s           2026-02-14T05:15:54
================================================================================
[2026-02-14T05:15:56.181+0000] {manager.py:738} INFO - Searching for files in /opt/airflow/dags
[2026-02-14T05:15:56.204+0000] {manager.py:741} INFO - There are 1 files in /opt/airflow/dags
[2026-02-14T05:16:24.391+0000] {manager.py:879} INFO - 
================================================================================
DAG File Processing Stats

File Path                                PID    Runtime      # DAGs    # Errors  Last Runtime    Last Run
---------------------------------------  -----  ---------  --------  ----------  --------------  -------------------
/opt/airflow/dags/sakiga_ds_pipeline.py                           1           0  0.21s           2026-02-14T05:16:24
================================================================================
[2026-02-14T05:16:54.686+0000] {manager.py:879} INFO - 
================================================================================
DAG File Processing Stats

File Path                                PID    Runtime      # DAGs    # Errors  Last Runtime    Last Run
---------------------------------------  -----  ---------  --------  ----------  --------------  -------------------
/opt/airflow/dags/sakiga_ds_pipeline.py                           1           0  0.21s           2026-02-14T05:16:54
================================================================================
[2026-02-14T05:17:24.990+0000] {manager.py:879} INFO - 
================================================================================
DAG File Processing Stats

File Path                                PID    Runtime      # DAGs    # Errors  Last Runtime    Last Run
---------------------------------------  -----  ---------  --------  ----------  --------------  -------------------
/opt/airflow/dags/sakiga_ds_pipeline.py                           1           0  0.21s           2026-02-14T05:17:24
================================================================================
[2026-02-14T05:17:55.415+0000] {manager.py:879} INFO - 
================================================================================
DAG File Processing Stats

File Path                                PID    Runtime      # DAGs    # Errors  Last Runtime    Last Run
---------------------------------------  -----  ---------  --------  ----------  --------------  -------------------
/opt/airflow/dags/sakiga_ds_pipeline.py                           1           0  0.31s           2026-02-14T05:17:55
================================================================================
[2026-02-14T05:18:25.712+0000] {manager.py:879} INFO - 
================================================================================
DAG File Processing Stats

File Path                                PID    Runtime      # DAGs    # Errors  Last Runtime    Last Run
---------------------------------------  -----  ---------  --------  ----------  --------------  -------------------
/opt/airflow/dags/sakiga_ds_pipeline.py                           1           0  0.21s           2026-02-14T05:18:25
================================================================================
[2026-02-14T05:18:56.050+0000] {manager.py:879} INFO - 
================================================================================
DAG File Processing Stats

File Path                                PID    Runtime      # DAGs    # Errors  Last Runtime    Last Run
---------------------------------------  -----  ---------  --------  ----------  --------------  -------------------
/opt/airflow/dags/sakiga_ds_pipeline.py                           1           0  0.21s           2026-02-14T05:18:56
================================================================================
[2026-02-14T05:19:26.339+0000] {manager.py:879} INFO - 
================================================================================
DAG File Processing Stats

File Path                                PID    Runtime      # DAGs    # Errors  Last Runtime    Last Run
---------------------------------------  -----  ---------  --------  ----------  --------------  -------------------
/opt/airflow/dags/sakiga_ds_pipeline.py                           1           0  0.21s           2026-02-14T05:19:26
================================================================================
[2026-02-14T05:19:56.646+0000] {manager.py:879} INFO - 
================================================================================
DAG File Processing Stats

File Path                                PID    Runtime      # DAGs    # Errors  Last Runtime    Last Run
---------------------------------------  -----  ---------  --------  ----------  --------------  -------------------
/opt/airflow/dags/sakiga_ds_pipeline.py                           1           0  0.21s           2026-02-14T05:19:56
================================================================================
[2026-02-14T05:20:26.961+0000] {manager.py:879} INFO - 
================================================================================
DAG File Processing Stats

File Path                                PID    Runtime      # DAGs    # Errors  Last Runtime    Last Run
---------------------------------------  -----  ---------  --------  ----------  --------------  -------------------
/opt/airflow/dags/sakiga_ds_pipeline.py                           1           0  0.21s           2026-02-14T05:20:26
================================================================================
[2026-02-14T05:20:56.284+0000] {manager.py:738} INFO - Searching for files in /opt/airflow/dags
[2026-02-14T05:20:56.325+0000] {manager.py:741} INFO - There are 1 files in /opt/airflow/dags
[2026-02-14T05:20:57.253+0000] {manager.py:879} INFO - 
================================================================================
DAG File Processing Stats

File Path                                PID    Runtime      # DAGs    # Errors  Last Runtime    Last Run
---------------------------------------  -----  ---------  --------  ----------  --------------  -------------------
/opt/airflow/dags/sakiga_ds_pipeline.py                           1           0  0.21s           2026-02-14T05:20:57
================================================================================
[2026-02-14T05:21:27.534+0000] {manager.py:879} INFO - 
================================================================================
DAG File Processing Stats

File Path                                PID    Runtime      # DAGs    # Errors  Last Runtime    Last Run
---------------------------------------  -----  ---------  --------  ----------  --------------  -------------------
/opt/airflow/dags/sakiga_ds_pipeline.py                           1           0  0.21s           2026-02-14T05:21:27
================================================================================
[2026-02-14T05:21:57.846+0000] {manager.py:879} INFO - 
================================================================================
DAG File Processing Stats

File Path                                PID    Runtime      # DAGs    # Errors  Last Runtime    Last Run
---------------------------------------  -----  ---------  --------  ----------  --------------  -------------------
/opt/airflow/dags/sakiga_ds_pipeline.py                           1           0  0.21s           2026-02-14T05:21:57
================================================================================
[2026-02-14T05:22:28.147+0000] {manager.py:879} INFO - 
================================================================================
DAG File Processing Stats

File Path                                PID    Runtime      # DAGs    # Errors  Last Runtime    Last Run
---------------------------------------  -----  ---------  --------  ----------  --------------  -------------------
/opt/airflow/dags/sakiga_ds_pipeline.py                           1           0  0.21s           2026-02-14T05:22:28
================================================================================
[2026-02-14T05:22:58.447+0000] {manager.py:879} INFO - 
================================================================================
DAG File Processing Stats

File Path                                PID    Runtime      # DAGs    # Errors  Last Runtime    Last Run
---------------------------------------  -----  ---------  --------  ----------  --------------  -------------------
/opt/airflow/dags/sakiga_ds_pipeline.py                           1           0  0.21s           2026-02-14T05:22:58
================================================================================
[2026-02-14T05:23:28.826+0000] {manager.py:879} INFO - 
================================================================================
DAG File Processing Stats

File Path                                PID    Runtime      # DAGs    # Errors  Last Runtime    Last Run
---------------------------------------  -----  ---------  --------  ----------  --------------  -------------------
/opt/airflow/dags/sakiga_ds_pipeline.py                           1           0  0.24s           2026-02-14T05:23:28
================================================================================
[2026-02-14T05:23:59.148+0000] {manager.py:879} INFO - 
================================================================================
DAG File Processing Stats

File Path                                PID    Runtime      # DAGs    # Errors  Last Runtime    Last Run
---------------------------------------  -----  ---------  --------  ----------  --------------  -------------------
/opt/airflow/dags/sakiga_ds_pipeline.py                           1           0  0.21s           2026-02-14T05:23:59
================================================================================
[2026-02-14T05:24:29.439+0000] {manager.py:879} INFO - 
================================================================================
DAG File Processing Stats

File Path                                PID    Runtime      # DAGs    # Errors  Last Runtime    Last Run
---------------------------------------  -----  ---------  --------  ----------  --------------  -------------------
/opt/airflow/dags/sakiga_ds_pipeline.py                           1           0  0.21s           2026-02-14T05:24:29
================================================================================
[2026-02-14T05:24:59.775+0000] {manager.py:879} INFO - 
================================================================================
DAG File Processing Stats

File Path                                PID    Runtime      # DAGs    # Errors  Last Runtime    Last Run
---------------------------------------  -----  ---------  --------  ----------  --------------  -------------------
/opt/airflow/dags/sakiga_ds_pipeline.py                           1           0  0.21s           2026-02-14T05:24:59
================================================================================
[2026-02-14T05:25:30.093+0000] {manager.py:879} INFO - 
================================================================================
DAG File Processing Stats

File Path                                PID    Runtime      # DAGs    # Errors  Last Runtime    Last Run
---------------------------------------  -----  ---------  --------  ----------  --------------  -------------------
/opt/airflow/dags/sakiga_ds_pipeline.py                           1           0  0.21s           2026-02-14T05:25:30
================================================================================
[2026-02-14T05:25:57.318+0000] {manager.py:738} INFO - Searching for files in /opt/airflow/dags
[2026-02-14T05:25:57.369+0000] {manager.py:741} INFO - There are 1 files in /opt/airflow/dags
[2026-02-14T05:26:00.399+0000] {manager.py:879} INFO - 
================================================================================
DAG File Processing Stats

File Path                                PID    Runtime      # DAGs    # Errors  Last Runtime    Last Run
---------------------------------------  -----  ---------  --------  ----------  --------------  -------------------
/opt/airflow/dags/sakiga_ds_pipeline.py                           1           0  0.21s           2026-02-14T05:26:00
================================================================================
[2026-02-14T05:26:30.690+0000] {manager.py:879} INFO - 
================================================================================
DAG File Processing Stats

File Path                                PID    Runtime      # DAGs    # Errors  Last Runtime    Last Run
---------------------------------------  -----  ---------  --------  ----------  --------------  -------------------
/opt/airflow/dags/sakiga_ds_pipeline.py                           1           0  0.21s           2026-02-14T05:26:30
================================================================================
[2026-02-14T05:27:00.990+0000] {manager.py:879} INFO - 
================================================================================
DAG File Processing Stats

File Path                                PID    Runtime      # DAGs    # Errors  Last Runtime    Last Run
---------------------------------------  -----  ---------  --------  ----------  --------------  -------------------
/opt/airflow/dags/sakiga_ds_pipeline.py                           1           0  0.21s           2026-02-14T05:27:00
================================================================================
[2026-02-14T05:27:31.300+0000] {manager.py:879} INFO - 
================================================================================
DAG File Processing Stats

File Path                                PID    Runtime      # DAGs    # Errors  Last Runtime    Last Run
---------------------------------------  -----  ---------  --------  ----------  --------------  -------------------
/opt/airflow/dags/sakiga_ds_pipeline.py                           1           0  0.21s           2026-02-14T05:27:31
================================================================================
[2026-02-14T05:28:01.591+0000] {manager.py:879} INFO - 
================================================================================
DAG File Processing Stats

File Path                                PID    Runtime      # DAGs    # Errors  Last Runtime    Last Run
---------------------------------------  -----  ---------  --------  ----------  --------------  -------------------
/opt/airflow/dags/sakiga_ds_pipeline.py                           1           0  0.21s           2026-02-14T05:28:01
================================================================================
[2026-02-14T05:28:31.896+0000] {manager.py:879} INFO - 
================================================================================
DAG File Processing Stats

File Path                                PID    Runtime      # DAGs    # Errors  Last Runtime    Last Run
---------------------------------------  -----  ---------  --------  ----------  --------------  -------------------
/opt/airflow/dags/sakiga_ds_pipeline.py                           1           0  0.22s           2026-02-14T05:28:31
================================================================================
[2026-02-14T05:29:02.199+0000] {manager.py:879} INFO - 
================================================================================
DAG File Processing Stats

File Path                                PID    Runtime      # DAGs    # Errors  Last Runtime    Last Run
---------------------------------------  -----  ---------  --------  ----------  --------------  -------------------
/opt/airflow/dags/sakiga_ds_pipeline.py                           1           0  0.21s           2026-02-14T05:29:02
================================================================================
[2026-02-14T05:29:32.534+0000] {manager.py:879} INFO - 
================================================================================
DAG File Processing Stats

File Path                                PID    Runtime      # DAGs    # Errors  Last Runtime    Last Run
---------------------------------------  -----  ---------  --------  ----------  --------------  -------------------
/opt/airflow/dags/sakiga_ds_pipeline.py                           1           0  0.21s           2026-02-14T05:29:32
================================================================================
[2026-02-14T05:30:02.834+0000] {manager.py:879} INFO - 
================================================================================
DAG File Processing Stats

File Path                                PID    Runtime      # DAGs    # Errors  Last Runtime    Last Run
---------------------------------------  -----  ---------  --------  ----------  --------------  -------------------
/opt/airflow/dags/sakiga_ds_pipeline.py                           1           0  0.21s           2026-02-14T05:30:02
================================================================================
[2026-02-14T05:30:33.155+0000] {manager.py:879} INFO - 
================================================================================
DAG File Processing Stats

File Path                                PID    Runtime      # DAGs    # Errors  Last Runtime    Last Run
---------------------------------------  -----  ---------  --------  ----------  --------------  -------------------
/opt/airflow/dags/sakiga_ds_pipeline.py                           1           0  0.21s           2026-02-14T05:30:33
================================================================================
[2026-02-14T05:30:57.391+0000] {manager.py:738} INFO - Searching for files in /opt/airflow/dags
[2026-02-14T05:30:57.436+0000] {manager.py:741} INFO - There are 1 files in /opt/airflow/dags
[2026-02-14T05:31:03.474+0000] {manager.py:879} INFO - 
================================================================================
DAG File Processing Stats

File Path                                PID    Runtime      # DAGs    # Errors  Last Runtime    Last Run
---------------------------------------  -----  ---------  --------  ----------  --------------  -------------------
/opt/airflow/dags/sakiga_ds_pipeline.py                           1           0  0.21s           2026-02-14T05:31:03
================================================================================
[2026-02-14T05:31:33.773+0000] {manager.py:879} INFO - 
================================================================================
DAG File Processing Stats

File Path                                PID    Runtime      # DAGs    # Errors  Last Runtime    Last Run
---------------------------------------  -----  ---------  --------  ----------  --------------  -------------------
/opt/airflow/dags/sakiga_ds_pipeline.py                           1           0  0.21s           2026-02-14T05:31:33
================================================================================
[2026-02-14T05:32:04.069+0000] {manager.py:879} INFO - 
================================================================================
DAG File Processing Stats

File Path                                PID    Runtime      # DAGs    # Errors  Last Runtime    Last Run
---------------------------------------  -----  ---------  --------  ----------  --------------  -------------------
/opt/airflow/dags/sakiga_ds_pipeline.py                           1           0  0.21s           2026-02-14T05:32:04
================================================================================
[2026-02-14T05:32:34.356+0000] {manager.py:879} INFO - 
================================================================================
DAG File Processing Stats

File Path                                PID    Runtime      # DAGs    # Errors  Last Runtime    Last Run
---------------------------------------  -----  ---------  --------  ----------  --------------  -------------------
/opt/airflow/dags/sakiga_ds_pipeline.py                           1           0  0.21s           2026-02-14T05:32:34
================================================================================
[2026-02-14T05:33:04.653+0000] {manager.py:879} INFO - 
================================================================================
DAG File Processing Stats

File Path                                PID    Runtime      # DAGs    # Errors  Last Runtime    Last Run
---------------------------------------  -----  ---------  --------  ----------  --------------  -------------------
/opt/airflow/dags/sakiga_ds_pipeline.py                           1           0  0.21s           2026-02-14T05:33:04
================================================================================
[2026-02-14T05:33:34.938+0000] {manager.py:879} INFO - 
================================================================================
DAG File Processing Stats

File Path                                PID    Runtime      # DAGs    # Errors  Last Runtime    Last Run
---------------------------------------  -----  ---------  --------  ----------  --------------  -------------------
/opt/airflow/dags/sakiga_ds_pipeline.py                           1           0  0.21s           2026-02-14T05:33:34
================================================================================
[2026-02-14T05:34:05.240+0000] {manager.py:879} INFO - 
================================================================================
DAG File Processing Stats

File Path                                PID    Runtime      # DAGs    # Errors  Last Runtime    Last Run
---------------------------------------  -----  ---------  --------  ----------  --------------  -------------------
/opt/airflow/dags/sakiga_ds_pipeline.py                           1           0  0.21s           2026-02-14T05:34:05
================================================================================
[2026-02-14T05:34:35.558+0000] {manager.py:879} INFO - 
================================================================================
DAG File Processing Stats

File Path                                PID    Runtime      # DAGs    # Errors  Last Runtime    Last Run
---------------------------------------  -----  ---------  --------  ----------  --------------  -------------------
/opt/airflow/dags/sakiga_ds_pipeline.py                           1           0  0.21s           2026-02-14T05:34:35
================================================================================
[2026-02-14T05:35:05.851+0000] {manager.py:879} INFO - 
================================================================================
DAG File Processing Stats

File Path                                PID    Runtime      # DAGs    # Errors  Last Runtime    Last Run
---------------------------------------  -----  ---------  --------  ----------  --------------  -------------------
/opt/airflow/dags/sakiga_ds_pipeline.py                           1           0  0.21s           2026-02-14T05:35:05
================================================================================
[2026-02-14T05:35:36.141+0000] {manager.py:879} INFO - 
================================================================================
DAG File Processing Stats

File Path                                PID    Runtime      # DAGs    # Errors  Last Runtime    Last Run
---------------------------------------  -----  ---------  --------  ----------  --------------  -------------------
/opt/airflow/dags/sakiga_ds_pipeline.py                           1           0  0.21s           2026-02-14T05:35:36
================================================================================
[2026-02-14T05:35:57.405+0000] {manager.py:738} INFO - Searching for files in /opt/airflow/dags
[2026-02-14T05:35:57.447+0000] {manager.py:741} INFO - There are 1 files in /opt/airflow/dags
[2026-02-14T05:36:06.439+0000] {manager.py:879} INFO - 
================================================================================
DAG File Processing Stats

File Path                                PID    Runtime      # DAGs    # Errors  Last Runtime    Last Run
---------------------------------------  -----  ---------  --------  ----------  --------------  -------------------
/opt/airflow/dags/sakiga_ds_pipeline.py                           1           0  0.21s           2026-02-14T05:36:06
================================================================================
[2026-02-14T05:36:36.736+0000] {manager.py:879} INFO - 
================================================================================
DAG File Processing Stats

File Path                                PID    Runtime      # DAGs    # Errors  Last Runtime    Last Run
---------------------------------------  -----  ---------  --------  ----------  --------------  -------------------
/opt/airflow/dags/sakiga_ds_pipeline.py                           1           0  0.21s           2026-02-14T05:36:36
================================================================================
[2026-02-14T05:37:07.038+0000] {manager.py:879} INFO - 
================================================================================
DAG File Processing Stats

File Path                                PID    Runtime      # DAGs    # Errors  Last Runtime    Last Run
---------------------------------------  -----  ---------  --------  ----------  --------------  -------------------
/opt/airflow/dags/sakiga_ds_pipeline.py                           1           0  0.21s           2026-02-14T05:37:07
================================================================================
[2026-02-14T05:37:37.340+0000] {manager.py:879} INFO - 
================================================================================
DAG File Processing Stats

File Path                                PID    Runtime      # DAGs    # Errors  Last Runtime    Last Run
---------------------------------------  -----  ---------  --------  ----------  --------------  -------------------
/opt/airflow/dags/sakiga_ds_pipeline.py                           1           0  0.21s           2026-02-14T05:37:37
================================================================================
[2026-02-14T05:38:07.635+0000] {manager.py:879} INFO - 
================================================================================
DAG File Processing Stats

File Path                                PID    Runtime      # DAGs    # Errors  Last Runtime    Last Run
---------------------------------------  -----  ---------  --------  ----------  --------------  -------------------
/opt/airflow/dags/sakiga_ds_pipeline.py                           1           0  0.21s           2026-02-14T05:38:07
================================================================================
[2026-02-14T05:38:37.957+0000] {manager.py:879} INFO - 
================================================================================
DAG File Processing Stats

File Path                                PID    Runtime      # DAGs    # Errors  Last Runtime    Last Run
---------------------------------------  -----  ---------  --------  ----------  --------------  -------------------
/opt/airflow/dags/sakiga_ds_pipeline.py                           1           0  0.21s           2026-02-14T05:38:37
================================================================================
[2026-02-14T05:39:08.251+0000] {manager.py:879} INFO - 
================================================================================
DAG File Processing Stats

File Path                                PID    Runtime      # DAGs    # Errors  Last Runtime    Last Run
---------------------------------------  -----  ---------  --------  ----------  --------------  -------------------
/opt/airflow/dags/sakiga_ds_pipeline.py                           1           0  0.21s           2026-02-14T05:39:08
================================================================================
[2026-02-14T05:39:38.548+0000] {manager.py:879} INFO - 
================================================================================
DAG File Processing Stats

File Path                                PID    Runtime      # DAGs    # Errors  Last Runtime    Last Run
---------------------------------------  -----  ---------  --------  ----------  --------------  -------------------
/opt/airflow/dags/sakiga_ds_pipeline.py                           1           0  0.21s           2026-02-14T05:39:38
================================================================================
[2026-02-14T05:40:08.862+0000] {manager.py:879} INFO - 
================================================================================
DAG File Processing Stats

File Path                                PID    Runtime      # DAGs    # Errors  Last Runtime    Last Run
---------------------------------------  -----  ---------  --------  ----------  --------------  -------------------
/opt/airflow/dags/sakiga_ds_pipeline.py                           1           0  0.22s           2026-02-14T05:40:08
================================================================================
[2026-02-14T05:40:39.149+0000] {manager.py:879} INFO - 
================================================================================
DAG File Processing Stats

File Path                                PID    Runtime      # DAGs    # Errors  Last Runtime    Last Run
---------------------------------------  -----  ---------  --------  ----------  --------------  -------------------
/opt/airflow/dags/sakiga_ds_pipeline.py                           1           0  0.21s           2026-02-14T05:40:39
================================================================================
[2026-02-14T05:40:57.809+0000] {manager.py:738} INFO - Searching for files in /opt/airflow/dags
[2026-02-14T05:40:57.852+0000] {manager.py:741} INFO - There are 1 files in /opt/airflow/dags
[2026-02-14T05:41:09.438+0000] {manager.py:879} INFO - 
================================================================================
DAG File Processing Stats

File Path                                PID    Runtime      # DAGs    # Errors  Last Runtime    Last Run
---------------------------------------  -----  ---------  --------  ----------  --------------  -------------------
/opt/airflow/dags/sakiga_ds_pipeline.py                           1           0  0.21s           2026-02-14T05:41:09
================================================================================
[2026-02-14T05:41:39.764+0000] {manager.py:879} INFO - 
================================================================================
DAG File Processing Stats

File Path                                PID    Runtime      # DAGs    # Errors  Last Runtime    Last Run
---------------------------------------  -----  ---------  --------  ----------  --------------  -------------------
/opt/airflow/dags/sakiga_ds_pipeline.py                           1           0  0.21s           2026-02-14T05:41:39
================================================================================
[2026-02-14T05:42:10.074+0000] {manager.py:879} INFO - 
================================================================================
DAG File Processing Stats

File Path                                PID    Runtime      # DAGs    # Errors  Last Runtime    Last Run
---------------------------------------  -----  ---------  --------  ----------  --------------  -------------------
/opt/airflow/dags/sakiga_ds_pipeline.py                           1           0  0.21s           2026-02-14T05:42:10
================================================================================
[2026-02-14T05:42:40.395+0000] {manager.py:879} INFO - 
================================================================================
DAG File Processing Stats

File Path                                PID    Runtime      # DAGs    # Errors  Last Runtime    Last Run
---------------------------------------  -----  ---------  --------  ----------  --------------  -------------------
/opt/airflow/dags/sakiga_ds_pipeline.py                           1           0  0.21s           2026-02-14T05:42:40
================================================================================
[2026-02-14T05:43:10.706+0000] {manager.py:879} INFO - 
================================================================================
DAG File Processing Stats

File Path                                PID    Runtime      # DAGs    # Errors  Last Runtime    Last Run
---------------------------------------  -----  ---------  --------  ----------  --------------  -------------------
/opt/airflow/dags/sakiga_ds_pipeline.py                           1           0  0.21s           2026-02-14T05:43:10
================================================================================
[2026-02-14T05:43:41.036+0000] {manager.py:879} INFO - 
================================================================================
DAG File Processing Stats

File Path                                PID    Runtime      # DAGs    # Errors  Last Runtime    Last Run
---------------------------------------  -----  ---------  --------  ----------  --------------  -------------------
/opt/airflow/dags/sakiga_ds_pipeline.py                           1           0  0.21s           2026-02-14T05:43:41
================================================================================
[2026-02-14T05:44:11.346+0000] {manager.py:879} INFO - 
================================================================================
DAG File Processing Stats

File Path                                PID    Runtime      # DAGs    # Errors  Last Runtime    Last Run
---------------------------------------  -----  ---------  --------  ----------  --------------  -------------------
/opt/airflow/dags/sakiga_ds_pipeline.py                           1           0  0.21s           2026-02-14T05:44:11
================================================================================
[2026-02-14T05:44:41.637+0000] {manager.py:879} INFO - 
================================================================================
DAG File Processing Stats

File Path                                PID    Runtime      # DAGs    # Errors  Last Runtime    Last Run
---------------------------------------  -----  ---------  --------  ----------  --------------  -------------------
/opt/airflow/dags/sakiga_ds_pipeline.py                           1           0  0.21s           2026-02-14T05:44:41
================================================================================
[2026-02-14T05:45:11.947+0000] {manager.py:879} INFO - 
================================================================================
DAG File Processing Stats

File Path                                PID    Runtime      # DAGs    # Errors  Last Runtime    Last Run
---------------------------------------  -----  ---------  --------  ----------  --------------  -------------------
/opt/airflow/dags/sakiga_ds_pipeline.py                           1           0  0.21s           2026-02-14T05:45:11
================================================================================
[2026-02-14T05:45:42.246+0000] {manager.py:879} INFO - 
================================================================================
DAG File Processing Stats

File Path                                PID    Runtime      # DAGs    # Errors  Last Runtime    Last Run
---------------------------------------  -----  ---------  --------  ----------  --------------  -------------------
/opt/airflow/dags/sakiga_ds_pipeline.py                           1           0  0.21s           2026-02-14T05:45:42
================================================================================
[2026-02-14T05:45:58.329+0000] {manager.py:738} INFO - Searching for files in /opt/airflow/dags
[2026-02-14T05:45:58.376+0000] {manager.py:741} INFO - There are 1 files in /opt/airflow/dags
[2026-02-14T05:46:12.548+0000] {manager.py:879} INFO - 
================================================================================
DAG File Processing Stats

File Path                                PID    Runtime      # DAGs    # Errors  Last Runtime    Last Run
---------------------------------------  -----  ---------  --------  ----------  --------------  -------------------
/opt/airflow/dags/sakiga_ds_pipeline.py                           1           0  0.21s           2026-02-14T05:46:12
================================================================================
[2026-02-14T05:46:42.839+0000] {manager.py:879} INFO - 
================================================================================
DAG File Processing Stats

File Path                                PID    Runtime      # DAGs    # Errors  Last Runtime    Last Run
---------------------------------------  -----  ---------  --------  ----------  --------------  -------------------
/opt/airflow/dags/sakiga_ds_pipeline.py                           1           0  0.21s           2026-02-14T05:46:42
================================================================================
[2026-02-14T05:47:13.129+0000] {manager.py:879} INFO - 
================================================================================
DAG File Processing Stats

File Path                                PID    Runtime      # DAGs    # Errors  Last Runtime    Last Run
---------------------------------------  -----  ---------  --------  ----------  --------------  -------------------
/opt/airflow/dags/sakiga_ds_pipeline.py                           1           0  0.21s           2026-02-14T05:47:13
================================================================================
[2026-02-14T05:47:43.459+0000] {manager.py:879} INFO - 
================================================================================
DAG File Processing Stats

File Path                                PID    Runtime      # DAGs    # Errors  Last Runtime    Last Run
---------------------------------------  -----  ---------  --------  ----------  --------------  -------------------
/opt/airflow/dags/sakiga_ds_pipeline.py                           1           0  0.21s           2026-02-14T05:47:43
================================================================================
[2026-02-14T05:48:13.763+0000] {manager.py:879} INFO - 
================================================================================
DAG File Processing Stats

File Path                                PID    Runtime      # DAGs    # Errors  Last Runtime    Last Run
---------------------------------------  -----  ---------  --------  ----------  --------------  -------------------
/opt/airflow/dags/sakiga_ds_pipeline.py                           1           0  0.21s           2026-02-14T05:48:13
================================================================================
[2026-02-14T05:48:44.072+0000] {manager.py:879} INFO - 
================================================================================
DAG File Processing Stats

File Path                                PID    Runtime      # DAGs    # Errors  Last Runtime    Last Run
---------------------------------------  -----  ---------  --------  ----------  --------------  -------------------
/opt/airflow/dags/sakiga_ds_pipeline.py                           1           0  0.21s           2026-02-14T05:48:44
================================================================================
[2026-02-14T05:49:14.338+0000] {manager.py:879} INFO - 
================================================================================
DAG File Processing Stats

File Path                                PID    Runtime      # DAGs    # Errors  Last Runtime    Last Run
---------------------------------------  -----  ---------  --------  ----------  --------------  -------------------
/opt/airflow/dags/sakiga_ds_pipeline.py                           1           0  0.21s           2026-02-14T05:49:14
================================================================================
[2026-02-14T05:49:44.607+0000] {manager.py:879} INFO - 
================================================================================
DAG File Processing Stats

File Path                                PID    Runtime      # DAGs    # Errors  Last Runtime    Last Run
---------------------------------------  -----  ---------  --------  ----------  --------------  -------------------
/opt/airflow/dags/sakiga_ds_pipeline.py                           1           0  0.21s           2026-02-14T05:49:44
================================================================================
[2026-02-14T05:50:14.903+0000] {manager.py:879} INFO - 
================================================================================
DAG File Processing Stats

File Path                                PID    Runtime      # DAGs    # Errors  Last Runtime    Last Run
---------------------------------------  -----  ---------  --------  ----------  --------------  -------------------
/opt/airflow/dags/sakiga_ds_pipeline.py                           1           0  0.21s           2026-02-14T05:50:14
================================================================================
[2026-02-14T05:50:45.197+0000] {manager.py:879} INFO - 
================================================================================
DAG File Processing Stats

File Path                                PID    Runtime      # DAGs    # Errors  Last Runtime    Last Run
---------------------------------------  -----  ---------  --------  ----------  --------------  -------------------
/opt/airflow/dags/sakiga_ds_pipeline.py                           1           0  0.21s           2026-02-14T05:50:45
================================================================================
[2026-02-14T05:50:59.164+0000] {manager.py:738} INFO - Searching for files in /opt/airflow/dags
[2026-02-14T05:50:59.191+0000] {manager.py:741} INFO - There are 1 files in /opt/airflow/dags
[2026-02-14T05:51:15.476+0000] {manager.py:879} INFO - 
================================================================================
DAG File Processing Stats

File Path                                PID    Runtime      # DAGs    # Errors  Last Runtime    Last Run
---------------------------------------  -----  ---------  --------  ----------  --------------  -------------------
/opt/airflow/dags/sakiga_ds_pipeline.py                           1           0  0.20s           2026-02-14T05:51:15
================================================================================
[2026-02-14T05:51:45.772+0000] {manager.py:879} INFO - 
================================================================================
DAG File Processing Stats

File Path                                PID    Runtime      # DAGs    # Errors  Last Runtime    Last Run
---------------------------------------  -----  ---------  --------  ----------  --------------  -------------------
/opt/airflow/dags/sakiga_ds_pipeline.py                           1           0  0.21s           2026-02-14T05:51:45
================================================================================
[2026-02-14T05:52:16.086+0000] {manager.py:879} INFO - 
================================================================================
DAG File Processing Stats

File Path                                PID    Runtime      # DAGs    # Errors  Last Runtime    Last Run
---------------------------------------  -----  ---------  --------  ----------  --------------  -------------------
/opt/airflow/dags/sakiga_ds_pipeline.py                           1           0  0.21s           2026-02-14T05:52:16
================================================================================
[2026-02-14T05:52:46.394+0000] {manager.py:879} INFO - 
================================================================================
DAG File Processing Stats

File Path                                PID    Runtime      # DAGs    # Errors  Last Runtime    Last Run
---------------------------------------  -----  ---------  --------  ----------  --------------  -------------------
/opt/airflow/dags/sakiga_ds_pipeline.py                           1           0  0.21s           2026-02-14T05:52:46
================================================================================
[2026-02-14T05:53:16.725+0000] {manager.py:879} INFO - 
================================================================================
DAG File Processing Stats

File Path                                PID    Runtime      # DAGs    # Errors  Last Runtime    Last Run
---------------------------------------  -----  ---------  --------  ----------  --------------  -------------------
/opt/airflow/dags/sakiga_ds_pipeline.py                           1           0  0.21s           2026-02-14T05:53:16
================================================================================
[2026-02-14T05:53:47.016+0000] {manager.py:879} INFO - 
================================================================================
DAG File Processing Stats

File Path                                PID    Runtime      # DAGs    # Errors  Last Runtime    Last Run
---------------------------------------  -----  ---------  --------  ----------  --------------  -------------------
/opt/airflow/dags/sakiga_ds_pipeline.py                           1           0  0.21s           2026-02-14T05:53:47
================================================================================
[2026-02-14T05:54:17.324+0000] {manager.py:879} INFO - 
================================================================================
DAG File Processing Stats

File Path                                PID    Runtime      # DAGs    # Errors  Last Runtime    Last Run
---------------------------------------  -----  ---------  --------  ----------  --------------  -------------------
/opt/airflow/dags/sakiga_ds_pipeline.py                           1           0  0.21s           2026-02-14T05:54:17
================================================================================
[2026-02-14T05:54:47.777+0000] {manager.py:879} INFO - 
================================================================================
DAG File Processing Stats

File Path                                PID    Runtime      # DAGs    # Errors  Last Runtime    Last Run
---------------------------------------  -----  ---------  --------  ----------  --------------  -------------------
/opt/airflow/dags/sakiga_ds_pipeline.py                           1           0  0.34s           2026-02-14T05:54:47
================================================================================
[2026-02-14T05:55:18.096+0000] {manager.py:879} INFO - 
================================================================================
DAG File Processing Stats

File Path                                PID    Runtime      # DAGs    # Errors  Last Runtime    Last Run
---------------------------------------  -----  ---------  --------  ----------  --------------  -------------------
/opt/airflow/dags/sakiga_ds_pipeline.py                           1           0  0.21s           2026-02-14T05:55:18
================================================================================
[2026-02-14T05:55:48.373+0000] {manager.py:879} INFO - 
================================================================================
DAG File Processing Stats

File Path                                PID    Runtime      # DAGs    # Errors  Last Runtime    Last Run
---------------------------------------  -----  ---------  --------  ----------  --------------  -------------------
/opt/airflow/dags/sakiga_ds_pipeline.py                           1           0  0.21s           2026-02-14T05:55:48
================================================================================
[2026-02-14T05:55:59.451+0000] {manager.py:738} INFO - Searching for files in /opt/airflow/dags
[2026-02-14T05:55:59.520+0000] {manager.py:741} INFO - There are 1 files in /opt/airflow/dags
[2026-02-14T05:56:18.672+0000] {manager.py:879} INFO - 
================================================================================
DAG File Processing Stats

File Path                                PID    Runtime      # DAGs    # Errors  Last Runtime    Last Run
---------------------------------------  -----  ---------  --------  ----------  --------------  -------------------
/opt/airflow/dags/sakiga_ds_pipeline.py                           1           0  0.21s           2026-02-14T05:56:18
================================================================================
[2026-02-14T05:56:48.998+0000] {manager.py:879} INFO - 
================================================================================
DAG File Processing Stats

File Path                                PID    Runtime      # DAGs    # Errors  Last Runtime    Last Run
---------------------------------------  -----  ---------  --------  ----------  --------------  -------------------
/opt/airflow/dags/sakiga_ds_pipeline.py                           1           0  0.21s           2026-02-14T05:56:48
================================================================================
[2026-02-14T05:57:19.285+0000] {manager.py:879} INFO - 
================================================================================
DAG File Processing Stats

File Path                                PID    Runtime      # DAGs    # Errors  Last Runtime    Last Run
---------------------------------------  -----  ---------  --------  ----------  --------------  -------------------
/opt/airflow/dags/sakiga_ds_pipeline.py                           1           0  0.21s           2026-02-14T05:57:19
================================================================================
[2026-02-14T05:57:49.581+0000] {manager.py:879} INFO - 
================================================================================
DAG File Processing Stats

File Path                                PID    Runtime      # DAGs    # Errors  Last Runtime    Last Run
---------------------------------------  -----  ---------  --------  ----------  --------------  -------------------
/opt/airflow/dags/sakiga_ds_pipeline.py                           1           0  0.21s           2026-02-14T05:57:49
================================================================================
[2026-02-14T05:58:19.881+0000] {manager.py:879} INFO - 
================================================================================
DAG File Processing Stats

File Path                                PID    Runtime      # DAGs    # Errors  Last Runtime    Last Run
---------------------------------------  -----  ---------  --------  ----------  --------------  -------------------
/opt/airflow/dags/sakiga_ds_pipeline.py                           1           0  0.21s           2026-02-14T05:58:19
================================================================================
[2026-02-14T05:58:50.185+0000] {manager.py:879} INFO - 
================================================================================
DAG File Processing Stats

File Path                                PID    Runtime      # DAGs    # Errors  Last Runtime    Last Run
---------------------------------------  -----  ---------  --------  ----------  --------------  -------------------
/opt/airflow/dags/sakiga_ds_pipeline.py                           1           0  0.22s           2026-02-14T05:58:50
================================================================================
[2026-02-14T05:59:20.494+0000] {manager.py:879} INFO - 
================================================================================
DAG File Processing Stats

File Path                                PID    Runtime      # DAGs    # Errors  Last Runtime    Last Run
---------------------------------------  -----  ---------  --------  ----------  --------------  -------------------
/opt/airflow/dags/sakiga_ds_pipeline.py                           1           0  0.21s           2026-02-14T05:59:20
================================================================================
[2026-02-14T05:59:50.806+0000] {manager.py:879} INFO - 
================================================================================
DAG File Processing Stats

File Path                                PID    Runtime      # DAGs    # Errors  Last Runtime    Last Run
---------------------------------------  -----  ---------  --------  ----------  --------------  -------------------
/opt/airflow/dags/sakiga_ds_pipeline.py                           1           0  0.21s           2026-02-14T05:59:50
================================================================================
[2026-02-14T06:00:21.116+0000] {manager.py:879} INFO - 
================================================================================
DAG File Processing Stats

File Path                                PID    Runtime      # DAGs    # Errors  Last Runtime    Last Run
---------------------------------------  -----  ---------  --------  ----------  --------------  -------------------
/opt/airflow/dags/sakiga_ds_pipeline.py                           1           0  0.21s           2026-02-14T06:00:21
================================================================================
[2026-02-14T06:00:51.407+0000] {manager.py:879} INFO - 
================================================================================
DAG File Processing Stats

File Path                                PID    Runtime      # DAGs    # Errors  Last Runtime    Last Run
---------------------------------------  -----  ---------  --------  ----------  --------------  -------------------
/opt/airflow/dags/sakiga_ds_pipeline.py                           1           0  0.21s           2026-02-14T06:00:51
================================================================================
[2026-02-14T06:01:00.451+0000] {manager.py:738} INFO - Searching for files in /opt/airflow/dags
[2026-02-14T06:01:00.489+0000] {manager.py:741} INFO - There are 1 files in /opt/airflow/dags
[2026-02-14T06:01:21.667+0000] {manager.py:879} INFO - 
================================================================================
DAG File Processing Stats

File Path                                PID    Runtime      # DAGs    # Errors  Last Runtime    Last Run
---------------------------------------  -----  ---------  --------  ----------  --------------  -------------------
/opt/airflow/dags/sakiga_ds_pipeline.py                           1           0  0.21s           2026-02-14T06:01:21
================================================================================
[2026-02-14T06:01:51.981+0000] {manager.py:879} INFO - 
================================================================================
DAG File Processing Stats

File Path                                PID    Runtime      # DAGs    # Errors  Last Runtime    Last Run
---------------------------------------  -----  ---------  --------  ----------  --------------  -------------------
/opt/airflow/dags/sakiga_ds_pipeline.py                           1           0  0.21s           2026-02-14T06:01:51
================================================================================
[2026-02-14T06:02:22.267+0000] {manager.py:879} INFO - 
================================================================================
DAG File Processing Stats

File Path                                PID    Runtime      # DAGs    # Errors  Last Runtime    Last Run
---------------------------------------  -----  ---------  --------  ----------  --------------  -------------------
/opt/airflow/dags/sakiga_ds_pipeline.py                           1           0  0.21s           2026-02-14T06:02:22
================================================================================
[2026-02-14T06:02:52.570+0000] {manager.py:879} INFO - 
================================================================================
DAG File Processing Stats

File Path                                PID    Runtime      # DAGs    # Errors  Last Runtime    Last Run
---------------------------------------  -----  ---------  --------  ----------  --------------  -------------------
/opt/airflow/dags/sakiga_ds_pipeline.py                           1           0  0.21s           2026-02-14T06:02:52
================================================================================
[2026-02-14T06:03:22.876+0000] {manager.py:879} INFO - 
================================================================================
DAG File Processing Stats

File Path                                PID    Runtime      # DAGs    # Errors  Last Runtime    Last Run
---------------------------------------  -----  ---------  --------  ----------  --------------  -------------------
/opt/airflow/dags/sakiga_ds_pipeline.py                           1           0  0.21s           2026-02-14T06:03:22
================================================================================
[2026-02-14T06:03:53.166+0000] {manager.py:879} INFO - 
================================================================================
DAG File Processing Stats

File Path                                PID    Runtime      # DAGs    # Errors  Last Runtime    Last Run
---------------------------------------  -----  ---------  --------  ----------  --------------  -------------------
/opt/airflow/dags/sakiga_ds_pipeline.py                           1           0  0.21s           2026-02-14T06:03:53
================================================================================
[2026-02-14T06:04:23.449+0000] {manager.py:879} INFO - 
================================================================================
DAG File Processing Stats

File Path                                PID    Runtime      # DAGs    # Errors  Last Runtime    Last Run
---------------------------------------  -----  ---------  --------  ----------  --------------  -------------------
/opt/airflow/dags/sakiga_ds_pipeline.py                           1           0  0.21s           2026-02-14T06:04:23
================================================================================
[2026-02-14T06:04:53.764+0000] {manager.py:879} INFO - 
================================================================================
DAG File Processing Stats

File Path                                PID    Runtime      # DAGs    # Errors  Last Runtime    Last Run
---------------------------------------  -----  ---------  --------  ----------  --------------  -------------------
/opt/airflow/dags/sakiga_ds_pipeline.py                           1           0  0.21s           2026-02-14T06:04:53
================================================================================
[2026-02-14T06:05:24.054+0000] {manager.py:879} INFO - 
================================================================================
DAG File Processing Stats

File Path                                PID    Runtime      # DAGs    # Errors  Last Runtime    Last Run
---------------------------------------  -----  ---------  --------  ----------  --------------  -------------------
/opt/airflow/dags/sakiga_ds_pipeline.py                           1           0  0.21s           2026-02-14T06:05:24
================================================================================
[2026-02-14T06:05:54.360+0000] {manager.py:879} INFO - 
================================================================================
DAG File Processing Stats

File Path                                PID    Runtime      # DAGs    # Errors  Last Runtime    Last Run
---------------------------------------  -----  ---------  --------  ----------  --------------  -------------------
/opt/airflow/dags/sakiga_ds_pipeline.py                           1           0  0.21s           2026-02-14T06:05:54
================================================================================
[2026-02-14T06:06:00.519+0000] {manager.py:738} INFO - Searching for files in /opt/airflow/dags
[2026-02-14T06:06:00.541+0000] {manager.py:741} INFO - There are 1 files in /opt/airflow/dags
[2026-02-14T06:06:24.651+0000] {manager.py:879} INFO - 
================================================================================
DAG File Processing Stats

File Path                                PID    Runtime      # DAGs    # Errors  Last Runtime    Last Run
---------------------------------------  -----  ---------  --------  ----------  --------------  -------------------
/opt/airflow/dags/sakiga_ds_pipeline.py                           1           0  0.21s           2026-02-14T06:06:24
================================================================================
[2026-02-14T06:06:54.955+0000] {manager.py:879} INFO - 
================================================================================
DAG File Processing Stats

File Path                                PID    Runtime      # DAGs    # Errors  Last Runtime    Last Run
---------------------------------------  -----  ---------  --------  ----------  --------------  -------------------
/opt/airflow/dags/sakiga_ds_pipeline.py                           1           0  0.21s           2026-02-14T06:06:54
================================================================================
[2026-02-14T06:07:25.239+0000] {manager.py:879} INFO - 
================================================================================
DAG File Processing Stats

File Path                                PID    Runtime      # DAGs    # Errors  Last Runtime    Last Run
---------------------------------------  -----  ---------  --------  ----------  --------------  -------------------
/opt/airflow/dags/sakiga_ds_pipeline.py                           1           0  0.21s           2026-02-14T06:07:25
================================================================================
[2026-02-14T06:07:55.556+0000] {manager.py:879} INFO - 
================================================================================
DAG File Processing Stats

File Path                                PID    Runtime      # DAGs    # Errors  Last Runtime    Last Run
---------------------------------------  -----  ---------  --------  ----------  --------------  -------------------
/opt/airflow/dags/sakiga_ds_pipeline.py                           1           0  0.21s           2026-02-14T06:07:55
================================================================================
[2026-02-14T06:08:25.846+0000] {manager.py:879} INFO - 
================================================================================
DAG File Processing Stats

File Path                                PID    Runtime      # DAGs    # Errors  Last Runtime    Last Run
---------------------------------------  -----  ---------  --------  ----------  --------------  -------------------
/opt/airflow/dags/sakiga_ds_pipeline.py                           1           0  0.21s           2026-02-14T06:08:25
================================================================================
[2026-02-14T06:08:56.147+0000] {manager.py:879} INFO - 
================================================================================
DAG File Processing Stats

File Path                                PID    Runtime      # DAGs    # Errors  Last Runtime    Last Run
---------------------------------------  -----  ---------  --------  ----------  --------------  -------------------
/opt/airflow/dags/sakiga_ds_pipeline.py                           1           0  0.21s           2026-02-14T06:08:56
================================================================================
[2026-02-14T06:09:26.464+0000] {manager.py:879} INFO - 
================================================================================
DAG File Processing Stats

File Path                                PID    Runtime      # DAGs    # Errors  Last Runtime    Last Run
---------------------------------------  -----  ---------  --------  ----------  --------------  -------------------
/opt/airflow/dags/sakiga_ds_pipeline.py                           1           0  0.21s           2026-02-14T06:09:26
================================================================================
[2026-02-14T06:09:56.772+0000] {manager.py:879} INFO - 
================================================================================
DAG File Processing Stats

File Path                                PID    Runtime      # DAGs    # Errors  Last Runtime    Last Run
---------------------------------------  -----  ---------  --------  ----------  --------------  -------------------
/opt/airflow/dags/sakiga_ds_pipeline.py                           1           0  0.21s           2026-02-14T06:09:56
================================================================================
[2026-02-14T06:10:27.067+0000] {manager.py:879} INFO - 
================================================================================
DAG File Processing Stats

File Path                                PID    Runtime      # DAGs    # Errors  Last Runtime    Last Run
---------------------------------------  -----  ---------  --------  ----------  --------------  -------------------
/opt/airflow/dags/sakiga_ds_pipeline.py                           1           0  0.21s           2026-02-14T06:10:27
================================================================================
[2026-02-14T06:10:57.395+0000] {manager.py:879} INFO - 
================================================================================
DAG File Processing Stats

File Path                                PID    Runtime      # DAGs    # Errors  Last Runtime    Last Run
---------------------------------------  -----  ---------  --------  ----------  --------------  -------------------
/opt/airflow/dags/sakiga_ds_pipeline.py                           1           0  0.21s           2026-02-14T06:10:57
================================================================================
[2026-02-14T06:11:01.444+0000] {manager.py:738} INFO - Searching for files in /opt/airflow/dags
[2026-02-14T06:11:01.477+0000] {manager.py:741} INFO - There are 1 files in /opt/airflow/dags
[2026-02-14T06:11:27.720+0000] {manager.py:879} INFO - 
================================================================================
DAG File Processing Stats

File Path                                PID    Runtime      # DAGs    # Errors  Last Runtime    Last Run
---------------------------------------  -----  ---------  --------  ----------  --------------  -------------------
/opt/airflow/dags/sakiga_ds_pipeline.py                           1           0  0.21s           2026-02-14T06:11:27
================================================================================
[2026-02-14T06:11:58.040+0000] {manager.py:879} INFO - 
================================================================================
DAG File Processing Stats

File Path                                PID    Runtime      # DAGs    # Errors  Last Runtime    Last Run
---------------------------------------  -----  ---------  --------  ----------  --------------  -------------------
/opt/airflow/dags/sakiga_ds_pipeline.py                           1           0  0.21s           2026-02-14T06:11:58
================================================================================
[2026-02-14T06:13:02.003+0000] {manager.py:879} INFO - 
================================================================================
DAG File Processing Stats

File Path                                PID    Runtime      # DAGs    # Errors  Last Runtime    Last Run
---------------------------------------  -----  ---------  --------  ----------  --------------  -------------------
/opt/airflow/dags/sakiga_ds_pipeline.py                           1           0  33.88s          2026-02-14T06:13:02
================================================================================
[2026-02-14T06:13:32.312+0000] {manager.py:879} INFO - 
================================================================================
DAG File Processing Stats

File Path                                PID    Runtime      # DAGs    # Errors  Last Runtime    Last Run
---------------------------------------  -----  ---------  --------  ----------  --------------  -------------------
/opt/airflow/dags/sakiga_ds_pipeline.py                           1           0  0.21s           2026-02-14T06:13:32
================================================================================
[2026-02-14T06:14:02.639+0000] {manager.py:879} INFO - 
================================================================================
DAG File Processing Stats

File Path                                PID    Runtime      # DAGs    # Errors  Last Runtime    Last Run
---------------------------------------  -----  ---------  --------  ----------  --------------  -------------------
/opt/airflow/dags/sakiga_ds_pipeline.py                           1           0  0.21s           2026-02-14T06:14:02
================================================================================
[2026-02-14T06:14:32.948+0000] {manager.py:879} INFO - 
================================================================================
DAG File Processing Stats

File Path                                PID    Runtime      # DAGs    # Errors  Last Runtime    Last Run
---------------------------------------  -----  ---------  --------  ----------  --------------  -------------------
/opt/airflow/dags/sakiga_ds_pipeline.py                           1           0  0.21s           2026-02-14T06:14:32
================================================================================
[2026-02-14T06:15:03.253+0000] {manager.py:879} INFO - 
================================================================================
DAG File Processing Stats

File Path                                PID    Runtime      # DAGs    # Errors  Last Runtime    Last Run
---------------------------------------  -----  ---------  --------  ----------  --------------  -------------------
/opt/airflow/dags/sakiga_ds_pipeline.py                           1           0  0.21s           2026-02-14T06:15:03
================================================================================
[2026-02-14T06:15:33.590+0000] {manager.py:879} INFO - 
================================================================================
DAG File Processing Stats

File Path                                PID    Runtime      # DAGs    # Errors  Last Runtime    Last Run
---------------------------------------  -----  ---------  --------  ----------  --------------  -------------------
/opt/airflow/dags/sakiga_ds_pipeline.py                           1           0  0.21s           2026-02-14T06:15:33
================================================================================
[2026-02-14T06:16:01.963+0000] {manager.py:738} INFO - Searching for files in /opt/airflow/dags
[2026-02-14T06:16:01.990+0000] {manager.py:741} INFO - There are 1 files in /opt/airflow/dags
[2026-02-14T06:16:04.011+0000] {manager.py:879} INFO - 
================================================================================
DAG File Processing Stats

File Path                                PID    Runtime      # DAGs    # Errors  Last Runtime    Last Run
---------------------------------------  -----  ---------  --------  ----------  --------------  -------------------
/opt/airflow/dags/sakiga_ds_pipeline.py                           1           0  0.32s           2026-02-14T06:16:04
================================================================================
[2026-02-14T06:16:34.318+0000] {manager.py:879} INFO - 
================================================================================
DAG File Processing Stats

File Path                                PID    Runtime      # DAGs    # Errors  Last Runtime    Last Run
---------------------------------------  -----  ---------  --------  ----------  --------------  -------------------
/opt/airflow/dags/sakiga_ds_pipeline.py                           1           0  0.21s           2026-02-14T06:16:34
================================================================================
[2026-02-14T06:17:04.613+0000] {manager.py:879} INFO - 
================================================================================
DAG File Processing Stats

File Path                                PID    Runtime      # DAGs    # Errors  Last Runtime    Last Run
---------------------------------------  -----  ---------  --------  ----------  --------------  -------------------
/opt/airflow/dags/sakiga_ds_pipeline.py                           1           0  0.21s           2026-02-14T06:17:04
================================================================================
[2026-02-14T06:17:34.917+0000] {manager.py:879} INFO - 
================================================================================
DAG File Processing Stats

File Path                                PID    Runtime      # DAGs    # Errors  Last Runtime    Last Run
---------------------------------------  -----  ---------  --------  ----------  --------------  -------------------
/opt/airflow/dags/sakiga_ds_pipeline.py                           1           0  0.21s           2026-02-14T06:17:34
================================================================================
[2026-02-14T06:18:05.260+0000] {manager.py:879} INFO - 
================================================================================
DAG File Processing Stats

File Path                                PID    Runtime      # DAGs    # Errors  Last Runtime    Last Run
---------------------------------------  -----  ---------  --------  ----------  --------------  -------------------
/opt/airflow/dags/sakiga_ds_pipeline.py                           1           0  0.21s           2026-02-14T06:18:05
================================================================================
[2026-02-14T06:18:35.586+0000] {manager.py:879} INFO - 
================================================================================
DAG File Processing Stats

File Path                                PID    Runtime      # DAGs    # Errors  Last Runtime    Last Run
---------------------------------------  -----  ---------  --------  ----------  --------------  -------------------
/opt/airflow/dags/sakiga_ds_pipeline.py                           1           0  0.21s           2026-02-14T06:18:35
================================================================================
[2026-02-14T06:19:06.112+0000] {manager.py:879} INFO - 
================================================================================
DAG File Processing Stats

File Path                                PID    Runtime      # DAGs    # Errors  Last Runtime    Last Run
---------------------------------------  -----  ---------  --------  ----------  --------------  -------------------
/opt/airflow/dags/sakiga_ds_pipeline.py                           1           0  0.41s           2026-02-14T06:19:06
================================================================================
[2026-02-14T06:19:36.408+0000] {manager.py:879} INFO - 
================================================================================
DAG File Processing Stats

File Path                                PID    Runtime      # DAGs    # Errors  Last Runtime    Last Run
---------------------------------------  -----  ---------  --------  ----------  --------------  -------------------
/opt/airflow/dags/sakiga_ds_pipeline.py                           1           0  0.21s           2026-02-14T06:19:36
================================================================================
[2026-02-14T06:20:06.740+0000] {manager.py:879} INFO - 
================================================================================
DAG File Processing Stats

File Path                                PID    Runtime      # DAGs    # Errors  Last Runtime    Last Run
---------------------------------------  -----  ---------  --------  ----------  --------------  -------------------
/opt/airflow/dags/sakiga_ds_pipeline.py                           1           0  0.21s           2026-02-14T06:20:06
================================================================================
[2026-02-14T06:20:37.042+0000] {manager.py:879} INFO - 
================================================================================
DAG File Processing Stats

File Path                                PID    Runtime      # DAGs    # Errors  Last Runtime    Last Run
---------------------------------------  -----  ---------  --------  ----------  --------------  -------------------
/opt/airflow/dags/sakiga_ds_pipeline.py                           1           0  0.21s           2026-02-14T06:20:37
================================================================================
[2026-02-14T06:21:02.287+0000] {manager.py:738} INFO - Searching for files in /opt/airflow/dags
[2026-02-14T06:21:02.321+0000] {manager.py:741} INFO - There are 1 files in /opt/airflow/dags
[2026-02-14T06:21:07.352+0000] {manager.py:879} INFO - 
================================================================================
DAG File Processing Stats

File Path                                PID    Runtime      # DAGs    # Errors  Last Runtime    Last Run
---------------------------------------  -----  ---------  --------  ----------  --------------  -------------------
/opt/airflow/dags/sakiga_ds_pipeline.py                           1           0  0.21s           2026-02-14T06:21:07
================================================================================
[2026-02-14T06:21:37.670+0000] {manager.py:879} INFO - 
================================================================================
DAG File Processing Stats

File Path                                PID    Runtime      # DAGs    # Errors  Last Runtime    Last Run
---------------------------------------  -----  ---------  --------  ----------  --------------  -------------------
/opt/airflow/dags/sakiga_ds_pipeline.py                           1           0  0.21s           2026-02-14T06:21:37
================================================================================
[2026-02-14T06:22:08.156+0000] {manager.py:879} INFO - 
================================================================================
DAG File Processing Stats

File Path                                PID    Runtime      # DAGs    # Errors  Last Runtime    Last Run
---------------------------------------  -----  ---------  --------  ----------  --------------  -------------------
/opt/airflow/dags/sakiga_ds_pipeline.py                           1           0  0.41s           2026-02-14T06:22:08
================================================================================
[2026-02-14T06:22:38.559+0000] {manager.py:879} INFO - 
================================================================================
DAG File Processing Stats

File Path                                PID    Runtime      # DAGs    # Errors  Last Runtime    Last Run
---------------------------------------  -----  ---------  --------  ----------  --------------  -------------------
/opt/airflow/dags/sakiga_ds_pipeline.py                           1           0  0.31s           2026-02-14T06:22:38
================================================================================
[2026-02-14T06:23:08.894+0000] {manager.py:879} INFO - 
================================================================================
DAG File Processing Stats

File Path                                PID    Runtime      # DAGs    # Errors  Last Runtime    Last Run
---------------------------------------  -----  ---------  --------  ----------  --------------  -------------------
/opt/airflow/dags/sakiga_ds_pipeline.py                           1           0  0.21s           2026-02-14T06:23:08
================================================================================
[2026-02-14T06:23:39.184+0000] {manager.py:879} INFO - 
================================================================================
DAG File Processing Stats

File Path                                PID    Runtime      # DAGs    # Errors  Last Runtime    Last Run
---------------------------------------  -----  ---------  --------  ----------  --------------  -------------------
/opt/airflow/dags/sakiga_ds_pipeline.py                           1           0  0.21s           2026-02-14T06:23:39
================================================================================
[2026-02-14T06:24:09.511+0000] {manager.py:879} INFO - 
================================================================================
DAG File Processing Stats

File Path                                PID    Runtime      # DAGs    # Errors  Last Runtime    Last Run
---------------------------------------  -----  ---------  --------  ----------  --------------  -------------------
/opt/airflow/dags/sakiga_ds_pipeline.py                           1           0  0.21s           2026-02-14T06:24:09
================================================================================
[2026-02-14T06:24:39.815+0000] {manager.py:879} INFO - 
================================================================================
DAG File Processing Stats

File Path                                PID    Runtime      # DAGs    # Errors  Last Runtime    Last Run
---------------------------------------  -----  ---------  --------  ----------  --------------  -------------------
/opt/airflow/dags/sakiga_ds_pipeline.py                           1           0  0.21s           2026-02-14T06:24:39
================================================================================
[2026-02-14T06:25:10.315+0000] {manager.py:879} INFO - 
================================================================================
DAG File Processing Stats

File Path                                PID    Runtime      # DAGs    # Errors  Last Runtime    Last Run
---------------------------------------  -----  ---------  --------  ----------  --------------  -------------------
/opt/airflow/dags/sakiga_ds_pipeline.py                           1           0  0.41s           2026-02-14T06:25:10
================================================================================
[2026-02-14T06:25:40.742+0000] {manager.py:879} INFO - 
================================================================================
DAG File Processing Stats

File Path                                PID    Runtime      # DAGs    # Errors  Last Runtime    Last Run
---------------------------------------  -----  ---------  --------  ----------  --------------  -------------------
/opt/airflow/dags/sakiga_ds_pipeline.py                           1           0  0.32s           2026-02-14T06:25:40
================================================================================
[2026-02-14T06:26:02.540+0000] {manager.py:738} INFO - Searching for files in /opt/airflow/dags
[2026-02-14T06:26:02.562+0000] {manager.py:741} INFO - There are 1 files in /opt/airflow/dags
[2026-02-14T06:26:11.056+0000] {manager.py:879} INFO - 
================================================================================
DAG File Processing Stats

File Path                                PID    Runtime      # DAGs    # Errors  Last Runtime    Last Run
---------------------------------------  -----  ---------  --------  ----------  --------------  -------------------
/opt/airflow/dags/sakiga_ds_pipeline.py                           1           0  0.21s           2026-02-14T06:26:11
================================================================================
[2026-02-14T06:26:41.369+0000] {manager.py:879} INFO - 
================================================================================
DAG File Processing Stats

File Path                                PID    Runtime      # DAGs    # Errors  Last Runtime    Last Run
---------------------------------------  -----  ---------  --------  ----------  --------------  -------------------
/opt/airflow/dags/sakiga_ds_pipeline.py                           1           0  0.21s           2026-02-14T06:26:41
================================================================================
[2026-02-14T06:27:11.687+0000] {manager.py:879} INFO - 
================================================================================
DAG File Processing Stats

File Path                                PID    Runtime      # DAGs    # Errors  Last Runtime    Last Run
---------------------------------------  -----  ---------  --------  ----------  --------------  -------------------
/opt/airflow/dags/sakiga_ds_pipeline.py                           1           0  0.21s           2026-02-14T06:27:11
================================================================================
[2026-02-14T06:27:41.990+0000] {manager.py:879} INFO - 
================================================================================
DAG File Processing Stats

File Path                                PID    Runtime      # DAGs    # Errors  Last Runtime    Last Run
---------------------------------------  -----  ---------  --------  ----------  --------------  -------------------
/opt/airflow/dags/sakiga_ds_pipeline.py                           1           0  0.21s           2026-02-14T06:27:41
================================================================================
[2026-02-14T06:28:12.401+0000] {manager.py:879} INFO - 
================================================================================
DAG File Processing Stats

File Path                                PID    Runtime      # DAGs    # Errors  Last Runtime    Last Run
---------------------------------------  -----  ---------  --------  ----------  --------------  -------------------
/opt/airflow/dags/sakiga_ds_pipeline.py                           1           0  0.32s           2026-02-14T06:28:12
================================================================================
[2026-02-14T06:28:42.903+0000] {manager.py:879} INFO - 
================================================================================
DAG File Processing Stats

File Path                                PID    Runtime      # DAGs    # Errors  Last Runtime    Last Run
---------------------------------------  -----  ---------  --------  ----------  --------------  -------------------
/opt/airflow/dags/sakiga_ds_pipeline.py                           1           0  0.41s           2026-02-14T06:28:42
================================================================================
[2026-02-14T06:29:13.406+0000] {manager.py:879} INFO - 
================================================================================
DAG File Processing Stats

File Path                                PID    Runtime      # DAGs    # Errors  Last Runtime    Last Run
---------------------------------------  -----  ---------  --------  ----------  --------------  -------------------
/opt/airflow/dags/sakiga_ds_pipeline.py                           1           0  0.41s           2026-02-14T06:29:13
================================================================================
[2026-02-14T06:29:43.709+0000] {manager.py:879} INFO - 
================================================================================
DAG File Processing Stats

File Path                                PID    Runtime      # DAGs    # Errors  Last Runtime    Last Run
---------------------------------------  -----  ---------  --------  ----------  --------------  -------------------
/opt/airflow/dags/sakiga_ds_pipeline.py                           1           0  0.21s           2026-02-14T06:29:43
================================================================================
[2026-02-14T06:30:14.039+0000] {manager.py:879} INFO - 
================================================================================
DAG File Processing Stats

File Path                                PID    Runtime      # DAGs    # Errors  Last Runtime    Last Run
---------------------------------------  -----  ---------  --------  ----------  --------------  -------------------
/opt/airflow/dags/sakiga_ds_pipeline.py                           1           0  0.21s           2026-02-14T06:30:14
================================================================================
[2026-02-14T06:30:44.363+0000] {manager.py:879} INFO - 
================================================================================
DAG File Processing Stats

File Path                                PID    Runtime      # DAGs    # Errors  Last Runtime    Last Run
---------------------------------------  -----  ---------  --------  ----------  --------------  -------------------
/opt/airflow/dags/sakiga_ds_pipeline.py                           1           0  0.21s           2026-02-14T06:30:44
================================================================================
[2026-02-14T06:31:02.642+0000] {manager.py:738} INFO - Searching for files in /opt/airflow/dags
[2026-02-14T06:31:02.710+0000] {manager.py:741} INFO - There are 1 files in /opt/airflow/dags
[2026-02-14T06:31:14.677+0000] {manager.py:879} INFO - 
================================================================================
DAG File Processing Stats

File Path                                PID    Runtime      # DAGs    # Errors  Last Runtime    Last Run
---------------------------------------  -----  ---------  --------  ----------  --------------  -------------------
/opt/airflow/dags/sakiga_ds_pipeline.py                           1           0  0.21s           2026-02-14T06:31:14
================================================================================
[2026-02-14T06:31:45.048+0000] {manager.py:879} INFO - 
================================================================================
DAG File Processing Stats

File Path                                PID    Runtime      # DAGs    # Errors  Last Runtime    Last Run
---------------------------------------  -----  ---------  --------  ----------  --------------  -------------------
/opt/airflow/dags/sakiga_ds_pipeline.py                           1           0  0.22s           2026-02-14T06:31:45
================================================================================
[2026-02-14T06:32:15.363+0000] {manager.py:879} INFO - 
================================================================================
DAG File Processing Stats

File Path                                PID    Runtime      # DAGs    # Errors  Last Runtime    Last Run
---------------------------------------  -----  ---------  --------  ----------  --------------  -------------------
/opt/airflow/dags/sakiga_ds_pipeline.py                           1           0  0.21s           2026-02-14T06:32:15
================================================================================
[2026-02-14T06:32:45.668+0000] {manager.py:879} INFO - 
================================================================================
DAG File Processing Stats

File Path                                PID    Runtime      # DAGs    # Errors  Last Runtime    Last Run
---------------------------------------  -----  ---------  --------  ----------  --------------  -------------------
/opt/airflow/dags/sakiga_ds_pipeline.py                           1           0  0.21s           2026-02-14T06:32:45
================================================================================
[2026-02-14T06:33:15.978+0000] {manager.py:879} INFO - 
================================================================================
DAG File Processing Stats

File Path                                PID    Runtime      # DAGs    # Errors  Last Runtime    Last Run
---------------------------------------  -----  ---------  --------  ----------  --------------  -------------------
/opt/airflow/dags/sakiga_ds_pipeline.py                           1           0  0.21s           2026-02-14T06:33:15
================================================================================
[2026-02-14T06:33:46.290+0000] {manager.py:879} INFO - 
================================================================================
DAG File Processing Stats

File Path                                PID    Runtime      # DAGs    # Errors  Last Runtime    Last Run
---------------------------------------  -----  ---------  --------  ----------  --------------  -------------------
/opt/airflow/dags/sakiga_ds_pipeline.py                           1           0  0.21s           2026-02-14T06:33:46
================================================================================
[2026-02-14T06:34:16.598+0000] {manager.py:879} INFO - 
================================================================================
DAG File Processing Stats

File Path                                PID    Runtime      # DAGs    # Errors  Last Runtime    Last Run
---------------------------------------  -----  ---------  --------  ----------  --------------  -------------------
/opt/airflow/dags/sakiga_ds_pipeline.py                           1           0  0.21s           2026-02-14T06:34:16
================================================================================
[2026-02-14T06:34:46.893+0000] {manager.py:879} INFO - 
================================================================================
DAG File Processing Stats

File Path                                PID    Runtime      # DAGs    # Errors  Last Runtime    Last Run
---------------------------------------  -----  ---------  --------  ----------  --------------  -------------------
/opt/airflow/dags/sakiga_ds_pipeline.py                           1           0  0.21s           2026-02-14T06:34:46
================================================================================
[2026-02-14T06:35:17.236+0000] {manager.py:879} INFO - 
================================================================================
DAG File Processing Stats

File Path                                PID    Runtime      # DAGs    # Errors  Last Runtime    Last Run
---------------------------------------  -----  ---------  --------  ----------  --------------  -------------------
/opt/airflow/dags/sakiga_ds_pipeline.py                           1           0  0.21s           2026-02-14T06:35:17
================================================================================
[2026-02-14T06:35:47.528+0000] {manager.py:879} INFO - 
================================================================================
DAG File Processing Stats

File Path                                PID    Runtime      # DAGs    # Errors  Last Runtime    Last Run
---------------------------------------  -----  ---------  --------  ----------  --------------  -------------------
/opt/airflow/dags/sakiga_ds_pipeline.py                           1           0  0.21s           2026-02-14T06:35:47
================================================================================
[2026-02-14T06:36:02.901+0000] {manager.py:738} INFO - Searching for files in /opt/airflow/dags
[2026-02-14T06:36:02.936+0000] {manager.py:741} INFO - There are 1 files in /opt/airflow/dags
[2026-02-14T06:36:17.815+0000] {manager.py:879} INFO - 
================================================================================
DAG File Processing Stats

File Path                                PID    Runtime      # DAGs    # Errors  Last Runtime    Last Run
---------------------------------------  -----  ---------  --------  ----------  --------------  -------------------
/opt/airflow/dags/sakiga_ds_pipeline.py                           1           0  0.21s           2026-02-14T06:36:17
================================================================================
[2026-02-14T06:36:48.139+0000] {manager.py:879} INFO - 
================================================================================
DAG File Processing Stats

File Path                                PID    Runtime      # DAGs    # Errors  Last Runtime    Last Run
---------------------------------------  -----  ---------  --------  ----------  --------------  -------------------
/opt/airflow/dags/sakiga_ds_pipeline.py                           1           0  0.21s           2026-02-14T06:36:48
================================================================================
[2026-02-14T06:37:18.449+0000] {manager.py:879} INFO - 
================================================================================
DAG File Processing Stats

File Path                                PID    Runtime      # DAGs    # Errors  Last Runtime    Last Run
---------------------------------------  -----  ---------  --------  ----------  --------------  -------------------
/opt/airflow/dags/sakiga_ds_pipeline.py                           1           0  0.21s           2026-02-14T06:37:18
================================================================================
[2026-02-14T06:37:48.738+0000] {manager.py:879} INFO - 
================================================================================
DAG File Processing Stats

File Path                                PID    Runtime      # DAGs    # Errors  Last Runtime    Last Run
---------------------------------------  -----  ---------  --------  ----------  --------------  -------------------
/opt/airflow/dags/sakiga_ds_pipeline.py                           1           0  0.21s           2026-02-14T06:37:48
================================================================================
[2026-02-14T06:38:19.032+0000] {manager.py:879} INFO - 
================================================================================
DAG File Processing Stats

File Path                                PID    Runtime      # DAGs    # Errors  Last Runtime    Last Run
---------------------------------------  -----  ---------  --------  ----------  --------------  -------------------
/opt/airflow/dags/sakiga_ds_pipeline.py                           1           0  0.21s           2026-02-14T06:38:19
================================================================================
[2026-02-14T06:38:49.333+0000] {manager.py:879} INFO - 
================================================================================
DAG File Processing Stats

File Path                                PID    Runtime      # DAGs    # Errors  Last Runtime    Last Run
---------------------------------------  -----  ---------  --------  ----------  --------------  -------------------
/opt/airflow/dags/sakiga_ds_pipeline.py                           1           0  0.21s           2026-02-14T06:38:49
================================================================================
[2026-02-14T06:39:19.658+0000] {manager.py:879} INFO - 
================================================================================
DAG File Processing Stats

File Path                                PID    Runtime      # DAGs    # Errors  Last Runtime    Last Run
---------------------------------------  -----  ---------  --------  ----------  --------------  -------------------
/opt/airflow/dags/sakiga_ds_pipeline.py                           1           0  0.21s           2026-02-14T06:39:19
================================================================================
[2026-02-14T06:39:49.963+0000] {manager.py:879} INFO - 
================================================================================
DAG File Processing Stats

File Path                                PID    Runtime      # DAGs    # Errors  Last Runtime    Last Run
---------------------------------------  -----  ---------  --------  ----------  --------------  -------------------
/opt/airflow/dags/sakiga_ds_pipeline.py                           1           0  0.21s           2026-02-14T06:39:49
================================================================================
[2026-02-14T06:40:20.269+0000] {manager.py:879} INFO - 
================================================================================
DAG File Processing Stats

File Path                                PID    Runtime      # DAGs    # Errors  Last Runtime    Last Run
---------------------------------------  -----  ---------  --------  ----------  --------------  -------------------
/opt/airflow/dags/sakiga_ds_pipeline.py                           1           0  0.21s           2026-02-14T06:40:20
================================================================================
[2026-02-14T06:40:50.536+0000] {manager.py:879} INFO - 
================================================================================
DAG File Processing Stats

File Path                                PID    Runtime      # DAGs    # Errors  Last Runtime    Last Run
---------------------------------------  -----  ---------  --------  ----------  --------------  -------------------
/opt/airflow/dags/sakiga_ds_pipeline.py                           1           0  0.21s           2026-02-14T06:40:50
================================================================================
[2026-02-14T06:41:03.106+0000] {manager.py:738} INFO - Searching for files in /opt/airflow/dags
[2026-02-14T06:41:03.133+0000] {manager.py:741} INFO - There are 1 files in /opt/airflow/dags
[2026-02-14T06:41:20.783+0000] {manager.py:879} INFO - 
================================================================================
DAG File Processing Stats

File Path                                PID    Runtime      # DAGs    # Errors  Last Runtime    Last Run
---------------------------------------  -----  ---------  --------  ----------  --------------  -------------------
/opt/airflow/dags/sakiga_ds_pipeline.py                           1           0  0.21s           2026-02-14T06:41:20
================================================================================
[2026-02-14T06:41:51.086+0000] {manager.py:879} INFO - 
================================================================================
DAG File Processing Stats

File Path                                PID    Runtime      # DAGs    # Errors  Last Runtime    Last Run
---------------------------------------  -----  ---------  --------  ----------  --------------  -------------------
/opt/airflow/dags/sakiga_ds_pipeline.py                           1           0  0.21s           2026-02-14T06:41:51
================================================================================
[2026-02-14T06:42:21.390+0000] {manager.py:879} INFO - 
================================================================================
DAG File Processing Stats

File Path                                PID    Runtime      # DAGs    # Errors  Last Runtime    Last Run
---------------------------------------  -----  ---------  --------  ----------  --------------  -------------------
/opt/airflow/dags/sakiga_ds_pipeline.py                           1           0  0.21s           2026-02-14T06:42:21
================================================================================
[2026-02-14T06:42:51.705+0000] {manager.py:879} INFO - 
================================================================================
DAG File Processing Stats

File Path                                PID    Runtime      # DAGs    # Errors  Last Runtime    Last Run
---------------------------------------  -----  ---------  --------  ----------  --------------  -------------------
/opt/airflow/dags/sakiga_ds_pipeline.py                           1           0  0.21s           2026-02-14T06:42:51
================================================================================
[2026-02-14T06:43:22.002+0000] {manager.py:879} INFO - 
================================================================================
DAG File Processing Stats

File Path                                PID    Runtime      # DAGs    # Errors  Last Runtime    Last Run
---------------------------------------  -----  ---------  --------  ----------  --------------  -------------------
/opt/airflow/dags/sakiga_ds_pipeline.py                           1           0  0.21s           2026-02-14T06:43:22
================================================================================
[2026-02-14T06:43:52.322+0000] {manager.py:879} INFO - 
================================================================================
DAG File Processing Stats

File Path                                PID    Runtime      # DAGs    # Errors  Last Runtime    Last Run
---------------------------------------  -----  ---------  --------  ----------  --------------  -------------------
/opt/airflow/dags/sakiga_ds_pipeline.py                           1           0  0.21s           2026-02-14T06:43:52
================================================================================
[2026-02-14T06:44:22.608+0000] {manager.py:879} INFO - 
================================================================================
DAG File Processing Stats

File Path                                PID    Runtime      # DAGs    # Errors  Last Runtime    Last Run
---------------------------------------  -----  ---------  --------  ----------  --------------  -------------------
/opt/airflow/dags/sakiga_ds_pipeline.py                           1           0  0.21s           2026-02-14T06:44:22
================================================================================
[2026-02-14T06:44:52.919+0000] {manager.py:879} INFO - 
================================================================================
DAG File Processing Stats

File Path                                PID    Runtime      # DAGs    # Errors  Last Runtime    Last Run
---------------------------------------  -----  ---------  --------  ----------  --------------  -------------------
/opt/airflow/dags/sakiga_ds_pipeline.py                           1           0  0.21s           2026-02-14T06:44:52
================================================================================
[2026-02-14T06:45:23.228+0000] {manager.py:879} INFO - 
================================================================================
DAG File Processing Stats

File Path                                PID    Runtime      # DAGs    # Errors  Last Runtime    Last Run
---------------------------------------  -----  ---------  --------  ----------  --------------  -------------------
/opt/airflow/dags/sakiga_ds_pipeline.py                           1           0  0.21s           2026-02-14T06:45:23
================================================================================
[2026-02-14T06:45:53.534+0000] {manager.py:879} INFO - 
================================================================================
DAG File Processing Stats

File Path                                PID    Runtime      # DAGs    # Errors  Last Runtime    Last Run
---------------------------------------  -----  ---------  --------  ----------  --------------  -------------------
/opt/airflow/dags/sakiga_ds_pipeline.py                           1           0  0.21s           2026-02-14T06:45:53
================================================================================
[2026-02-14T06:46:03.334+0000] {manager.py:738} INFO - Searching for files in /opt/airflow/dags
[2026-02-14T06:46:03.359+0000] {manager.py:741} INFO - There are 1 files in /opt/airflow/dags
[2026-02-14T06:46:23.862+0000] {manager.py:879} INFO - 
================================================================================
DAG File Processing Stats

File Path                                PID    Runtime      # DAGs    # Errors  Last Runtime    Last Run
---------------------------------------  -----  ---------  --------  ----------  --------------  -------------------
/opt/airflow/dags/sakiga_ds_pipeline.py                           1           0  0.21s           2026-02-14T06:46:23
================================================================================
[2026-02-14T06:46:54.150+0000] {manager.py:879} INFO - 
================================================================================
DAG File Processing Stats

File Path                                PID    Runtime      # DAGs    # Errors  Last Runtime    Last Run
---------------------------------------  -----  ---------  --------  ----------  --------------  -------------------
/opt/airflow/dags/sakiga_ds_pipeline.py                           1           0  0.21s           2026-02-14T06:46:54
================================================================================
[2026-02-14T06:47:24.483+0000] {manager.py:879} INFO - 
================================================================================
DAG File Processing Stats

File Path                                PID    Runtime      # DAGs    # Errors  Last Runtime    Last Run
---------------------------------------  -----  ---------  --------  ----------  --------------  -------------------
/opt/airflow/dags/sakiga_ds_pipeline.py                           1           0  0.21s           2026-02-14T06:47:24
================================================================================
[2026-02-14T06:47:54.774+0000] {manager.py:879} INFO - 
================================================================================
DAG File Processing Stats

File Path                                PID    Runtime      # DAGs    # Errors  Last Runtime    Last Run
---------------------------------------  -----  ---------  --------  ----------  --------------  -------------------
/opt/airflow/dags/sakiga_ds_pipeline.py                           1           0  0.21s           2026-02-14T06:47:54
================================================================================
[2026-02-14T06:48:25.069+0000] {manager.py:879} INFO - 
================================================================================
DAG File Processing Stats

File Path                                PID    Runtime      # DAGs    # Errors  Last Runtime    Last Run
---------------------------------------  -----  ---------  --------  ----------  --------------  -------------------
/opt/airflow/dags/sakiga_ds_pipeline.py                           1           0  0.21s           2026-02-14T06:48:25
================================================================================
[2026-02-14T06:48:55.393+0000] {manager.py:879} INFO - 
================================================================================
DAG File Processing Stats

File Path                                PID    Runtime      # DAGs    # Errors  Last Runtime    Last Run
---------------------------------------  -----  ---------  --------  ----------  --------------  -------------------
/opt/airflow/dags/sakiga_ds_pipeline.py                           1           0  0.21s           2026-02-14T06:48:55
================================================================================
[2026-02-14T06:49:25.713+0000] {manager.py:879} INFO - 
================================================================================
DAG File Processing Stats

File Path                                PID    Runtime      # DAGs    # Errors  Last Runtime    Last Run
---------------------------------------  -----  ---------  --------  ----------  --------------  -------------------
/opt/airflow/dags/sakiga_ds_pipeline.py                           1           0  0.21s           2026-02-14T06:49:25
================================================================================
[2026-02-14T06:49:56.038+0000] {manager.py:879} INFO - 
================================================================================
DAG File Processing Stats

File Path                                PID    Runtime      # DAGs    # Errors  Last Runtime    Last Run
---------------------------------------  -----  ---------  --------  ----------  --------------  -------------------
/opt/airflow/dags/sakiga_ds_pipeline.py                           1           0  0.21s           2026-02-14T06:49:56
================================================================================
[2026-02-14T06:50:26.331+0000] {manager.py:879} INFO - 
================================================================================
DAG File Processing Stats

File Path                                PID    Runtime      # DAGs    # Errors  Last Runtime    Last Run
---------------------------------------  -----  ---------  --------  ----------  --------------  -------------------
/opt/airflow/dags/sakiga_ds_pipeline.py                           1           0  0.21s           2026-02-14T06:50:26
================================================================================
[2026-02-14T06:50:56.636+0000] {manager.py:879} INFO - 
================================================================================
DAG File Processing Stats

File Path                                PID    Runtime      # DAGs    # Errors  Last Runtime    Last Run
---------------------------------------  -----  ---------  --------  ----------  --------------  -------------------
/opt/airflow/dags/sakiga_ds_pipeline.py                           1           0  0.21s           2026-02-14T06:50:56
================================================================================
[2026-02-14T06:51:03.510+0000] {manager.py:738} INFO - Searching for files in /opt/airflow/dags
[2026-02-14T06:51:03.570+0000] {manager.py:741} INFO - There are 1 files in /opt/airflow/dags
[2026-02-14T06:51:26.933+0000] {manager.py:879} INFO - 
================================================================================
DAG File Processing Stats

File Path                                PID    Runtime      # DAGs    # Errors  Last Runtime    Last Run
---------------------------------------  -----  ---------  --------  ----------  --------------  -------------------
/opt/airflow/dags/sakiga_ds_pipeline.py                           1           0  0.21s           2026-02-14T06:51:26
================================================================================
[2026-02-14T06:51:57.232+0000] {manager.py:879} INFO - 
================================================================================
DAG File Processing Stats

File Path                                PID    Runtime      # DAGs    # Errors  Last Runtime    Last Run
---------------------------------------  -----  ---------  --------  ----------  --------------  -------------------
/opt/airflow/dags/sakiga_ds_pipeline.py                           1           0  0.21s           2026-02-14T06:51:57
================================================================================
[2026-02-14T06:52:27.545+0000] {manager.py:879} INFO - 
================================================================================
DAG File Processing Stats

File Path                                PID    Runtime      # DAGs    # Errors  Last Runtime    Last Run
---------------------------------------  -----  ---------  --------  ----------  --------------  -------------------
/opt/airflow/dags/sakiga_ds_pipeline.py                           1           0  0.21s           2026-02-14T06:52:27
================================================================================
[2026-02-14T06:52:57.824+0000] {manager.py:879} INFO - 
================================================================================
DAG File Processing Stats

File Path                                PID    Runtime      # DAGs    # Errors  Last Runtime    Last Run
---------------------------------------  -----  ---------  --------  ----------  --------------  -------------------
/opt/airflow/dags/sakiga_ds_pipeline.py                           1           0  0.21s           2026-02-14T06:52:57
================================================================================
[2026-02-14T06:53:28.115+0000] {manager.py:879} INFO - 
================================================================================
DAG File Processing Stats

File Path                                PID    Runtime      # DAGs    # Errors  Last Runtime    Last Run
---------------------------------------  -----  ---------  --------  ----------  --------------  -------------------
/opt/airflow/dags/sakiga_ds_pipeline.py                           1           0  0.21s           2026-02-14T06:53:28
================================================================================
[2026-02-14T06:53:58.405+0000] {manager.py:879} INFO - 
================================================================================
DAG File Processing Stats

File Path                                PID    Runtime      # DAGs    # Errors  Last Runtime    Last Run
---------------------------------------  -----  ---------  --------  ----------  --------------  -------------------
/opt/airflow/dags/sakiga_ds_pipeline.py                           1           0  0.21s           2026-02-14T06:53:58
================================================================================
[2026-02-14T06:54:28.690+0000] {manager.py:879} INFO - 
================================================================================
DAG File Processing Stats

File Path                                PID    Runtime      # DAGs    # Errors  Last Runtime    Last Run
---------------------------------------  -----  ---------  --------  ----------  --------------  -------------------
/opt/airflow/dags/sakiga_ds_pipeline.py                           1           0  0.21s           2026-02-14T06:54:28
================================================================================
[2026-02-14T06:54:59.003+0000] {manager.py:879} INFO - 
================================================================================
DAG File Processing Stats

File Path                                PID    Runtime      # DAGs    # Errors  Last Runtime    Last Run
---------------------------------------  -----  ---------  --------  ----------  --------------  -------------------
/opt/airflow/dags/sakiga_ds_pipeline.py                           1           0  0.21s           2026-02-14T06:54:59
================================================================================
[2026-02-14T06:55:29.318+0000] {manager.py:879} INFO - 
================================================================================
DAG File Processing Stats

File Path                                PID    Runtime      # DAGs    # Errors  Last Runtime    Last Run
---------------------------------------  -----  ---------  --------  ----------  --------------  -------------------
/opt/airflow/dags/sakiga_ds_pipeline.py                           1           0  0.21s           2026-02-14T06:55:29
================================================================================
[2026-02-14T06:55:59.614+0000] {manager.py:879} INFO - 
================================================================================
DAG File Processing Stats

File Path                                PID    Runtime      # DAGs    # Errors  Last Runtime    Last Run
---------------------------------------  -----  ---------  --------  ----------  --------------  -------------------
/opt/airflow/dags/sakiga_ds_pipeline.py                           1           0  0.21s           2026-02-14T06:55:59
================================================================================
[2026-02-14T06:56:03.701+0000] {manager.py:738} INFO - Searching for files in /opt/airflow/dags
[2026-02-14T06:56:03.763+0000] {manager.py:741} INFO - There are 1 files in /opt/airflow/dags
[2026-02-14T06:56:29.902+0000] {manager.py:879} INFO - 
================================================================================
DAG File Processing Stats

File Path                                PID    Runtime      # DAGs    # Errors  Last Runtime    Last Run
---------------------------------------  -----  ---------  --------  ----------  --------------  -------------------
/opt/airflow/dags/sakiga_ds_pipeline.py                           1           0  0.21s           2026-02-14T06:56:29
================================================================================
[2026-02-14T06:57:00.210+0000] {manager.py:879} INFO - 
================================================================================
DAG File Processing Stats

File Path                                PID    Runtime      # DAGs    # Errors  Last Runtime    Last Run
---------------------------------------  -----  ---------  --------  ----------  --------------  -------------------
/opt/airflow/dags/sakiga_ds_pipeline.py                           1           0  0.21s           2026-02-14T06:57:00
================================================================================
[2026-02-14T06:57:30.497+0000] {manager.py:879} INFO - 
================================================================================
DAG File Processing Stats

File Path                                PID    Runtime      # DAGs    # Errors  Last Runtime    Last Run
---------------------------------------  -----  ---------  --------  ----------  --------------  -------------------
/opt/airflow/dags/sakiga_ds_pipeline.py                           1           0  0.21s           2026-02-14T06:57:30
================================================================================
[2026-02-14T06:58:00.797+0000] {manager.py:879} INFO - 
================================================================================
DAG File Processing Stats

File Path                                PID    Runtime      # DAGs    # Errors  Last Runtime    Last Run
---------------------------------------  -----  ---------  --------  ----------  --------------  -------------------
/opt/airflow/dags/sakiga_ds_pipeline.py                           1           0  0.21s           2026-02-14T06:58:00
================================================================================
[2026-02-14T06:58:31.121+0000] {manager.py:879} INFO - 
================================================================================
DAG File Processing Stats

File Path                                PID    Runtime      # DAGs    # Errors  Last Runtime    Last Run
---------------------------------------  -----  ---------  --------  ----------  --------------  -------------------
/opt/airflow/dags/sakiga_ds_pipeline.py                           1           0  0.21s           2026-02-14T06:58:31
================================================================================
[2026-02-14T06:59:01.415+0000] {manager.py:879} INFO - 
================================================================================
DAG File Processing Stats

File Path                                PID    Runtime      # DAGs    # Errors  Last Runtime    Last Run
---------------------------------------  -----  ---------  --------  ----------  --------------  -------------------
/opt/airflow/dags/sakiga_ds_pipeline.py                           1           0  0.21s           2026-02-14T06:59:01
================================================================================
[2026-02-14T06:59:31.715+0000] {manager.py:879} INFO - 
================================================================================
DAG File Processing Stats

File Path                                PID    Runtime      # DAGs    # Errors  Last Runtime    Last Run
---------------------------------------  -----  ---------  --------  ----------  --------------  -------------------
/opt/airflow/dags/sakiga_ds_pipeline.py                           1           0  0.21s           2026-02-14T06:59:31
================================================================================
[2026-02-14T07:00:02.049+0000] {manager.py:879} INFO - 
================================================================================
DAG File Processing Stats

File Path                                PID    Runtime      # DAGs    # Errors  Last Runtime    Last Run
---------------------------------------  -----  ---------  --------  ----------  --------------  -------------------
/opt/airflow/dags/sakiga_ds_pipeline.py                           1           0  0.21s           2026-02-14T07:00:02
================================================================================
[2026-02-14T07:00:32.363+0000] {manager.py:879} INFO - 
================================================================================
DAG File Processing Stats

File Path                                PID    Runtime      # DAGs    # Errors  Last Runtime    Last Run
---------------------------------------  -----  ---------  --------  ----------  --------------  -------------------
/opt/airflow/dags/sakiga_ds_pipeline.py                           1           0  0.21s           2026-02-14T07:00:32
================================================================================
[2026-02-14T07:01:02.688+0000] {manager.py:879} INFO - 
================================================================================
DAG File Processing Stats

File Path                                PID    Runtime      # DAGs    # Errors  Last Runtime    Last Run
---------------------------------------  -----  ---------  --------  ----------  --------------  -------------------
/opt/airflow/dags/sakiga_ds_pipeline.py                           1           0  0.21s           2026-02-14T07:01:02
================================================================================
[2026-02-14T07:01:03.734+0000] {manager.py:738} INFO - Searching for files in /opt/airflow/dags
[2026-02-14T07:01:03.771+0000] {manager.py:741} INFO - There are 1 files in /opt/airflow/dags
[2026-02-14T07:01:32.993+0000] {manager.py:879} INFO - 
================================================================================
DAG File Processing Stats

File Path                                PID    Runtime      # DAGs    # Errors  Last Runtime    Last Run
---------------------------------------  -----  ---------  --------  ----------  --------------  -------------------
/opt/airflow/dags/sakiga_ds_pipeline.py                           1           0  0.21s           2026-02-14T07:01:32
================================================================================
[2026-02-14T07:02:03.286+0000] {manager.py:879} INFO - 
================================================================================
DAG File Processing Stats

File Path                                PID    Runtime      # DAGs    # Errors  Last Runtime    Last Run
---------------------------------------  -----  ---------  --------  ----------  --------------  -------------------
/opt/airflow/dags/sakiga_ds_pipeline.py                           1           0  0.21s           2026-02-14T07:02:03
================================================================================
[2026-02-14T07:02:33.572+0000] {manager.py:879} INFO - 
================================================================================
DAG File Processing Stats

File Path                                PID    Runtime      # DAGs    # Errors  Last Runtime    Last Run
---------------------------------------  -----  ---------  --------  ----------  --------------  -------------------
/opt/airflow/dags/sakiga_ds_pipeline.py                           1           0  0.21s           2026-02-14T07:02:33
================================================================================
[2026-02-14T07:03:03.905+0000] {manager.py:879} INFO - 
================================================================================
DAG File Processing Stats

File Path                                PID    Runtime      # DAGs    # Errors  Last Runtime    Last Run
---------------------------------------  -----  ---------  --------  ----------  --------------  -------------------
/opt/airflow/dags/sakiga_ds_pipeline.py                           1           0  0.21s           2026-02-14T07:03:03
================================================================================
[2026-02-14T07:03:34.190+0000] {manager.py:879} INFO - 
================================================================================
DAG File Processing Stats

File Path                                PID    Runtime      # DAGs    # Errors  Last Runtime    Last Run
---------------------------------------  -----  ---------  --------  ----------  --------------  -------------------
/opt/airflow/dags/sakiga_ds_pipeline.py                           1           0  0.21s           2026-02-14T07:03:34
================================================================================
[2026-02-14T07:04:04.491+0000] {manager.py:879} INFO - 
================================================================================
DAG File Processing Stats

File Path                                PID    Runtime      # DAGs    # Errors  Last Runtime    Last Run
---------------------------------------  -----  ---------  --------  ----------  --------------  -------------------
/opt/airflow/dags/sakiga_ds_pipeline.py                           1           0  0.21s           2026-02-14T07:04:04
================================================================================
[2026-02-14T07:04:34.790+0000] {manager.py:879} INFO - 
================================================================================
DAG File Processing Stats

File Path                                PID    Runtime      # DAGs    # Errors  Last Runtime    Last Run
---------------------------------------  -----  ---------  --------  ----------  --------------  -------------------
/opt/airflow/dags/sakiga_ds_pipeline.py                           1           0  0.21s           2026-02-14T07:04:34
================================================================================
[2026-02-14T07:05:05.098+0000] {manager.py:879} INFO - 
================================================================================
DAG File Processing Stats

File Path                                PID    Runtime      # DAGs    # Errors  Last Runtime    Last Run
---------------------------------------  -----  ---------  --------  ----------  --------------  -------------------
/opt/airflow/dags/sakiga_ds_pipeline.py                           1           0  0.21s           2026-02-14T07:05:05
================================================================================
[2026-02-14T07:05:35.362+0000] {manager.py:879} INFO - 
================================================================================
DAG File Processing Stats

File Path                                PID    Runtime      # DAGs    # Errors  Last Runtime    Last Run
---------------------------------------  -----  ---------  --------  ----------  --------------  -------------------
/opt/airflow/dags/sakiga_ds_pipeline.py                           1           0  0.21s           2026-02-14T07:05:35
================================================================================
[2026-02-14T07:06:04.042+0000] {manager.py:738} INFO - Searching for files in /opt/airflow/dags
[2026-02-14T07:06:04.065+0000] {manager.py:741} INFO - There are 1 files in /opt/airflow/dags
[2026-02-14T07:06:05.650+0000] {manager.py:879} INFO - 
================================================================================
DAG File Processing Stats

File Path                                PID    Runtime      # DAGs    # Errors  Last Runtime    Last Run
---------------------------------------  -----  ---------  --------  ----------  --------------  -------------------
/opt/airflow/dags/sakiga_ds_pipeline.py                           1           0  0.21s           2026-02-14T07:06:05
================================================================================
[2026-02-14T07:06:35.946+0000] {manager.py:879} INFO - 
================================================================================
DAG File Processing Stats

File Path                                PID    Runtime      # DAGs    # Errors  Last Runtime    Last Run
---------------------------------------  -----  ---------  --------  ----------  --------------  -------------------
/opt/airflow/dags/sakiga_ds_pipeline.py                           1           0  0.21s           2026-02-14T07:06:35
================================================================================
[2026-02-14T07:07:06.248+0000] {manager.py:879} INFO - 
================================================================================
DAG File Processing Stats

File Path                                PID    Runtime      # DAGs    # Errors  Last Runtime    Last Run
---------------------------------------  -----  ---------  --------  ----------  --------------  -------------------
/opt/airflow/dags/sakiga_ds_pipeline.py                           1           0  0.21s           2026-02-14T07:07:06
================================================================================
[2026-02-14T07:07:36.530+0000] {manager.py:879} INFO - 
================================================================================
DAG File Processing Stats

File Path                                PID    Runtime      # DAGs    # Errors  Last Runtime    Last Run
---------------------------------------  -----  ---------  --------  ----------  --------------  -------------------
/opt/airflow/dags/sakiga_ds_pipeline.py                           1           0  0.21s           2026-02-14T07:07:36
================================================================================
[2026-02-14T07:08:06.823+0000] {manager.py:879} INFO - 
================================================================================
DAG File Processing Stats

File Path                                PID    Runtime      # DAGs    # Errors  Last Runtime    Last Run
---------------------------------------  -----  ---------  --------  ----------  --------------  -------------------
/opt/airflow/dags/sakiga_ds_pipeline.py                           1           0  0.21s           2026-02-14T07:08:06
================================================================================
[2026-02-14T07:08:37.136+0000] {manager.py:879} INFO - 
================================================================================
DAG File Processing Stats

File Path                                PID    Runtime      # DAGs    # Errors  Last Runtime    Last Run
---------------------------------------  -----  ---------  --------  ----------  --------------  -------------------
/opt/airflow/dags/sakiga_ds_pipeline.py                           1           0  0.21s           2026-02-14T07:08:37
================================================================================
[2026-02-14T07:09:07.423+0000] {manager.py:879} INFO - 
================================================================================
DAG File Processing Stats

File Path                                PID    Runtime      # DAGs    # Errors  Last Runtime    Last Run
---------------------------------------  -----  ---------  --------  ----------  --------------  -------------------
/opt/airflow/dags/sakiga_ds_pipeline.py                           1           0  0.21s           2026-02-14T07:09:07
================================================================================
[2026-02-14T07:09:37.707+0000] {manager.py:879} INFO - 
================================================================================
DAG File Processing Stats

File Path                                PID    Runtime      # DAGs    # Errors  Last Runtime    Last Run
---------------------------------------  -----  ---------  --------  ----------  --------------  -------------------
/opt/airflow/dags/sakiga_ds_pipeline.py                           1           0  0.21s           2026-02-14T07:09:37
================================================================================
[2026-02-14T07:10:08.005+0000] {manager.py:879} INFO - 
================================================================================
DAG File Processing Stats

File Path                                PID    Runtime      # DAGs    # Errors  Last Runtime    Last Run
---------------------------------------  -----  ---------  --------  ----------  --------------  -------------------
/opt/airflow/dags/sakiga_ds_pipeline.py                           1           0  0.21s           2026-02-14T07:10:08
================================================================================
[2026-02-14T07:10:38.321+0000] {manager.py:879} INFO - 
================================================================================
DAG File Processing Stats

File Path                                PID    Runtime      # DAGs    # Errors  Last Runtime    Last Run
---------------------------------------  -----  ---------  --------  ----------  --------------  -------------------
/opt/airflow/dags/sakiga_ds_pipeline.py                           1           0  0.21s           2026-02-14T07:10:38
================================================================================
[2026-02-14T07:11:04.245+0000] {manager.py:738} INFO - Searching for files in /opt/airflow/dags
[2026-02-14T07:11:04.283+0000] {manager.py:741} INFO - There are 1 files in /opt/airflow/dags
[2026-02-14T07:11:08.600+0000] {manager.py:879} INFO - 
================================================================================
DAG File Processing Stats

File Path                                PID    Runtime      # DAGs    # Errors  Last Runtime    Last Run
---------------------------------------  -----  ---------  --------  ----------  --------------  -------------------
/opt/airflow/dags/sakiga_ds_pipeline.py                           1           0  0.21s           2026-02-14T07:11:08
================================================================================
[2026-02-14T07:11:38.919+0000] {manager.py:879} INFO - 
================================================================================
DAG File Processing Stats

File Path                                PID    Runtime      # DAGs    # Errors  Last Runtime    Last Run
---------------------------------------  -----  ---------  --------  ----------  --------------  -------------------
/opt/airflow/dags/sakiga_ds_pipeline.py                           1           0  0.21s           2026-02-14T07:11:38
================================================================================
[2026-02-14T07:12:09.233+0000] {manager.py:879} INFO - 
================================================================================
DAG File Processing Stats

File Path                                PID    Runtime      # DAGs    # Errors  Last Runtime    Last Run
---------------------------------------  -----  ---------  --------  ----------  --------------  -------------------
/opt/airflow/dags/sakiga_ds_pipeline.py                           1           0  0.21s           2026-02-14T07:12:09
================================================================================
[2026-02-14T07:12:39.530+0000] {manager.py:879} INFO - 
================================================================================
DAG File Processing Stats

File Path                                PID    Runtime      # DAGs    # Errors  Last Runtime    Last Run
---------------------------------------  -----  ---------  --------  ----------  --------------  -------------------
/opt/airflow/dags/sakiga_ds_pipeline.py                           1           0  0.21s           2026-02-14T07:12:39
================================================================================
[2026-02-14T07:13:09.822+0000] {manager.py:879} INFO - 
================================================================================
DAG File Processing Stats

File Path                                PID    Runtime      # DAGs    # Errors  Last Runtime    Last Run
---------------------------------------  -----  ---------  --------  ----------  --------------  -------------------
/opt/airflow/dags/sakiga_ds_pipeline.py                           1           0  0.21s           2026-02-14T07:13:09
================================================================================
[2026-02-14T07:13:40.104+0000] {manager.py:879} INFO - 
================================================================================
DAG File Processing Stats

File Path                                PID    Runtime      # DAGs    # Errors  Last Runtime    Last Run
---------------------------------------  -----  ---------  --------  ----------  --------------  -------------------
/opt/airflow/dags/sakiga_ds_pipeline.py                           1           0  0.21s           2026-02-14T07:13:40
================================================================================
[2026-02-14T07:14:10.409+0000] {manager.py:879} INFO - 
================================================================================
DAG File Processing Stats

File Path                                PID    Runtime      # DAGs    # Errors  Last Runtime    Last Run
---------------------------------------  -----  ---------  --------  ----------  --------------  -------------------
/opt/airflow/dags/sakiga_ds_pipeline.py                           1           0  0.21s           2026-02-14T07:14:10
================================================================================
[2026-02-14T07:14:40.696+0000] {manager.py:879} INFO - 
================================================================================
DAG File Processing Stats

File Path                                PID    Runtime      # DAGs    # Errors  Last Runtime    Last Run
---------------------------------------  -----  ---------  --------  ----------  --------------  -------------------
/opt/airflow/dags/sakiga_ds_pipeline.py                           1           0  0.21s           2026-02-14T07:14:40
================================================================================
[2026-02-14T07:15:11.000+0000] {manager.py:879} INFO - 
================================================================================
DAG File Processing Stats

File Path                                PID    Runtime      # DAGs    # Errors  Last Runtime    Last Run
---------------------------------------  -----  ---------  --------  ----------  --------------  -------------------
/opt/airflow/dags/sakiga_ds_pipeline.py                           1           0  0.21s           2026-02-14T07:15:10
================================================================================
[2026-02-14T07:15:41.314+0000] {manager.py:879} INFO - 
================================================================================
DAG File Processing Stats

File Path                                PID    Runtime      # DAGs    # Errors  Last Runtime    Last Run
---------------------------------------  -----  ---------  --------  ----------  --------------  -------------------
/opt/airflow/dags/sakiga_ds_pipeline.py                           1           0  0.21s           2026-02-14T07:15:41
================================================================================
[2026-02-14T07:16:04.474+0000] {manager.py:738} INFO - Searching for files in /opt/airflow/dags
[2026-02-14T07:16:04.506+0000] {manager.py:741} INFO - There are 1 files in /opt/airflow/dags
[2026-02-14T07:16:11.615+0000] {manager.py:879} INFO - 
================================================================================
DAG File Processing Stats

File Path                                PID    Runtime      # DAGs    # Errors  Last Runtime    Last Run
---------------------------------------  -----  ---------  --------  ----------  --------------  -------------------
/opt/airflow/dags/sakiga_ds_pipeline.py                           1           0  0.21s           2026-02-14T07:16:11
================================================================================
[2026-02-14T07:16:41.928+0000] {manager.py:879} INFO - 
================================================================================
DAG File Processing Stats

File Path                                PID    Runtime      # DAGs    # Errors  Last Runtime    Last Run
---------------------------------------  -----  ---------  --------  ----------  --------------  -------------------
/opt/airflow/dags/sakiga_ds_pipeline.py                           1           0  0.21s           2026-02-14T07:16:41
================================================================================
[2026-02-14T07:17:12.214+0000] {manager.py:879} INFO - 
================================================================================
DAG File Processing Stats

File Path                                PID    Runtime      # DAGs    # Errors  Last Runtime    Last Run
---------------------------------------  -----  ---------  --------  ----------  --------------  -------------------
/opt/airflow/dags/sakiga_ds_pipeline.py                           1           0  0.21s           2026-02-14T07:17:12
================================================================================
[2026-02-14T07:17:42.509+0000] {manager.py:879} INFO - 
================================================================================
DAG File Processing Stats

File Path                                PID    Runtime      # DAGs    # Errors  Last Runtime    Last Run
---------------------------------------  -----  ---------  --------  ----------  --------------  -------------------
/opt/airflow/dags/sakiga_ds_pipeline.py                           1           0  0.21s           2026-02-14T07:17:42
================================================================================
[2026-02-14T07:18:12.823+0000] {manager.py:879} INFO - 
================================================================================
DAG File Processing Stats

File Path                                PID    Runtime      # DAGs    # Errors  Last Runtime    Last Run
---------------------------------------  -----  ---------  --------  ----------  --------------  -------------------
/opt/airflow/dags/sakiga_ds_pipeline.py                           1           0  0.21s           2026-02-14T07:18:12
================================================================================
[2026-02-14T07:18:43.163+0000] {manager.py:879} INFO - 
================================================================================
DAG File Processing Stats

File Path                                PID    Runtime      # DAGs    # Errors  Last Runtime    Last Run
---------------------------------------  -----  ---------  --------  ----------  --------------  -------------------
/opt/airflow/dags/sakiga_ds_pipeline.py                           1           0  0.21s           2026-02-14T07:18:43
================================================================================
[2026-02-14T07:19:13.466+0000] {manager.py:879} INFO - 
================================================================================
DAG File Processing Stats

File Path                                PID    Runtime      # DAGs    # Errors  Last Runtime    Last Run
---------------------------------------  -----  ---------  --------  ----------  --------------  -------------------
/opt/airflow/dags/sakiga_ds_pipeline.py                           1           0  0.21s           2026-02-14T07:19:13
================================================================================
[2026-02-14T07:19:43.770+0000] {manager.py:879} INFO - 
================================================================================
DAG File Processing Stats

File Path                                PID    Runtime      # DAGs    # Errors  Last Runtime    Last Run
---------------------------------------  -----  ---------  --------  ----------  --------------  -------------------
/opt/airflow/dags/sakiga_ds_pipeline.py                           1           0  0.21s           2026-02-14T07:19:43
================================================================================
[2026-02-14T07:20:14.087+0000] {manager.py:879} INFO - 
================================================================================
DAG File Processing Stats

File Path                                PID    Runtime      # DAGs    # Errors  Last Runtime    Last Run
---------------------------------------  -----  ---------  --------  ----------  --------------  -------------------
/opt/airflow/dags/sakiga_ds_pipeline.py                           1           0  0.21s           2026-02-14T07:20:14
================================================================================
[2026-02-14T07:20:44.390+0000] {manager.py:879} INFO - 
================================================================================
DAG File Processing Stats

File Path                                PID    Runtime      # DAGs    # Errors  Last Runtime    Last Run
---------------------------------------  -----  ---------  --------  ----------  --------------  -------------------
/opt/airflow/dags/sakiga_ds_pipeline.py                           1           0  0.21s           2026-02-14T07:20:44
================================================================================
[2026-02-14T07:21:04.700+0000] {manager.py:738} INFO - Searching for files in /opt/airflow/dags
[2026-02-14T07:21:04.761+0000] {manager.py:741} INFO - There are 1 files in /opt/airflow/dags
[2026-02-14T07:21:14.686+0000] {manager.py:879} INFO - 
================================================================================
DAG File Processing Stats

File Path                                PID    Runtime      # DAGs    # Errors  Last Runtime    Last Run
---------------------------------------  -----  ---------  --------  ----------  --------------  -------------------
/opt/airflow/dags/sakiga_ds_pipeline.py                           1           0  0.21s           2026-02-14T07:21:14
================================================================================
[2026-02-14T07:21:45.025+0000] {manager.py:879} INFO - 
================================================================================
DAG File Processing Stats

File Path                                PID    Runtime      # DAGs    # Errors  Last Runtime    Last Run
---------------------------------------  -----  ---------  --------  ----------  --------------  -------------------
/opt/airflow/dags/sakiga_ds_pipeline.py                           1           0  0.21s           2026-02-14T07:21:45
================================================================================
[2026-02-14T07:22:15.339+0000] {manager.py:879} INFO - 
================================================================================
DAG File Processing Stats

File Path                                PID    Runtime      # DAGs    # Errors  Last Runtime    Last Run
---------------------------------------  -----  ---------  --------  ----------  --------------  -------------------
/opt/airflow/dags/sakiga_ds_pipeline.py                           1           0  0.21s           2026-02-14T07:22:15
================================================================================
[2026-02-14T07:22:45.637+0000] {manager.py:879} INFO - 
================================================================================
DAG File Processing Stats

File Path                                PID    Runtime      # DAGs    # Errors  Last Runtime    Last Run
---------------------------------------  -----  ---------  --------  ----------  --------------  -------------------
/opt/airflow/dags/sakiga_ds_pipeline.py                           1           0  0.20s           2026-02-14T07:22:45
================================================================================
[2026-02-14T07:23:15.941+0000] {manager.py:879} INFO - 
================================================================================
DAG File Processing Stats

File Path                                PID    Runtime      # DAGs    # Errors  Last Runtime    Last Run
---------------------------------------  -----  ---------  --------  ----------  --------------  -------------------
/opt/airflow/dags/sakiga_ds_pipeline.py                           1           0  0.21s           2026-02-14T07:23:15
================================================================================
[2026-02-14T07:23:46.255+0000] {manager.py:879} INFO - 
================================================================================
DAG File Processing Stats

File Path                                PID    Runtime      # DAGs    # Errors  Last Runtime    Last Run
---------------------------------------  -----  ---------  --------  ----------  --------------  -------------------
/opt/airflow/dags/sakiga_ds_pipeline.py                           1           0  0.21s           2026-02-14T07:23:46
================================================================================
[2026-02-14T07:24:16.543+0000] {manager.py:879} INFO - 
================================================================================
DAG File Processing Stats

File Path                                PID    Runtime      # DAGs    # Errors  Last Runtime    Last Run
---------------------------------------  -----  ---------  --------  ----------  --------------  -------------------
/opt/airflow/dags/sakiga_ds_pipeline.py                           1           0  0.21s           2026-02-14T07:24:16
================================================================================
[2026-02-14T07:24:46.829+0000] {manager.py:879} INFO - 
================================================================================
DAG File Processing Stats

File Path                                PID    Runtime      # DAGs    # Errors  Last Runtime    Last Run
---------------------------------------  -----  ---------  --------  ----------  --------------  -------------------
/opt/airflow/dags/sakiga_ds_pipeline.py                           1           0  0.21s           2026-02-14T07:24:46
================================================================================
[2026-02-14T07:25:17.147+0000] {manager.py:879} INFO - 
================================================================================
DAG File Processing Stats

File Path                                PID    Runtime      # DAGs    # Errors  Last Runtime    Last Run
---------------------------------------  -----  ---------  --------  ----------  --------------  -------------------
/opt/airflow/dags/sakiga_ds_pipeline.py                           1           0  0.21s           2026-02-14T07:25:17
================================================================================
[2026-02-14T07:25:47.454+0000] {manager.py:879} INFO - 
================================================================================
DAG File Processing Stats

File Path                                PID    Runtime      # DAGs    # Errors  Last Runtime    Last Run
---------------------------------------  -----  ---------  --------  ----------  --------------  -------------------
/opt/airflow/dags/sakiga_ds_pipeline.py                           1           0  0.21s           2026-02-14T07:25:47
================================================================================
[2026-02-14T07:26:04.924+0000] {manager.py:738} INFO - Searching for files in /opt/airflow/dags
[2026-02-14T07:26:04.970+0000] {manager.py:741} INFO - There are 1 files in /opt/airflow/dags
[2026-02-14T07:26:17.755+0000] {manager.py:879} INFO - 
================================================================================
DAG File Processing Stats

File Path                                PID    Runtime      # DAGs    # Errors  Last Runtime    Last Run
---------------------------------------  -----  ---------  --------  ----------  --------------  -------------------
/opt/airflow/dags/sakiga_ds_pipeline.py                           1           0  0.21s           2026-02-14T07:26:17
================================================================================
[2026-02-14T07:26:48.062+0000] {manager.py:879} INFO - 
================================================================================
DAG File Processing Stats

File Path                                PID    Runtime      # DAGs    # Errors  Last Runtime    Last Run
---------------------------------------  -----  ---------  --------  ----------  --------------  -------------------
/opt/airflow/dags/sakiga_ds_pipeline.py                           1           0  0.21s           2026-02-14T07:26:48
================================================================================
[2026-02-14T07:27:18.364+0000] {manager.py:879} INFO - 
================================================================================
DAG File Processing Stats

File Path                                PID    Runtime      # DAGs    # Errors  Last Runtime    Last Run
---------------------------------------  -----  ---------  --------  ----------  --------------  -------------------
/opt/airflow/dags/sakiga_ds_pipeline.py                           1           0  0.21s           2026-02-14T07:27:18
================================================================================
[2026-02-14T07:27:48.681+0000] {manager.py:879} INFO - 
================================================================================
DAG File Processing Stats

File Path                                PID    Runtime      # DAGs    # Errors  Last Runtime    Last Run
---------------------------------------  -----  ---------  --------  ----------  --------------  -------------------
/opt/airflow/dags/sakiga_ds_pipeline.py                           1           0  0.21s           2026-02-14T07:27:48
================================================================================
[2026-02-14T07:28:18.973+0000] {manager.py:879} INFO - 
================================================================================
DAG File Processing Stats

File Path                                PID    Runtime      # DAGs    # Errors  Last Runtime    Last Run
---------------------------------------  -----  ---------  --------  ----------  --------------  -------------------
/opt/airflow/dags/sakiga_ds_pipeline.py                           1           0  0.21s           2026-02-14T07:28:18
================================================================================
[2026-02-14T07:28:49.271+0000] {manager.py:879} INFO - 
================================================================================
DAG File Processing Stats

File Path                                PID    Runtime      # DAGs    # Errors  Last Runtime    Last Run
---------------------------------------  -----  ---------  --------  ----------  --------------  -------------------
/opt/airflow/dags/sakiga_ds_pipeline.py                           1           0  0.21s           2026-02-14T07:28:49
================================================================================
[2026-02-14T07:29:19.576+0000] {manager.py:879} INFO - 
================================================================================
DAG File Processing Stats

File Path                                PID    Runtime      # DAGs    # Errors  Last Runtime    Last Run
---------------------------------------  -----  ---------  --------  ----------  --------------  -------------------
/opt/airflow/dags/sakiga_ds_pipeline.py                           1           0  0.21s           2026-02-14T07:29:19
================================================================================
[2026-02-14T07:29:49.889+0000] {manager.py:879} INFO - 
================================================================================
DAG File Processing Stats

File Path                                PID    Runtime      # DAGs    # Errors  Last Runtime    Last Run
---------------------------------------  -----  ---------  --------  ----------  --------------  -------------------
/opt/airflow/dags/sakiga_ds_pipeline.py                           1           0  0.21s           2026-02-14T07:29:49
================================================================================
[2026-02-14T07:30:20.207+0000] {manager.py:879} INFO - 
================================================================================
DAG File Processing Stats

File Path                                PID    Runtime      # DAGs    # Errors  Last Runtime    Last Run
---------------------------------------  -----  ---------  --------  ----------  --------------  -------------------
/opt/airflow/dags/sakiga_ds_pipeline.py                           1           0  0.21s           2026-02-14T07:30:20
================================================================================
[2026-02-14T07:30:50.510+0000] {manager.py:879} INFO - 
================================================================================
DAG File Processing Stats

File Path                                PID    Runtime      # DAGs    # Errors  Last Runtime    Last Run
---------------------------------------  -----  ---------  --------  ----------  --------------  -------------------
/opt/airflow/dags/sakiga_ds_pipeline.py                           1           0  0.21s           2026-02-14T07:30:50
================================================================================
[2026-02-14T07:31:05.022+0000] {manager.py:738} INFO - Searching for files in /opt/airflow/dags
[2026-02-14T07:31:05.049+0000] {manager.py:741} INFO - There are 1 files in /opt/airflow/dags
[2026-02-14T07:31:20.861+0000] {manager.py:879} INFO - 
================================================================================
DAG File Processing Stats

File Path                                PID    Runtime      # DAGs    # Errors  Last Runtime    Last Run
---------------------------------------  -----  ---------  --------  ----------  --------------  -------------------
/opt/airflow/dags/sakiga_ds_pipeline.py                           1           0  0.21s           2026-02-14T07:31:20
================================================================================
[2026-02-14T07:31:51.186+0000] {manager.py:879} INFO - 
================================================================================
DAG File Processing Stats

File Path                                PID    Runtime      # DAGs    # Errors  Last Runtime    Last Run
---------------------------------------  -----  ---------  --------  ----------  --------------  -------------------
/opt/airflow/dags/sakiga_ds_pipeline.py                           1           0  0.21s           2026-02-14T07:31:51
================================================================================
[2026-02-14T07:32:21.499+0000] {manager.py:879} INFO - 
================================================================================
DAG File Processing Stats

File Path                                PID    Runtime      # DAGs    # Errors  Last Runtime    Last Run
---------------------------------------  -----  ---------  --------  ----------  --------------  -------------------
/opt/airflow/dags/sakiga_ds_pipeline.py                           1           0  0.21s           2026-02-14T07:32:21
================================================================================
[2026-02-14T07:32:51.817+0000] {manager.py:879} INFO - 
================================================================================
DAG File Processing Stats

File Path                                PID    Runtime      # DAGs    # Errors  Last Runtime    Last Run
---------------------------------------  -----  ---------  --------  ----------  --------------  -------------------
/opt/airflow/dags/sakiga_ds_pipeline.py                           1           0  0.21s           2026-02-14T07:32:51
================================================================================
[2026-02-14T07:33:22.108+0000] {manager.py:879} INFO - 
================================================================================
DAG File Processing Stats

File Path                                PID    Runtime      # DAGs    # Errors  Last Runtime    Last Run
---------------------------------------  -----  ---------  --------  ----------  --------------  -------------------
/opt/airflow/dags/sakiga_ds_pipeline.py                           1           0  0.21s           2026-02-14T07:33:22
================================================================================
[2026-02-14T07:33:52.396+0000] {manager.py:879} INFO - 
================================================================================
DAG File Processing Stats

File Path                                PID    Runtime      # DAGs    # Errors  Last Runtime    Last Run
---------------------------------------  -----  ---------  --------  ----------  --------------  -------------------
/opt/airflow/dags/sakiga_ds_pipeline.py                           1           0  0.21s           2026-02-14T07:33:52
================================================================================
[2026-02-14T07:34:22.703+0000] {manager.py:879} INFO - 
================================================================================
DAG File Processing Stats

File Path                                PID    Runtime      # DAGs    # Errors  Last Runtime    Last Run
---------------------------------------  -----  ---------  --------  ----------  --------------  -------------------
/opt/airflow/dags/sakiga_ds_pipeline.py                           1           0  0.21s           2026-02-14T07:34:22
================================================================================
[2026-02-14T07:34:53.012+0000] {manager.py:879} INFO - 
================================================================================
DAG File Processing Stats

File Path                                PID    Runtime      # DAGs    # Errors  Last Runtime    Last Run
---------------------------------------  -----  ---------  --------  ----------  --------------  -------------------
/opt/airflow/dags/sakiga_ds_pipeline.py                           1           0  0.21s           2026-02-14T07:34:53
================================================================================
[2026-02-14T07:35:23.301+0000] {manager.py:879} INFO - 
================================================================================
DAG File Processing Stats

File Path                                PID    Runtime      # DAGs    # Errors  Last Runtime    Last Run
---------------------------------------  -----  ---------  --------  ----------  --------------  -------------------
/opt/airflow/dags/sakiga_ds_pipeline.py                           1           0  0.21s           2026-02-14T07:35:23
================================================================================
[2026-02-14T07:35:53.599+0000] {manager.py:879} INFO - 
================================================================================
DAG File Processing Stats

File Path                                PID    Runtime      # DAGs    # Errors  Last Runtime    Last Run
---------------------------------------  -----  ---------  --------  ----------  --------------  -------------------
/opt/airflow/dags/sakiga_ds_pipeline.py                           1           0  0.21s           2026-02-14T07:35:53
================================================================================
[2026-02-14T07:36:05.316+0000] {manager.py:738} INFO - Searching for files in /opt/airflow/dags
[2026-02-14T07:36:05.407+0000] {manager.py:741} INFO - There are 1 files in /opt/airflow/dags
[2026-02-14T07:36:23.914+0000] {manager.py:879} INFO - 
================================================================================
DAG File Processing Stats

File Path                                PID    Runtime      # DAGs    # Errors  Last Runtime    Last Run
---------------------------------------  -----  ---------  --------  ----------  --------------  -------------------
/opt/airflow/dags/sakiga_ds_pipeline.py                           1           0  0.21s           2026-02-14T07:36:23
================================================================================
[2026-02-14T07:36:54.221+0000] {manager.py:879} INFO - 
================================================================================
DAG File Processing Stats

File Path                                PID    Runtime      # DAGs    # Errors  Last Runtime    Last Run
---------------------------------------  -----  ---------  --------  ----------  --------------  -------------------
/opt/airflow/dags/sakiga_ds_pipeline.py                           1           0  0.21s           2026-02-14T07:36:54
================================================================================
[2026-02-14T07:37:24.522+0000] {manager.py:879} INFO - 
================================================================================
DAG File Processing Stats

File Path                                PID    Runtime      # DAGs    # Errors  Last Runtime    Last Run
---------------------------------------  -----  ---------  --------  ----------  --------------  -------------------
/opt/airflow/dags/sakiga_ds_pipeline.py                           1           0  0.21s           2026-02-14T07:37:24
================================================================================
[2026-02-14T07:37:54.817+0000] {manager.py:879} INFO - 
================================================================================
DAG File Processing Stats

File Path                                PID    Runtime      # DAGs    # Errors  Last Runtime    Last Run
---------------------------------------  -----  ---------  --------  ----------  --------------  -------------------
/opt/airflow/dags/sakiga_ds_pipeline.py                           1           0  0.21s           2026-02-14T07:37:54
================================================================================
[2026-02-14T07:38:25.116+0000] {manager.py:879} INFO - 
================================================================================
DAG File Processing Stats

File Path                                PID    Runtime      # DAGs    # Errors  Last Runtime    Last Run
---------------------------------------  -----  ---------  --------  ----------  --------------  -------------------
/opt/airflow/dags/sakiga_ds_pipeline.py                           1           0  0.21s           2026-02-14T07:38:25
================================================================================
[2026-02-14T07:38:55.449+0000] {manager.py:879} INFO - 
================================================================================
DAG File Processing Stats

File Path                                PID    Runtime      # DAGs    # Errors  Last Runtime    Last Run
---------------------------------------  -----  ---------  --------  ----------  --------------  -------------------
/opt/airflow/dags/sakiga_ds_pipeline.py                           1           0  0.21s           2026-02-14T07:38:55
================================================================================
[2026-02-14T07:39:25.666+0000] {manager.py:879} INFO - 
================================================================================
DAG File Processing Stats

File Path                                PID    Runtime      # DAGs    # Errors  Last Runtime    Last Run
---------------------------------------  -----  ---------  --------  ----------  --------------  -------------------
/opt/airflow/dags/sakiga_ds_pipeline.py                           1           0  0.21s           2026-02-14T07:39:25
================================================================================
[2026-02-14T07:39:55.957+0000] {manager.py:879} INFO - 
================================================================================
DAG File Processing Stats

File Path                                PID    Runtime      # DAGs    # Errors  Last Runtime    Last Run
---------------------------------------  -----  ---------  --------  ----------  --------------  -------------------
/opt/airflow/dags/sakiga_ds_pipeline.py                           1           0  0.21s           2026-02-14T07:39:55
================================================================================
[2026-02-14T07:40:26.252+0000] {manager.py:879} INFO - 
================================================================================
DAG File Processing Stats

File Path                                PID    Runtime      # DAGs    # Errors  Last Runtime    Last Run
---------------------------------------  -----  ---------  --------  ----------  --------------  -------------------
/opt/airflow/dags/sakiga_ds_pipeline.py                           1           0  0.21s           2026-02-14T07:40:26
================================================================================
[2026-02-14T07:40:56.497+0000] {manager.py:879} INFO - 
================================================================================
DAG File Processing Stats

File Path                                PID    Runtime      # DAGs    # Errors  Last Runtime    Last Run
---------------------------------------  -----  ---------  --------  ----------  --------------  -------------------
/opt/airflow/dags/sakiga_ds_pipeline.py                           1           0  0.21s           2026-02-14T07:40:56
================================================================================
[2026-02-14T07:41:05.347+0000] {manager.py:738} INFO - Searching for files in /opt/airflow/dags
[2026-02-14T07:41:05.390+0000] {manager.py:741} INFO - There are 1 files in /opt/airflow/dags
[2026-02-14T07:41:26.799+0000] {manager.py:879} INFO - 
================================================================================
DAG File Processing Stats

File Path                                PID    Runtime      # DAGs    # Errors  Last Runtime    Last Run
---------------------------------------  -----  ---------  --------  ----------  --------------  -------------------
/opt/airflow/dags/sakiga_ds_pipeline.py                           1           0  0.21s           2026-02-14T07:41:26
================================================================================
[2026-02-14T07:41:57.112+0000] {manager.py:879} INFO - 
================================================================================
DAG File Processing Stats

File Path                                PID    Runtime      # DAGs    # Errors  Last Runtime    Last Run
---------------------------------------  -----  ---------  --------  ----------  --------------  -------------------
/opt/airflow/dags/sakiga_ds_pipeline.py                           1           0  0.21s           2026-02-14T07:41:57
================================================================================
[2026-02-14T07:42:27.406+0000] {manager.py:879} INFO - 
================================================================================
DAG File Processing Stats

File Path                                PID    Runtime      # DAGs    # Errors  Last Runtime    Last Run
---------------------------------------  -----  ---------  --------  ----------  --------------  -------------------
/opt/airflow/dags/sakiga_ds_pipeline.py                           1           0  0.21s           2026-02-14T07:42:27
================================================================================
[2026-02-14T07:42:57.708+0000] {manager.py:879} INFO - 
================================================================================
DAG File Processing Stats

File Path                                PID    Runtime      # DAGs    # Errors  Last Runtime    Last Run
---------------------------------------  -----  ---------  --------  ----------  --------------  -------------------
/opt/airflow/dags/sakiga_ds_pipeline.py                           1           0  0.21s           2026-02-14T07:42:57
================================================================================
[2026-02-14T07:43:28.000+0000] {manager.py:879} INFO - 
================================================================================
DAG File Processing Stats

File Path                                PID    Runtime      # DAGs    # Errors  Last Runtime    Last Run
---------------------------------------  -----  ---------  --------  ----------  --------------  -------------------
/opt/airflow/dags/sakiga_ds_pipeline.py                           1           0  0.21s           2026-02-14T07:43:27
================================================================================
[2026-02-14T07:43:58.300+0000] {manager.py:879} INFO - 
================================================================================
DAG File Processing Stats

File Path                                PID    Runtime      # DAGs    # Errors  Last Runtime    Last Run
---------------------------------------  -----  ---------  --------  ----------  --------------  -------------------
/opt/airflow/dags/sakiga_ds_pipeline.py                           1           0  0.21s           2026-02-14T07:43:58
================================================================================
[2026-02-14T07:44:28.683+0000] {manager.py:879} INFO - 
================================================================================
DAG File Processing Stats

File Path                                PID    Runtime      # DAGs    # Errors  Last Runtime    Last Run
---------------------------------------  -----  ---------  --------  ----------  --------------  -------------------
/opt/airflow/dags/sakiga_ds_pipeline.py                           1           0  0.25s           2026-02-14T07:44:28
================================================================================
[2026-02-14T07:44:58.985+0000] {manager.py:879} INFO - 
================================================================================
DAG File Processing Stats

File Path                                PID    Runtime      # DAGs    # Errors  Last Runtime    Last Run
---------------------------------------  -----  ---------  --------  ----------  --------------  -------------------
/opt/airflow/dags/sakiga_ds_pipeline.py                           1           0  0.22s           2026-02-14T07:44:58
================================================================================
[2026-02-14T07:45:29.290+0000] {manager.py:879} INFO - 
================================================================================
DAG File Processing Stats

File Path                                PID    Runtime      # DAGs    # Errors  Last Runtime    Last Run
---------------------------------------  -----  ---------  --------  ----------  --------------  -------------------
/opt/airflow/dags/sakiga_ds_pipeline.py                           1           0  0.21s           2026-02-14T07:45:29
================================================================================
[2026-02-14T07:45:59.580+0000] {manager.py:879} INFO - 
================================================================================
DAG File Processing Stats

File Path                                PID    Runtime      # DAGs    # Errors  Last Runtime    Last Run
---------------------------------------  -----  ---------  --------  ----------  --------------  -------------------
/opt/airflow/dags/sakiga_ds_pipeline.py                           1           0  0.21s           2026-02-14T07:45:59
================================================================================
[2026-02-14T07:46:05.622+0000] {manager.py:738} INFO - Searching for files in /opt/airflow/dags
[2026-02-14T07:46:05.645+0000] {manager.py:741} INFO - There are 1 files in /opt/airflow/dags
[2026-02-14T07:46:29.893+0000] {manager.py:879} INFO - 
================================================================================
DAG File Processing Stats

File Path                                PID    Runtime      # DAGs    # Errors  Last Runtime    Last Run
---------------------------------------  -----  ---------  --------  ----------  --------------  -------------------
/opt/airflow/dags/sakiga_ds_pipeline.py                           1           0  0.21s           2026-02-14T07:46:29
================================================================================
[2026-02-14T07:47:00.212+0000] {manager.py:879} INFO - 
================================================================================
DAG File Processing Stats

File Path                                PID    Runtime      # DAGs    # Errors  Last Runtime    Last Run
---------------------------------------  -----  ---------  --------  ----------  --------------  -------------------
/opt/airflow/dags/sakiga_ds_pipeline.py                           1           0  0.21s           2026-02-14T07:47:00
================================================================================
[2026-02-14T07:47:30.499+0000] {manager.py:879} INFO - 
================================================================================
DAG File Processing Stats

File Path                                PID    Runtime      # DAGs    # Errors  Last Runtime    Last Run
---------------------------------------  -----  ---------  --------  ----------  --------------  -------------------
/opt/airflow/dags/sakiga_ds_pipeline.py                           1           0  0.21s           2026-02-14T07:47:30
================================================================================
[2026-02-14T07:48:00.792+0000] {manager.py:879} INFO - 
================================================================================
DAG File Processing Stats

File Path                                PID    Runtime      # DAGs    # Errors  Last Runtime    Last Run
---------------------------------------  -----  ---------  --------  ----------  --------------  -------------------
/opt/airflow/dags/sakiga_ds_pipeline.py                           1           0  0.21s           2026-02-14T07:48:00
================================================================================
[2026-02-14T07:48:31.123+0000] {manager.py:879} INFO - 
================================================================================
DAG File Processing Stats

File Path                                PID    Runtime      # DAGs    # Errors  Last Runtime    Last Run
---------------------------------------  -----  ---------  --------  ----------  --------------  -------------------
/opt/airflow/dags/sakiga_ds_pipeline.py                           1           0  0.22s           2026-02-14T07:48:31
================================================================================
[2026-02-14T07:49:01.413+0000] {manager.py:879} INFO - 
================================================================================
DAG File Processing Stats

File Path                                PID    Runtime      # DAGs    # Errors  Last Runtime    Last Run
---------------------------------------  -----  ---------  --------  ----------  --------------  -------------------
/opt/airflow/dags/sakiga_ds_pipeline.py                           1           0  0.21s           2026-02-14T07:49:01
================================================================================
[2026-02-14T07:49:31.698+0000] {manager.py:879} INFO - 
================================================================================
DAG File Processing Stats

File Path                                PID    Runtime      # DAGs    # Errors  Last Runtime    Last Run
---------------------------------------  -----  ---------  --------  ----------  --------------  -------------------
/opt/airflow/dags/sakiga_ds_pipeline.py                           1           0  0.21s           2026-02-14T07:49:31
================================================================================
[2026-02-14T07:50:01.984+0000] {manager.py:879} INFO - 
================================================================================
DAG File Processing Stats

File Path                                PID    Runtime      # DAGs    # Errors  Last Runtime    Last Run
---------------------------------------  -----  ---------  --------  ----------  --------------  -------------------
/opt/airflow/dags/sakiga_ds_pipeline.py                           1           0  0.21s           2026-02-14T07:50:01
================================================================================
[2026-02-14T07:50:32.285+0000] {manager.py:879} INFO - 
================================================================================
DAG File Processing Stats

File Path                                PID    Runtime      # DAGs    # Errors  Last Runtime    Last Run
---------------------------------------  -----  ---------  --------  ----------  --------------  -------------------
/opt/airflow/dags/sakiga_ds_pipeline.py                           1           0  0.21s           2026-02-14T07:50:32
================================================================================
[2026-02-14T07:51:02.584+0000] {manager.py:879} INFO - 
================================================================================
DAG File Processing Stats

File Path                                PID    Runtime      # DAGs    # Errors  Last Runtime    Last Run
---------------------------------------  -----  ---------  --------  ----------  --------------  -------------------
/opt/airflow/dags/sakiga_ds_pipeline.py                           1           0  0.21s           2026-02-14T07:51:02
================================================================================
[2026-02-14T07:51:05.641+0000] {manager.py:738} INFO - Searching for files in /opt/airflow/dags
[2026-02-14T07:51:05.699+0000] {manager.py:741} INFO - There are 1 files in /opt/airflow/dags
[2026-02-14T07:51:32.893+0000] {manager.py:879} INFO - 
================================================================================
DAG File Processing Stats

File Path                                PID    Runtime      # DAGs    # Errors  Last Runtime    Last Run
---------------------------------------  -----  ---------  --------  ----------  --------------  -------------------
/opt/airflow/dags/sakiga_ds_pipeline.py                           1           0  0.21s           2026-02-14T07:51:32
================================================================================
[2026-02-14T07:52:03.193+0000] {manager.py:879} INFO - 
================================================================================
DAG File Processing Stats

File Path                                PID    Runtime      # DAGs    # Errors  Last Runtime    Last Run
---------------------------------------  -----  ---------  --------  ----------  --------------  -------------------
/opt/airflow/dags/sakiga_ds_pipeline.py                           1           0  0.21s           2026-02-14T07:52:03
================================================================================
[2026-02-14T07:52:33.482+0000] {manager.py:879} INFO - 
================================================================================
DAG File Processing Stats

File Path                                PID    Runtime      # DAGs    # Errors  Last Runtime    Last Run
---------------------------------------  -----  ---------  --------  ----------  --------------  -------------------
/opt/airflow/dags/sakiga_ds_pipeline.py                           1           0  0.21s           2026-02-14T07:52:33
================================================================================
[2026-02-14T07:53:03.781+0000] {manager.py:879} INFO - 
================================================================================
DAG File Processing Stats

File Path                                PID    Runtime      # DAGs    # Errors  Last Runtime    Last Run
---------------------------------------  -----  ---------  --------  ----------  --------------  -------------------
/opt/airflow/dags/sakiga_ds_pipeline.py                           1           0  0.21s           2026-02-14T07:53:03
================================================================================
[2026-02-14T07:53:34.064+0000] {manager.py:879} INFO - 
================================================================================
DAG File Processing Stats

File Path                                PID    Runtime      # DAGs    # Errors  Last Runtime    Last Run
---------------------------------------  -----  ---------  --------  ----------  --------------  -------------------
/opt/airflow/dags/sakiga_ds_pipeline.py                           1           0  0.21s           2026-02-14T07:53:34
================================================================================
[2026-02-14T07:54:04.366+0000] {manager.py:879} INFO - 
================================================================================
DAG File Processing Stats

File Path                                PID    Runtime      # DAGs    # Errors  Last Runtime    Last Run
---------------------------------------  -----  ---------  --------  ----------  --------------  -------------------
/opt/airflow/dags/sakiga_ds_pipeline.py                           1           0  0.21s           2026-02-14T07:54:04
================================================================================
[2026-02-14T07:54:34.658+0000] {manager.py:879} INFO - 
================================================================================
DAG File Processing Stats

File Path                                PID    Runtime      # DAGs    # Errors  Last Runtime    Last Run
---------------------------------------  -----  ---------  --------  ----------  --------------  -------------------
/opt/airflow/dags/sakiga_ds_pipeline.py                           1           0  0.21s           2026-02-14T07:54:34
================================================================================
[2026-02-14T07:55:04.943+0000] {manager.py:879} INFO - 
================================================================================
DAG File Processing Stats

File Path                                PID    Runtime      # DAGs    # Errors  Last Runtime    Last Run
---------------------------------------  -----  ---------  --------  ----------  --------------  -------------------
/opt/airflow/dags/sakiga_ds_pipeline.py                           1           0  0.21s           2026-02-14T07:55:04
================================================================================
[2026-02-14T07:55:35.253+0000] {manager.py:879} INFO - 
================================================================================
DAG File Processing Stats

File Path                                PID    Runtime      # DAGs    # Errors  Last Runtime    Last Run
---------------------------------------  -----  ---------  --------  ----------  --------------  -------------------
/opt/airflow/dags/sakiga_ds_pipeline.py                           1           0  0.21s           2026-02-14T07:55:35
================================================================================
[2026-02-14T07:56:05.572+0000] {manager.py:879} INFO - 
================================================================================
DAG File Processing Stats

File Path                                PID    Runtime      # DAGs    # Errors  Last Runtime    Last Run
---------------------------------------  -----  ---------  --------  ----------  --------------  -------------------
/opt/airflow/dags/sakiga_ds_pipeline.py                           1           0  0.21s           2026-02-14T07:56:05
================================================================================
[2026-02-14T07:56:06.006+0000] {manager.py:738} INFO - Searching for files in /opt/airflow/dags
[2026-02-14T07:56:06.039+0000] {manager.py:741} INFO - There are 1 files in /opt/airflow/dags
[2026-02-14T07:56:35.861+0000] {manager.py:879} INFO - 
================================================================================
DAG File Processing Stats

File Path                                PID    Runtime      # DAGs    # Errors  Last Runtime    Last Run
---------------------------------------  -----  ---------  --------  ----------  --------------  -------------------
/opt/airflow/dags/sakiga_ds_pipeline.py                           1           0  0.21s           2026-02-14T07:56:35
================================================================================
[2026-02-14T07:57:06.165+0000] {manager.py:879} INFO - 
================================================================================
DAG File Processing Stats

File Path                                PID    Runtime      # DAGs    # Errors  Last Runtime    Last Run
---------------------------------------  -----  ---------  --------  ----------  --------------  -------------------
/opt/airflow/dags/sakiga_ds_pipeline.py                           1           0  0.21s           2026-02-14T07:57:06
================================================================================
[2026-02-14T07:57:36.496+0000] {manager.py:879} INFO - 
================================================================================
DAG File Processing Stats

File Path                                PID    Runtime      # DAGs    # Errors  Last Runtime    Last Run
---------------------------------------  -----  ---------  --------  ----------  --------------  -------------------
/opt/airflow/dags/sakiga_ds_pipeline.py                           1           0  0.21s           2026-02-14T07:57:36
================================================================================
[2026-02-14T07:58:06.780+0000] {manager.py:879} INFO - 
================================================================================
DAG File Processing Stats

File Path                                PID    Runtime      # DAGs    # Errors  Last Runtime    Last Run
---------------------------------------  -----  ---------  --------  ----------  --------------  -------------------
/opt/airflow/dags/sakiga_ds_pipeline.py                           1           0  0.21s           2026-02-14T07:58:06
================================================================================
[2026-02-14T07:58:37.068+0000] {manager.py:879} INFO - 
================================================================================
DAG File Processing Stats

File Path                                PID    Runtime      # DAGs    # Errors  Last Runtime    Last Run
---------------------------------------  -----  ---------  --------  ----------  --------------  -------------------
/opt/airflow/dags/sakiga_ds_pipeline.py                           1           0  0.21s           2026-02-14T07:58:37
================================================================================
[2026-02-14T07:59:07.363+0000] {manager.py:879} INFO - 
================================================================================
DAG File Processing Stats

File Path                                PID    Runtime      # DAGs    # Errors  Last Runtime    Last Run
---------------------------------------  -----  ---------  --------  ----------  --------------  -------------------
/opt/airflow/dags/sakiga_ds_pipeline.py                           1           0  0.21s           2026-02-14T07:59:07
================================================================================
[2026-02-14T07:59:37.690+0000] {manager.py:879} INFO - 
================================================================================
DAG File Processing Stats

File Path                                PID    Runtime      # DAGs    # Errors  Last Runtime    Last Run
---------------------------------------  -----  ---------  --------  ----------  --------------  -------------------
/opt/airflow/dags/sakiga_ds_pipeline.py                           1           0  0.21s           2026-02-14T07:59:37
================================================================================
[2026-02-14T08:00:08.030+0000] {manager.py:879} INFO - 
================================================================================
DAG File Processing Stats

File Path                                PID    Runtime      # DAGs    # Errors  Last Runtime    Last Run
---------------------------------------  -----  ---------  --------  ----------  --------------  -------------------
/opt/airflow/dags/sakiga_ds_pipeline.py                           1           0  0.21s           2026-02-14T08:00:08
================================================================================
[2026-02-14T08:00:38.341+0000] {manager.py:879} INFO - 
================================================================================
DAG File Processing Stats

File Path                                PID    Runtime      # DAGs    # Errors  Last Runtime    Last Run
---------------------------------------  -----  ---------  --------  ----------  --------------  -------------------
/opt/airflow/dags/sakiga_ds_pipeline.py                           1           0  0.21s           2026-02-14T08:00:38
================================================================================
[2026-02-14T08:01:06.301+0000] {manager.py:738} INFO - Searching for files in /opt/airflow/dags
[2026-02-14T08:01:06.358+0000] {manager.py:741} INFO - There are 1 files in /opt/airflow/dags
[2026-02-14T08:01:08.651+0000] {manager.py:879} INFO - 
================================================================================
DAG File Processing Stats

File Path                                PID    Runtime      # DAGs    # Errors  Last Runtime    Last Run
---------------------------------------  -----  ---------  --------  ----------  --------------  -------------------
/opt/airflow/dags/sakiga_ds_pipeline.py                           1           0  0.21s           2026-02-14T08:01:08
================================================================================
[2026-02-14T08:01:38.982+0000] {manager.py:879} INFO - 
================================================================================
DAG File Processing Stats

File Path                                PID    Runtime      # DAGs    # Errors  Last Runtime    Last Run
---------------------------------------  -----  ---------  --------  ----------  --------------  -------------------
/opt/airflow/dags/sakiga_ds_pipeline.py                           1           0  0.21s           2026-02-14T08:01:38
================================================================================
[2026-02-14T08:02:09.273+0000] {manager.py:879} INFO - 
================================================================================
DAG File Processing Stats

File Path                                PID    Runtime      # DAGs    # Errors  Last Runtime    Last Run
---------------------------------------  -----  ---------  --------  ----------  --------------  -------------------
/opt/airflow/dags/sakiga_ds_pipeline.py                           1           0  0.21s           2026-02-14T08:02:09
================================================================================
[2026-02-14T08:02:39.526+0000] {manager.py:879} INFO - 
================================================================================
DAG File Processing Stats

File Path                                PID    Runtime      # DAGs    # Errors  Last Runtime    Last Run
---------------------------------------  -----  ---------  --------  ----------  --------------  -------------------
/opt/airflow/dags/sakiga_ds_pipeline.py                           1           0  0.21s           2026-02-14T08:02:39
================================================================================
[2026-02-14T08:03:09.821+0000] {manager.py:879} INFO - 
================================================================================
DAG File Processing Stats

File Path                                PID    Runtime      # DAGs    # Errors  Last Runtime    Last Run
---------------------------------------  -----  ---------  --------  ----------  --------------  -------------------
/opt/airflow/dags/sakiga_ds_pipeline.py                           1           0  0.21s           2026-02-14T08:03:09
================================================================================
[2026-02-14T08:03:40.106+0000] {manager.py:879} INFO - 
================================================================================
DAG File Processing Stats

File Path                                PID    Runtime      # DAGs    # Errors  Last Runtime    Last Run
---------------------------------------  -----  ---------  --------  ----------  --------------  -------------------
/opt/airflow/dags/sakiga_ds_pipeline.py                           1           0  0.21s           2026-02-14T08:03:40
================================================================================
[2026-02-14T08:04:10.390+0000] {manager.py:879} INFO - 
================================================================================
DAG File Processing Stats

File Path                                PID    Runtime      # DAGs    # Errors  Last Runtime    Last Run
---------------------------------------  -----  ---------  --------  ----------  --------------  -------------------
/opt/airflow/dags/sakiga_ds_pipeline.py                           1           0  0.21s           2026-02-14T08:04:10
================================================================================
[2026-02-14T08:04:40.675+0000] {manager.py:879} INFO - 
================================================================================
DAG File Processing Stats

File Path                                PID    Runtime      # DAGs    # Errors  Last Runtime    Last Run
---------------------------------------  -----  ---------  --------  ----------  --------------  -------------------
/opt/airflow/dags/sakiga_ds_pipeline.py                           1           0  0.21s           2026-02-14T08:04:40
================================================================================
[2026-02-14T08:05:10.971+0000] {manager.py:879} INFO - 
================================================================================
DAG File Processing Stats

File Path                                PID    Runtime      # DAGs    # Errors  Last Runtime    Last Run
---------------------------------------  -----  ---------  --------  ----------  --------------  -------------------
/opt/airflow/dags/sakiga_ds_pipeline.py                           1           0  0.21s           2026-02-14T08:05:10
================================================================================
[2026-02-14T08:05:41.290+0000] {manager.py:879} INFO - 
================================================================================
DAG File Processing Stats

File Path                                PID    Runtime      # DAGs    # Errors  Last Runtime    Last Run
---------------------------------------  -----  ---------  --------  ----------  --------------  -------------------
/opt/airflow/dags/sakiga_ds_pipeline.py                           1           0  0.21s           2026-02-14T08:05:41
================================================================================
[2026-02-14T08:06:06.496+0000] {manager.py:738} INFO - Searching for files in /opt/airflow/dags
[2026-02-14T08:06:06.551+0000] {manager.py:741} INFO - There are 1 files in /opt/airflow/dags
[2026-02-14T08:06:11.699+0000] {manager.py:879} INFO - 
================================================================================
DAG File Processing Stats

File Path                                PID    Runtime      # DAGs    # Errors  Last Runtime    Last Run
---------------------------------------  -----  ---------  --------  ----------  --------------  -------------------
/opt/airflow/dags/sakiga_ds_pipeline.py                           1           0  0.31s           2026-02-14T08:06:11
================================================================================
[2026-02-14T08:06:42.007+0000] {manager.py:879} INFO - 
================================================================================
DAG File Processing Stats

File Path                                PID    Runtime      # DAGs    # Errors  Last Runtime    Last Run
---------------------------------------  -----  ---------  --------  ----------  --------------  -------------------
/opt/airflow/dags/sakiga_ds_pipeline.py                           1           0  0.21s           2026-02-14T08:06:42
================================================================================
[2026-02-14T08:07:12.298+0000] {manager.py:879} INFO - 
================================================================================
DAG File Processing Stats

File Path                                PID    Runtime      # DAGs    # Errors  Last Runtime    Last Run
---------------------------------------  -----  ---------  --------  ----------  --------------  -------------------
/opt/airflow/dags/sakiga_ds_pipeline.py                           1           0  0.21s           2026-02-14T08:07:12
================================================================================
[2026-02-14T08:07:42.723+0000] {manager.py:879} INFO - 
================================================================================
DAG File Processing Stats

File Path                                PID    Runtime      # DAGs    # Errors  Last Runtime    Last Run
---------------------------------------  -----  ---------  --------  ----------  --------------  -------------------
/opt/airflow/dags/sakiga_ds_pipeline.py                           1           0  0.31s           2026-02-14T08:07:42
================================================================================
[2026-02-14T08:08:13.004+0000] {manager.py:879} INFO - 
================================================================================
DAG File Processing Stats

File Path                                PID    Runtime      # DAGs    # Errors  Last Runtime    Last Run
---------------------------------------  -----  ---------  --------  ----------  --------------  -------------------
/opt/airflow/dags/sakiga_ds_pipeline.py                           1           0  0.21s           2026-02-14T08:08:13
================================================================================
[2026-02-14T08:08:43.308+0000] {manager.py:879} INFO - 
================================================================================
DAG File Processing Stats

File Path                                PID    Runtime      # DAGs    # Errors  Last Runtime    Last Run
---------------------------------------  -----  ---------  --------  ----------  --------------  -------------------
/opt/airflow/dags/sakiga_ds_pipeline.py                           1           0  0.21s           2026-02-14T08:08:43
================================================================================
[2026-02-14T08:09:13.634+0000] {manager.py:879} INFO - 
================================================================================
DAG File Processing Stats

File Path                                PID    Runtime      # DAGs    # Errors  Last Runtime    Last Run
---------------------------------------  -----  ---------  --------  ----------  --------------  -------------------
/opt/airflow/dags/sakiga_ds_pipeline.py                           1           0  0.21s           2026-02-14T08:09:13
================================================================================
[2026-02-14T08:09:43.946+0000] {manager.py:879} INFO - 
================================================================================
DAG File Processing Stats

File Path                                PID    Runtime      # DAGs    # Errors  Last Runtime    Last Run
---------------------------------------  -----  ---------  --------  ----------  --------------  -------------------
/opt/airflow/dags/sakiga_ds_pipeline.py                           1           0  0.21s           2026-02-14T08:09:43
================================================================================
[2026-02-14T08:10:14.234+0000] {manager.py:879} INFO - 
================================================================================
DAG File Processing Stats

File Path                                PID    Runtime      # DAGs    # Errors  Last Runtime    Last Run
---------------------------------------  -----  ---------  --------  ----------  --------------  -------------------
/opt/airflow/dags/sakiga_ds_pipeline.py                           1           0  0.21s           2026-02-14T08:10:14
================================================================================
[2026-02-14T08:10:44.548+0000] {manager.py:879} INFO - 
================================================================================
DAG File Processing Stats

File Path                                PID    Runtime      # DAGs    # Errors  Last Runtime    Last Run
---------------------------------------  -----  ---------  --------  ----------  --------------  -------------------
/opt/airflow/dags/sakiga_ds_pipeline.py                           1           0  0.21s           2026-02-14T08:10:44
================================================================================
[2026-02-14T08:11:06.672+0000] {manager.py:738} INFO - Searching for files in /opt/airflow/dags
[2026-02-14T08:11:06.697+0000] {manager.py:741} INFO - There are 1 files in /opt/airflow/dags
[2026-02-14T08:11:14.859+0000] {manager.py:879} INFO - 
================================================================================
DAG File Processing Stats

File Path                                PID    Runtime      # DAGs    # Errors  Last Runtime    Last Run
---------------------------------------  -----  ---------  --------  ----------  --------------  -------------------
/opt/airflow/dags/sakiga_ds_pipeline.py                           1           0  0.21s           2026-02-14T08:11:14
================================================================================
[2026-02-14T08:11:45.141+0000] {manager.py:879} INFO - 
================================================================================
DAG File Processing Stats

File Path                                PID    Runtime      # DAGs    # Errors  Last Runtime    Last Run
---------------------------------------  -----  ---------  --------  ----------  --------------  -------------------
/opt/airflow/dags/sakiga_ds_pipeline.py                           1           0  0.21s           2026-02-14T08:11:45
================================================================================
[2026-02-14T08:12:15.460+0000] {manager.py:879} INFO - 
================================================================================
DAG File Processing Stats

File Path                                PID    Runtime      # DAGs    # Errors  Last Runtime    Last Run
---------------------------------------  -----  ---------  --------  ----------  --------------  -------------------
/opt/airflow/dags/sakiga_ds_pipeline.py                           1           0  0.21s           2026-02-14T08:12:15
================================================================================
[2026-02-14T08:12:45.746+0000] {manager.py:879} INFO - 
================================================================================
DAG File Processing Stats

File Path                                PID    Runtime      # DAGs    # Errors  Last Runtime    Last Run
---------------------------------------  -----  ---------  --------  ----------  --------------  -------------------
/opt/airflow/dags/sakiga_ds_pipeline.py                           1           0  0.21s           2026-02-14T08:12:45
================================================================================
[2026-02-14T08:13:16.038+0000] {manager.py:879} INFO - 
================================================================================
DAG File Processing Stats

File Path                                PID    Runtime      # DAGs    # Errors  Last Runtime    Last Run
---------------------------------------  -----  ---------  --------  ----------  --------------  -------------------
/opt/airflow/dags/sakiga_ds_pipeline.py                           1           0  0.21s           2026-02-14T08:13:16
================================================================================
[2026-02-14T08:13:46.329+0000] {manager.py:879} INFO - 
================================================================================
DAG File Processing Stats

File Path                                PID    Runtime      # DAGs    # Errors  Last Runtime    Last Run
---------------------------------------  -----  ---------  --------  ----------  --------------  -------------------
/opt/airflow/dags/sakiga_ds_pipeline.py                           1           0  0.21s           2026-02-14T08:13:46
================================================================================
[2026-02-14T08:14:16.625+0000] {manager.py:879} INFO - 
================================================================================
DAG File Processing Stats

File Path                                PID    Runtime      # DAGs    # Errors  Last Runtime    Last Run
---------------------------------------  -----  ---------  --------  ----------  --------------  -------------------
/opt/airflow/dags/sakiga_ds_pipeline.py                           1           0  0.21s           2026-02-14T08:14:16
================================================================================
[2026-02-14T08:14:46.941+0000] {manager.py:879} INFO - 
================================================================================
DAG File Processing Stats

File Path                                PID    Runtime      # DAGs    # Errors  Last Runtime    Last Run
---------------------------------------  -----  ---------  --------  ----------  --------------  -------------------
/opt/airflow/dags/sakiga_ds_pipeline.py                           1           0  0.21s           2026-02-14T08:14:46
================================================================================
[2026-02-14T08:15:17.240+0000] {manager.py:879} INFO - 
================================================================================
DAG File Processing Stats

File Path                                PID    Runtime      # DAGs    # Errors  Last Runtime    Last Run
---------------------------------------  -----  ---------  --------  ----------  --------------  -------------------
/opt/airflow/dags/sakiga_ds_pipeline.py                           1           0  0.21s           2026-02-14T08:15:17
================================================================================
[2026-02-14T08:15:47.543+0000] {manager.py:879} INFO - 
================================================================================
DAG File Processing Stats

File Path                                PID    Runtime      # DAGs    # Errors  Last Runtime    Last Run
---------------------------------------  -----  ---------  --------  ----------  --------------  -------------------
/opt/airflow/dags/sakiga_ds_pipeline.py                           1           0  0.21s           2026-02-14T08:15:47
================================================================================
[2026-02-14T08:16:06.729+0000] {manager.py:738} INFO - Searching for files in /opt/airflow/dags
[2026-02-14T08:16:06.752+0000] {manager.py:741} INFO - There are 1 files in /opt/airflow/dags
[2026-02-14T08:16:17.837+0000] {manager.py:879} INFO - 
================================================================================
DAG File Processing Stats

File Path                                PID    Runtime      # DAGs    # Errors  Last Runtime    Last Run
---------------------------------------  -----  ---------  --------  ----------  --------------  -------------------
/opt/airflow/dags/sakiga_ds_pipeline.py                           1           0  0.21s           2026-02-14T08:16:17
================================================================================
[2026-02-14T08:16:48.138+0000] {manager.py:879} INFO - 
================================================================================
DAG File Processing Stats

File Path                                PID    Runtime      # DAGs    # Errors  Last Runtime    Last Run
---------------------------------------  -----  ---------  --------  ----------  --------------  -------------------
/opt/airflow/dags/sakiga_ds_pipeline.py                           1           0  0.21s           2026-02-14T08:16:48
================================================================================
[2026-02-14T08:17:18.440+0000] {manager.py:879} INFO - 
================================================================================
DAG File Processing Stats

File Path                                PID    Runtime      # DAGs    # Errors  Last Runtime    Last Run
---------------------------------------  -----  ---------  --------  ----------  --------------  -------------------
/opt/airflow/dags/sakiga_ds_pipeline.py                           1           0  0.21s           2026-02-14T08:17:18
================================================================================
[2026-02-14T08:17:48.728+0000] {manager.py:879} INFO - 
================================================================================
DAG File Processing Stats

File Path                                PID    Runtime      # DAGs    # Errors  Last Runtime    Last Run
---------------------------------------  -----  ---------  --------  ----------  --------------  -------------------
/opt/airflow/dags/sakiga_ds_pipeline.py                           1           0  0.21s           2026-02-14T08:17:48
================================================================================
[2026-02-14T08:18:19.016+0000] {manager.py:879} INFO - 
================================================================================
DAG File Processing Stats

File Path                                PID    Runtime      # DAGs    # Errors  Last Runtime    Last Run
---------------------------------------  -----  ---------  --------  ----------  --------------  -------------------
/opt/airflow/dags/sakiga_ds_pipeline.py                           1           0  0.21s           2026-02-14T08:18:19
================================================================================
[2026-02-14T08:18:49.330+0000] {manager.py:879} INFO - 
================================================================================
DAG File Processing Stats

File Path                                PID    Runtime      # DAGs    # Errors  Last Runtime    Last Run
---------------------------------------  -----  ---------  --------  ----------  --------------  -------------------
/opt/airflow/dags/sakiga_ds_pipeline.py                           1           0  0.21s           2026-02-14T08:18:49
================================================================================
[2026-02-14T08:19:19.636+0000] {manager.py:879} INFO - 
================================================================================
DAG File Processing Stats

File Path                                PID    Runtime      # DAGs    # Errors  Last Runtime    Last Run
---------------------------------------  -----  ---------  --------  ----------  --------------  -------------------
/opt/airflow/dags/sakiga_ds_pipeline.py                           1           0  0.21s           2026-02-14T08:19:19
================================================================================
[2026-02-14T08:19:49.936+0000] {manager.py:879} INFO - 
================================================================================
DAG File Processing Stats

File Path                                PID    Runtime      # DAGs    # Errors  Last Runtime    Last Run
---------------------------------------  -----  ---------  --------  ----------  --------------  -------------------
/opt/airflow/dags/sakiga_ds_pipeline.py                           1           0  0.21s           2026-02-14T08:19:49
================================================================================
[2026-02-14T08:20:20.240+0000] {manager.py:879} INFO - 
================================================================================
DAG File Processing Stats

File Path                                PID    Runtime      # DAGs    # Errors  Last Runtime    Last Run
---------------------------------------  -----  ---------  --------  ----------  --------------  -------------------
/opt/airflow/dags/sakiga_ds_pipeline.py                           1           0  0.21s           2026-02-14T08:20:20
================================================================================
[2026-02-14T08:20:50.527+0000] {manager.py:879} INFO - 
================================================================================
DAG File Processing Stats

File Path                                PID    Runtime      # DAGs    # Errors  Last Runtime    Last Run
---------------------------------------  -----  ---------  --------  ----------  --------------  -------------------
/opt/airflow/dags/sakiga_ds_pipeline.py                           1           0  0.21s           2026-02-14T08:20:50
================================================================================
[2026-02-14T08:21:07.061+0000] {manager.py:738} INFO - Searching for files in /opt/airflow/dags
[2026-02-14T08:21:07.084+0000] {manager.py:741} INFO - There are 1 files in /opt/airflow/dags
[2026-02-14T08:21:20.818+0000] {manager.py:879} INFO - 
================================================================================
DAG File Processing Stats

File Path                                PID    Runtime      # DAGs    # Errors  Last Runtime    Last Run
---------------------------------------  -----  ---------  --------  ----------  --------------  -------------------
/opt/airflow/dags/sakiga_ds_pipeline.py                           1           0  0.21s           2026-02-14T08:21:20
================================================================================
[2026-02-14T08:21:51.164+0000] {manager.py:879} INFO - 
================================================================================
DAG File Processing Stats

File Path                                PID    Runtime      # DAGs    # Errors  Last Runtime    Last Run
---------------------------------------  -----  ---------  --------  ----------  --------------  -------------------
/opt/airflow/dags/sakiga_ds_pipeline.py                           1           0  0.23s           2026-02-14T08:21:51
================================================================================
[2026-02-14T08:22:21.489+0000] {manager.py:879} INFO - 
================================================================================
DAG File Processing Stats

File Path                                PID    Runtime      # DAGs    # Errors  Last Runtime    Last Run
---------------------------------------  -----  ---------  --------  ----------  --------------  -------------------
/opt/airflow/dags/sakiga_ds_pipeline.py                           1           0  0.21s           2026-02-14T08:22:21
================================================================================
[2026-02-14T08:22:51.777+0000] {manager.py:879} INFO - 
================================================================================
DAG File Processing Stats

File Path                                PID    Runtime      # DAGs    # Errors  Last Runtime    Last Run
---------------------------------------  -----  ---------  --------  ----------  --------------  -------------------
/opt/airflow/dags/sakiga_ds_pipeline.py                           1           0  0.21s           2026-02-14T08:22:51
================================================================================
[2026-02-14T08:23:22.066+0000] {manager.py:879} INFO - 
================================================================================
DAG File Processing Stats

File Path                                PID    Runtime      # DAGs    # Errors  Last Runtime    Last Run
---------------------------------------  -----  ---------  --------  ----------  --------------  -------------------
/opt/airflow/dags/sakiga_ds_pipeline.py                           1           0  0.21s           2026-02-14T08:23:22
================================================================================
[2026-02-14T08:23:52.354+0000] {manager.py:879} INFO - 
================================================================================
DAG File Processing Stats

File Path                                PID    Runtime      # DAGs    # Errors  Last Runtime    Last Run
---------------------------------------  -----  ---------  --------  ----------  --------------  -------------------
/opt/airflow/dags/sakiga_ds_pipeline.py                           1           0  0.21s           2026-02-14T08:23:52
================================================================================
[2026-02-14T08:24:22.661+0000] {manager.py:879} INFO - 
================================================================================
DAG File Processing Stats

File Path                                PID    Runtime      # DAGs    # Errors  Last Runtime    Last Run
---------------------------------------  -----  ---------  --------  ----------  --------------  -------------------
/opt/airflow/dags/sakiga_ds_pipeline.py                           1           0  0.21s           2026-02-14T08:24:22
================================================================================
[2026-02-14T08:24:52.970+0000] {manager.py:879} INFO - 
================================================================================
DAG File Processing Stats

File Path                                PID    Runtime      # DAGs    # Errors  Last Runtime    Last Run
---------------------------------------  -----  ---------  --------  ----------  --------------  -------------------
/opt/airflow/dags/sakiga_ds_pipeline.py                           1           0  0.21s           2026-02-14T08:24:52
================================================================================
[2026-02-14T08:25:23.273+0000] {manager.py:879} INFO - 
================================================================================
DAG File Processing Stats

File Path                                PID    Runtime      # DAGs    # Errors  Last Runtime    Last Run
---------------------------------------  -----  ---------  --------  ----------  --------------  -------------------
/opt/airflow/dags/sakiga_ds_pipeline.py                           1           0  0.21s           2026-02-14T08:25:23
================================================================================
[2026-02-14T08:25:53.578+0000] {manager.py:879} INFO - 
================================================================================
DAG File Processing Stats

File Path                                PID    Runtime      # DAGs    # Errors  Last Runtime    Last Run
---------------------------------------  -----  ---------  --------  ----------  --------------  -------------------
/opt/airflow/dags/sakiga_ds_pipeline.py                           1           0  0.21s           2026-02-14T08:25:53
================================================================================
[2026-02-14T08:26:07.237+0000] {manager.py:738} INFO - Searching for files in /opt/airflow/dags
[2026-02-14T08:26:07.315+0000] {manager.py:741} INFO - There are 1 files in /opt/airflow/dags
[2026-02-14T08:26:24.151+0000] {manager.py:879} INFO - 
================================================================================
DAG File Processing Stats

File Path                                PID    Runtime      # DAGs    # Errors  Last Runtime    Last Run
---------------------------------------  -----  ---------  --------  ----------  --------------  -------------------
/opt/airflow/dags/sakiga_ds_pipeline.py                           1           0  0.48s           2026-02-14T08:26:24
================================================================================
[2026-02-14T08:26:54.574+0000] {manager.py:879} INFO - 
================================================================================
DAG File Processing Stats

File Path                                PID    Runtime      # DAGs    # Errors  Last Runtime    Last Run
---------------------------------------  -----  ---------  --------  ----------  --------------  -------------------
/opt/airflow/dags/sakiga_ds_pipeline.py                           1           0  0.32s           2026-02-14T08:26:54
================================================================================
[2026-02-14T08:27:24.986+0000] {manager.py:879} INFO - 
================================================================================
DAG File Processing Stats

File Path                                PID    Runtime      # DAGs    # Errors  Last Runtime    Last Run
---------------------------------------  -----  ---------  --------  ----------  --------------  -------------------
/opt/airflow/dags/sakiga_ds_pipeline.py                           1           0  0.31s           2026-02-14T08:27:24
================================================================================
[2026-02-14T08:27:56.484+0000] {manager.py:879} INFO - 
================================================================================
DAG File Processing Stats

File Path                                PID    Runtime      # DAGs    # Errors  Last Runtime    Last Run
---------------------------------------  -----  ---------  --------  ----------  --------------  -------------------
/opt/airflow/dags/sakiga_ds_pipeline.py                           1           0  1.03s           2026-02-14T08:27:56
================================================================================
[2026-02-14T08:28:26.893+0000] {manager.py:879} INFO - 
================================================================================
DAG File Processing Stats

File Path                                PID    Runtime      # DAGs    # Errors  Last Runtime    Last Run
---------------------------------------  -----  ---------  --------  ----------  --------------  -------------------
/opt/airflow/dags/sakiga_ds_pipeline.py                           1           0  0.25s           2026-02-14T08:28:26
================================================================================
[2026-02-14T08:28:58.909+0000] {manager.py:879} INFO - 
================================================================================
DAG File Processing Stats

File Path                                PID    Runtime      # DAGs    # Errors  Last Runtime    Last Run
---------------------------------------  -----  ---------  --------  ----------  --------------  -------------------
/opt/airflow/dags/sakiga_ds_pipeline.py                           1           0  1.91s           2026-02-14T08:28:58
================================================================================
[2026-02-14T08:29:29.499+0000] {manager.py:879} INFO - 
================================================================================
DAG File Processing Stats

File Path                                PID    Runtime      # DAGs    # Errors  Last Runtime    Last Run
---------------------------------------  -----  ---------  --------  ----------  --------------  -------------------
/opt/airflow/dags/sakiga_ds_pipeline.py                           1           0  0.43s           2026-02-14T08:29:29
================================================================================
[2026-02-14T08:30:00.712+0000] {manager.py:879} INFO - 
================================================================================
DAG File Processing Stats

File Path                                PID    Runtime      # DAGs    # Errors  Last Runtime    Last Run
---------------------------------------  -----  ---------  --------  ----------  --------------  -------------------
/opt/airflow/dags/sakiga_ds_pipeline.py                           1           0  0.87s           2026-02-14T08:30:00
================================================================================
[2026-02-14T08:30:31.807+0000] {manager.py:879} INFO - 
================================================================================
DAG File Processing Stats

File Path                                PID    Runtime      # DAGs    # Errors  Last Runtime    Last Run
---------------------------------------  -----  ---------  --------  ----------  --------------  -------------------
/opt/airflow/dags/sakiga_ds_pipeline.py                           1           0  0.95s           2026-02-14T08:30:31
================================================================================
[2026-02-14T08:31:02.306+0000] {manager.py:879} INFO - 
================================================================================
DAG File Processing Stats

File Path                                PID    Runtime      # DAGs    # Errors  Last Runtime    Last Run
---------------------------------------  -----  ---------  --------  ----------  --------------  -------------------
/opt/airflow/dags/sakiga_ds_pipeline.py                           1           0  0.31s           2026-02-14T08:31:02
================================================================================
[2026-02-14T08:31:07.537+0000] {manager.py:738} INFO - Searching for files in /opt/airflow/dags
[2026-02-14T08:31:07.606+0000] {manager.py:741} INFO - There are 1 files in /opt/airflow/dags
[2026-02-14T08:31:32.650+0000] {manager.py:879} INFO - 
================================================================================
DAG File Processing Stats

File Path                                PID    Runtime      # DAGs    # Errors  Last Runtime    Last Run
---------------------------------------  -----  ---------  --------  ----------  --------------  -------------------
/opt/airflow/dags/sakiga_ds_pipeline.py                           1           0  0.22s           2026-02-14T08:31:32
================================================================================
[2026-02-14T08:32:02.948+0000] {manager.py:879} INFO - 
================================================================================
DAG File Processing Stats

File Path                                PID    Runtime      # DAGs    # Errors  Last Runtime    Last Run
---------------------------------------  -----  ---------  --------  ----------  --------------  -------------------
/opt/airflow/dags/sakiga_ds_pipeline.py                           1           0  0.21s           2026-02-14T08:32:02
================================================================================
[2026-02-14T08:32:33.373+0000] {manager.py:879} INFO - 
================================================================================
DAG File Processing Stats

File Path                                PID    Runtime      # DAGs    # Errors  Last Runtime    Last Run
---------------------------------------  -----  ---------  --------  ----------  --------------  -------------------
/opt/airflow/dags/sakiga_ds_pipeline.py                           1           0  0.31s           2026-02-14T08:32:33
================================================================================
[2026-02-14T08:33:03.730+0000] {manager.py:879} INFO - 
================================================================================
DAG File Processing Stats

File Path                                PID    Runtime      # DAGs    # Errors  Last Runtime    Last Run
---------------------------------------  -----  ---------  --------  ----------  --------------  -------------------
/opt/airflow/dags/sakiga_ds_pipeline.py                           1           0  0.22s           2026-02-14T08:33:03
================================================================================
[2026-02-14T08:33:34.111+0000] {manager.py:879} INFO - 
================================================================================
DAG File Processing Stats

File Path                                PID    Runtime      # DAGs    # Errors  Last Runtime    Last Run
---------------------------------------  -----  ---------  --------  ----------  --------------  -------------------
/opt/airflow/dags/sakiga_ds_pipeline.py                           1           0  0.24s           2026-02-14T08:33:34
================================================================================
[2026-02-14T08:34:04.530+0000] {manager.py:879} INFO - 
================================================================================
DAG File Processing Stats

File Path                                PID    Runtime      # DAGs    # Errors  Last Runtime    Last Run
---------------------------------------  -----  ---------  --------  ----------  --------------  -------------------
/opt/airflow/dags/sakiga_ds_pipeline.py                           1           0  0.31s           2026-02-14T08:34:04
================================================================================
[2026-02-14T08:34:34.969+0000] {manager.py:879} INFO - 
================================================================================
DAG File Processing Stats

File Path                                PID    Runtime      # DAGs    # Errors  Last Runtime    Last Run
---------------------------------------  -----  ---------  --------  ----------  --------------  -------------------
/opt/airflow/dags/sakiga_ds_pipeline.py                           1           0  0.31s           2026-02-14T08:34:34
================================================================================
[2026-02-14T08:35:05.512+0000] {manager.py:879} INFO - 
================================================================================
DAG File Processing Stats

File Path                                PID    Runtime      # DAGs    # Errors  Last Runtime    Last Run
---------------------------------------  -----  ---------  --------  ----------  --------------  -------------------
/opt/airflow/dags/sakiga_ds_pipeline.py                           1           0  0.46s           2026-02-14T08:35:05
================================================================================
[2026-02-14T08:35:35.860+0000] {manager.py:879} INFO - 
================================================================================
DAG File Processing Stats

File Path                                PID    Runtime      # DAGs    # Errors  Last Runtime    Last Run
---------------------------------------  -----  ---------  --------  ----------  --------------  -------------------
/opt/airflow/dags/sakiga_ds_pipeline.py                           1           0  0.24s           2026-02-14T08:35:35
================================================================================
[2026-02-14T08:36:06.208+0000] {manager.py:879} INFO - 
================================================================================
DAG File Processing Stats

File Path                                PID    Runtime      # DAGs    # Errors  Last Runtime    Last Run
---------------------------------------  -----  ---------  --------  ----------  --------------  -------------------
/opt/airflow/dags/sakiga_ds_pipeline.py                           1           0  0.26s           2026-02-14T08:36:06
================================================================================
[2026-02-14T08:36:07.995+0000] {manager.py:738} INFO - Searching for files in /opt/airflow/dags
[2026-02-14T08:36:08.080+0000] {manager.py:741} INFO - There are 1 files in /opt/airflow/dags
[2026-02-14T08:36:36.604+0000] {manager.py:879} INFO - 
================================================================================
DAG File Processing Stats

File Path                                PID    Runtime      # DAGs    # Errors  Last Runtime    Last Run
---------------------------------------  -----  ---------  --------  ----------  --------------  -------------------
/opt/airflow/dags/sakiga_ds_pipeline.py                           1           0  0.31s           2026-02-14T08:36:36
================================================================================
[2026-02-14T08:37:06.981+0000] {manager.py:879} INFO - 
================================================================================
DAG File Processing Stats

File Path                                PID    Runtime      # DAGs    # Errors  Last Runtime    Last Run
---------------------------------------  -----  ---------  --------  ----------  --------------  -------------------
/opt/airflow/dags/sakiga_ds_pipeline.py                           1           0  0.25s           2026-02-14T08:37:06
================================================================================
[2026-02-14T08:37:37.423+0000] {manager.py:879} INFO - 
================================================================================
DAG File Processing Stats

File Path                                PID    Runtime      # DAGs    # Errors  Last Runtime    Last Run
---------------------------------------  -----  ---------  --------  ----------  --------------  -------------------
/opt/airflow/dags/sakiga_ds_pipeline.py                           1           0  0.32s           2026-02-14T08:37:37
================================================================================
[2026-02-14T08:38:07.812+0000] {manager.py:879} INFO - 
================================================================================
DAG File Processing Stats

File Path                                PID    Runtime      # DAGs    # Errors  Last Runtime    Last Run
---------------------------------------  -----  ---------  --------  ----------  --------------  -------------------
/opt/airflow/dags/sakiga_ds_pipeline.py                           1           0  0.26s           2026-02-14T08:38:07
================================================================================
[2026-02-14T08:38:38.127+0000] {manager.py:879} INFO - 
================================================================================
DAG File Processing Stats

File Path                                PID    Runtime      # DAGs    # Errors  Last Runtime    Last Run
---------------------------------------  -----  ---------  --------  ----------  --------------  -------------------
/opt/airflow/dags/sakiga_ds_pipeline.py                           1           0  0.21s           2026-02-14T08:38:38
================================================================================
[2026-02-14T08:39:08.431+0000] {manager.py:879} INFO - 
================================================================================
DAG File Processing Stats

File Path                                PID    Runtime      # DAGs    # Errors  Last Runtime    Last Run
---------------------------------------  -----  ---------  --------  ----------  --------------  -------------------
/opt/airflow/dags/sakiga_ds_pipeline.py                           1           0  0.21s           2026-02-14T08:39:08
================================================================================
[2026-02-14T08:39:38.746+0000] {manager.py:879} INFO - 
================================================================================
DAG File Processing Stats

File Path                                PID    Runtime      # DAGs    # Errors  Last Runtime    Last Run
---------------------------------------  -----  ---------  --------  ----------  --------------  -------------------
/opt/airflow/dags/sakiga_ds_pipeline.py                           1           0  0.21s           2026-02-14T08:39:38
================================================================================
[2026-02-14T08:40:09.142+0000] {manager.py:879} INFO - 
================================================================================
DAG File Processing Stats

File Path                                PID    Runtime      # DAGs    # Errors  Last Runtime    Last Run
---------------------------------------  -----  ---------  --------  ----------  --------------  -------------------
/opt/airflow/dags/sakiga_ds_pipeline.py                           1           0  0.31s           2026-02-14T08:40:09
================================================================================
[2026-02-14T08:40:39.444+0000] {manager.py:879} INFO - 
================================================================================
DAG File Processing Stats

File Path                                PID    Runtime      # DAGs    # Errors  Last Runtime    Last Run
---------------------------------------  -----  ---------  --------  ----------  --------------  -------------------
/opt/airflow/dags/sakiga_ds_pipeline.py                           1           0  0.21s           2026-02-14T08:40:39
================================================================================
[2026-02-14T08:41:08.497+0000] {manager.py:738} INFO - Searching for files in /opt/airflow/dags
[2026-02-14T08:41:08.594+0000] {manager.py:741} INFO - There are 1 files in /opt/airflow/dags
[2026-02-14T08:41:09.743+0000] {manager.py:879} INFO - 
================================================================================
DAG File Processing Stats

File Path                                PID    Runtime      # DAGs    # Errors  Last Runtime    Last Run
---------------------------------------  -----  ---------  --------  ----------  --------------  -------------------
/opt/airflow/dags/sakiga_ds_pipeline.py                           1           0  0.21s           2026-02-14T08:41:09
================================================================================
[2026-02-14T08:41:40.051+0000] {manager.py:879} INFO - 
================================================================================
DAG File Processing Stats

File Path                                PID    Runtime      # DAGs    # Errors  Last Runtime    Last Run
---------------------------------------  -----  ---------  --------  ----------  --------------  -------------------
/opt/airflow/dags/sakiga_ds_pipeline.py                           1           0  0.21s           2026-02-14T08:41:40
================================================================================
[2026-02-14T08:42:10.378+0000] {manager.py:879} INFO - 
================================================================================
DAG File Processing Stats

File Path                                PID    Runtime      # DAGs    # Errors  Last Runtime    Last Run
---------------------------------------  -----  ---------  --------  ----------  --------------  -------------------
/opt/airflow/dags/sakiga_ds_pipeline.py                           1           0  0.24s           2026-02-14T08:42:10
================================================================================
[2026-02-14T08:42:40.717+0000] {manager.py:879} INFO - 
================================================================================
DAG File Processing Stats

File Path                                PID    Runtime      # DAGs    # Errors  Last Runtime    Last Run
---------------------------------------  -----  ---------  --------  ----------  --------------  -------------------
/opt/airflow/dags/sakiga_ds_pipeline.py                           1           0  0.22s           2026-02-14T08:42:40
================================================================================
[2026-02-14T08:43:11.237+0000] {manager.py:879} INFO - 
================================================================================
DAG File Processing Stats

File Path                                PID    Runtime      # DAGs    # Errors  Last Runtime    Last Run
---------------------------------------  -----  ---------  --------  ----------  --------------  -------------------
/opt/airflow/dags/sakiga_ds_pipeline.py                           1           0  0.46s           2026-02-14T08:43:11
================================================================================
[2026-02-14T08:43:41.705+0000] {manager.py:879} INFO - 
================================================================================
DAG File Processing Stats

File Path                                PID    Runtime      # DAGs    # Errors  Last Runtime    Last Run
---------------------------------------  -----  ---------  --------  ----------  --------------  -------------------
/opt/airflow/dags/sakiga_ds_pipeline.py                           1           0  0.36s           2026-02-14T08:43:41
================================================================================
[2026-02-14T08:44:13.078+0000] {manager.py:879} INFO - 
================================================================================
DAG File Processing Stats

File Path                                PID    Runtime      # DAGs    # Errors  Last Runtime    Last Run
---------------------------------------  -----  ---------  --------  ----------  --------------  -------------------
/opt/airflow/dags/sakiga_ds_pipeline.py                           1           0  0.57s           2026-02-14T08:44:13
================================================================================
[2026-02-14T08:44:44.859+0000] {manager.py:879} INFO - 
================================================================================
DAG File Processing Stats

File Path                                PID    Runtime      # DAGs    # Errors  Last Runtime    Last Run
---------------------------------------  -----  ---------  --------  ----------  --------------  -------------------
/opt/airflow/dags/sakiga_ds_pipeline.py                           1           0  0.47s           2026-02-14T08:44:44
================================================================================
[2026-02-14T08:45:15.427+0000] {manager.py:879} INFO - 
================================================================================
DAG File Processing Stats

File Path                                PID    Runtime      # DAGs    # Errors  Last Runtime    Last Run
---------------------------------------  -----  ---------  --------  ----------  --------------  -------------------
/opt/airflow/dags/sakiga_ds_pipeline.py                           1           0  0.43s           2026-02-14T08:45:15
================================================================================
[2026-02-14T08:45:46.140+0000] {manager.py:879} INFO - 
================================================================================
DAG File Processing Stats

File Path                                PID    Runtime      # DAGs    # Errors  Last Runtime    Last Run
---------------------------------------  -----  ---------  --------  ----------  --------------  -------------------
/opt/airflow/dags/sakiga_ds_pipeline.py                           1           0  0.31s           2026-02-14T08:45:46
================================================================================
[2026-02-14T08:46:08.790+0000] {manager.py:738} INFO - Searching for files in /opt/airflow/dags
[2026-02-14T08:46:08.887+0000] {manager.py:741} INFO - There are 1 files in /opt/airflow/dags
[2026-02-14T08:46:16.540+0000] {manager.py:879} INFO - 
================================================================================
DAG File Processing Stats

File Path                                PID    Runtime      # DAGs    # Errors  Last Runtime    Last Run
---------------------------------------  -----  ---------  --------  ----------  --------------  -------------------
/opt/airflow/dags/sakiga_ds_pipeline.py                           1           0  0.31s           2026-02-14T08:46:16
================================================================================
[2026-02-14T08:46:46.985+0000] {manager.py:879} INFO - 
================================================================================
DAG File Processing Stats

File Path                                PID    Runtime      # DAGs    # Errors  Last Runtime    Last Run
---------------------------------------  -----  ---------  --------  ----------  --------------  -------------------
/opt/airflow/dags/sakiga_ds_pipeline.py                           1           0  0.31s           2026-02-14T08:46:46
================================================================================
[2026-02-14T08:47:17.228+0000] {manager.py:879} INFO - 
================================================================================
DAG File Processing Stats

File Path                                PID    Runtime      # DAGs    # Errors  Last Runtime    Last Run
---------------------------------------  -----  ---------  --------  ----------  --------------  -------------------
/opt/airflow/dags/sakiga_ds_pipeline.py                           1           0  0.21s           2026-02-14T08:47:17
================================================================================
[2026-02-14T08:47:47.545+0000] {manager.py:879} INFO - 
================================================================================
DAG File Processing Stats

File Path                                PID    Runtime      # DAGs    # Errors  Last Runtime    Last Run
---------------------------------------  -----  ---------  --------  ----------  --------------  -------------------
/opt/airflow/dags/sakiga_ds_pipeline.py                           1           0  0.21s           2026-02-14T08:47:47
================================================================================
[2026-02-14T08:48:17.876+0000] {manager.py:879} INFO - 
================================================================================
DAG File Processing Stats

File Path                                PID    Runtime      # DAGs    # Errors  Last Runtime    Last Run
---------------------------------------  -----  ---------  --------  ----------  --------------  -------------------
/opt/airflow/dags/sakiga_ds_pipeline.py                           1           0  0.23s           2026-02-14T08:48:17
================================================================================
[2026-02-14T08:48:48.252+0000] {manager.py:879} INFO - 
================================================================================
DAG File Processing Stats

File Path                                PID    Runtime      # DAGs    # Errors  Last Runtime    Last Run
---------------------------------------  -----  ---------  --------  ----------  --------------  -------------------
/opt/airflow/dags/sakiga_ds_pipeline.py                           1           0  0.23s           2026-02-14T08:48:48
================================================================================
[2026-02-14T08:49:19.905+0000] {manager.py:879} INFO - 
================================================================================
DAG File Processing Stats

File Path                                PID    Runtime      # DAGs    # Errors  Last Runtime    Last Run
---------------------------------------  -----  ---------  --------  ----------  --------------  -------------------
/opt/airflow/dags/sakiga_ds_pipeline.py                           1           0  1.02s           2026-02-14T08:49:19
================================================================================
[2026-02-14T08:50:35.280+0000] {manager.py:879} INFO - 
================================================================================
DAG File Processing Stats

File Path                                PID    Runtime      # DAGs    # Errors  Last Runtime    Last Run
---------------------------------------  -----  ---------  --------  ----------  --------------  -------------------
/opt/airflow/dags/sakiga_ds_pipeline.py                           1           0  45.13s          2026-02-14T08:50:35
================================================================================
[2026-02-14T08:51:06.399+0000] {manager.py:879} INFO - 
================================================================================
DAG File Processing Stats

File Path                                PID    Runtime      # DAGs    # Errors  Last Runtime    Last Run
---------------------------------------  -----  ---------  --------  ----------  --------------  -------------------
/opt/airflow/dags/sakiga_ds_pipeline.py                           1           0  0.72s           2026-02-14T08:51:06
================================================================================
[2026-02-14T08:51:09.222+0000] {manager.py:738} INFO - Searching for files in /opt/airflow/dags
[2026-02-14T08:51:10.340+0000] {manager.py:741} INFO - There are 1 files in /opt/airflow/dags
[2026-02-14T08:51:38.954+0000] {manager.py:879} INFO - 
================================================================================
DAG File Processing Stats

File Path                                PID    Runtime      # DAGs    # Errors  Last Runtime    Last Run
---------------------------------------  -----  ---------  --------  ----------  --------------  -------------------
/opt/airflow/dags/sakiga_ds_pipeline.py                           1           0  1.59s           2026-02-14T08:51:38
================================================================================
[2026-02-14T08:52:22.111+0000] {manager.py:879} INFO - 
================================================================================
DAG File Processing Stats

File Path                                PID    Runtime      # DAGs    # Errors  Last Runtime    Last Run
---------------------------------------  -----  ---------  --------  ----------  --------------  -------------------
/opt/airflow/dags/sakiga_ds_pipeline.py                           1           0  12.00s          2026-02-14T08:52:22
================================================================================
[2026-02-14T08:53:07.118+0000] {manager.py:879} INFO - 
================================================================================
DAG File Processing Stats

File Path                                PID    Runtime      # DAGs    # Errors  Last Runtime    Last Run
---------------------------------------  -----  ---------  --------  ----------  --------------  -------------------
/opt/airflow/dags/sakiga_ds_pipeline.py                           1           0  14.66s          2026-02-14T08:53:07
================================================================================
[2026-02-14T08:53:44.735+0000] {manager.py:879} INFO - 
================================================================================
DAG File Processing Stats

File Path                                PID    Runtime      # DAGs    # Errors  Last Runtime    Last Run
---------------------------------------  -----  ---------  --------  ----------  --------------  -------------------
/opt/airflow/dags/sakiga_ds_pipeline.py                           1           0  6.25s           2026-02-14T08:53:44
================================================================================
[2026-02-14T08:54:24.674+0000] {manager.py:879} INFO - 
================================================================================
DAG File Processing Stats

File Path                                PID    Runtime      # DAGs    # Errors  Last Runtime    Last Run
---------------------------------------  -----  ---------  --------  ----------  --------------  -------------------
/opt/airflow/dags/sakiga_ds_pipeline.py                           1           0  7.94s           2026-02-14T08:54:24
================================================================================
[2026-02-14T08:54:57.114+0000] {manager.py:879} INFO - 
================================================================================
DAG File Processing Stats

File Path                                PID    Runtime      # DAGs    # Errors  Last Runtime    Last Run
---------------------------------------  -----  ---------  --------  ----------  --------------  -------------------
/opt/airflow/dags/sakiga_ds_pipeline.py                           1           0  1.89s           2026-02-14T08:54:57
================================================================================
[2026-02-14T08:55:35.145+0000] {manager.py:879} INFO - 
================================================================================
DAG File Processing Stats

File Path                                PID    Runtime      # DAGs    # Errors  Last Runtime    Last Run
---------------------------------------  -----  ---------  --------  ----------  --------------  -------------------
/opt/airflow/dags/sakiga_ds_pipeline.py                           1           0  7.41s           2026-02-14T08:55:35
================================================================================
[2026-02-14T08:56:06.755+0000] {manager.py:879} INFO - 
================================================================================
DAG File Processing Stats

File Path                                PID    Runtime      # DAGs    # Errors  Last Runtime    Last Run
---------------------------------------  -----  ---------  --------  ----------  --------------  -------------------
/opt/airflow/dags/sakiga_ds_pipeline.py                           1           0  0.52s           2026-02-14T08:56:06
================================================================================
[2026-02-14T08:56:09.455+0000] {manager.py:738} INFO - Searching for files in /opt/airflow/dags
[2026-02-14T08:56:10.184+0000] {manager.py:741} INFO - There are 1 files in /opt/airflow/dags
[2026-02-14T08:56:44.494+0000] {manager.py:879} INFO - 
================================================================================
DAG File Processing Stats

File Path                                PID    Runtime      # DAGs    # Errors  Last Runtime    Last Run
---------------------------------------  -----  ---------  --------  ----------  --------------  -------------------
/opt/airflow/dags/sakiga_ds_pipeline.py                           1           0  7.31s           2026-02-14T08:56:44
================================================================================
[2026-02-14T08:57:30.228+0000] {manager.py:879} INFO - 
================================================================================
DAG File Processing Stats

File Path                                PID    Runtime      # DAGs    # Errors  Last Runtime    Last Run
---------------------------------------  -----  ---------  --------  ----------  --------------  -------------------
/opt/airflow/dags/sakiga_ds_pipeline.py                           1           0  15.00s          2026-02-14T08:57:30
================================================================================
[2026-02-14T08:58:01.739+0000] {manager.py:879} INFO - 
================================================================================
DAG File Processing Stats

File Path                                PID    Runtime      # DAGs    # Errors  Last Runtime    Last Run
---------------------------------------  -----  ---------  --------  ----------  --------------  -------------------
/opt/airflow/dags/sakiga_ds_pipeline.py                           1           0  1.32s           2026-02-14T08:58:01
================================================================================
[2026-02-14T08:58:33.641+0000] {manager.py:879} INFO - 
================================================================================
DAG File Processing Stats

File Path                                PID    Runtime      # DAGs    # Errors  Last Runtime    Last Run
---------------------------------------  -----  ---------  --------  ----------  --------------  -------------------
/opt/airflow/dags/sakiga_ds_pipeline.py                           1           0  1.82s           2026-02-14T08:58:33
================================================================================
[2026-02-14T08:59:05.404+0000] {manager.py:879} INFO - 
================================================================================
DAG File Processing Stats

File Path                                PID    Runtime      # DAGs    # Errors  Last Runtime    Last Run
---------------------------------------  -----  ---------  --------  ----------  --------------  -------------------
/opt/airflow/dags/sakiga_ds_pipeline.py                           1           0  1.64s           2026-02-14T08:59:05
================================================================================
[2026-02-14T08:59:36.358+0000] {manager.py:879} INFO - 
================================================================================
DAG File Processing Stats

File Path                                PID    Runtime      # DAGs    # Errors  Last Runtime    Last Run
---------------------------------------  -----  ---------  --------  ----------  --------------  -------------------
/opt/airflow/dags/sakiga_ds_pipeline.py                           1           0  0.82s           2026-02-14T08:59:36
================================================================================
[2026-02-14T09:00:08.270+0000] {manager.py:879} INFO - 
================================================================================
DAG File Processing Stats

File Path                                PID    Runtime      # DAGs    # Errors  Last Runtime    Last Run
---------------------------------------  -----  ---------  --------  ----------  --------------  -------------------
/opt/airflow/dags/sakiga_ds_pipeline.py                           1           0  1.47s           2026-02-14T09:00:08
================================================================================
[2026-02-14T09:00:39.189+0000] {manager.py:879} INFO - 
================================================================================
DAG File Processing Stats

File Path                                PID    Runtime      # DAGs    # Errors  Last Runtime    Last Run
---------------------------------------  -----  ---------  --------  ----------  --------------  -------------------
/opt/airflow/dags/sakiga_ds_pipeline.py                           1           0  0.81s           2026-02-14T09:00:39
================================================================================
[2026-02-14T09:01:11.063+0000] {manager.py:879} INFO - 
================================================================================
DAG File Processing Stats

File Path                                PID    Runtime      # DAGs    # Errors  Last Runtime    Last Run
---------------------------------------  -----  ---------  --------  ----------  --------------  -------------------
/opt/airflow/dags/sakiga_ds_pipeline.py                           1           0  1.77s           2026-02-14T09:01:11
================================================================================
[2026-02-14T09:01:12.121+0000] {manager.py:738} INFO - Searching for files in /opt/airflow/dags
[2026-02-14T09:01:12.204+0000] {manager.py:741} INFO - There are 1 files in /opt/airflow/dags
[2026-02-14T09:01:41.697+0000] {manager.py:879} INFO - 
================================================================================
DAG File Processing Stats

File Path                                PID    Runtime      # DAGs    # Errors  Last Runtime    Last Run
---------------------------------------  -----  ---------  --------  ----------  --------------  -------------------
/opt/airflow/dags/sakiga_ds_pipeline.py                           1           0  0.54s           2026-02-14T09:01:41
================================================================================
[2026-02-14T09:02:12.975+0000] {manager.py:879} INFO - 
================================================================================
DAG File Processing Stats

File Path                                PID    Runtime      # DAGs    # Errors  Last Runtime    Last Run
---------------------------------------  -----  ---------  --------  ----------  --------------  -------------------
/opt/airflow/dags/sakiga_ds_pipeline.py                           1           0  0.78s           2026-02-14T09:02:12
================================================================================
[2026-02-14T09:02:43.586+0000] {manager.py:879} INFO - 
================================================================================
DAG File Processing Stats

File Path                                PID    Runtime      # DAGs    # Errors  Last Runtime    Last Run
---------------------------------------  -----  ---------  --------  ----------  --------------  -------------------
/opt/airflow/dags/sakiga_ds_pipeline.py                           1           0  0.51s           2026-02-14T09:02:43
================================================================================
[2026-02-14T09:03:13.994+0000] {manager.py:879} INFO - 
================================================================================
DAG File Processing Stats

File Path                                PID    Runtime      # DAGs    # Errors  Last Runtime    Last Run
---------------------------------------  -----  ---------  --------  ----------  --------------  -------------------
/opt/airflow/dags/sakiga_ds_pipeline.py                           1           0  0.32s           2026-02-14T09:03:13
================================================================================
[2026-02-14T09:03:44.677+0000] {manager.py:879} INFO - 
================================================================================
DAG File Processing Stats

File Path                                PID    Runtime      # DAGs    # Errors  Last Runtime    Last Run
---------------------------------------  -----  ---------  --------  ----------  --------------  -------------------
/opt/airflow/dags/sakiga_ds_pipeline.py                           1           0  0.61s           2026-02-14T09:03:44
================================================================================
[2026-02-14T09:04:15.104+0000] {manager.py:879} INFO - 
================================================================================
DAG File Processing Stats

File Path                                PID    Runtime      # DAGs    # Errors  Last Runtime    Last Run
---------------------------------------  -----  ---------  --------  ----------  --------------  -------------------
/opt/airflow/dags/sakiga_ds_pipeline.py                           1           0  0.31s           2026-02-14T09:04:15
================================================================================
[2026-02-14T09:14:20.108+0000] {manager.py:469} INFO - Processing files using up to 1 processes at a time 
[2026-02-14T09:14:20.148+0000] {manager.py:470} INFO - Process each file at most once every 30 seconds
[2026-02-14T09:14:20.186+0000] {manager.py:471} INFO - Checking for new files in /opt/airflow/dags every 300 seconds
[2026-02-14T09:14:20.195+0000] {manager.py:738} INFO - Searching for files in /opt/airflow/dags
[2026-02-14T09:14:20.275+0000] {manager.py:741} INFO - There are 1 files in /opt/airflow/dags
[2026-02-14T09:14:22.626+0000] {manager.py:879} INFO - 
================================================================================
DAG File Processing Stats

File Path                                PID    Runtime      # DAGs    # Errors  Last Runtime    Last Run
---------------------------------------  -----  ---------  --------  ----------  --------------  -------------------
/opt/airflow/dags/sakiga_ds_pipeline.py                           1           0  1.22s           2026-02-14T09:14:22
================================================================================
[2026-02-14T09:16:20.546+0000] {manager.py:451} INFO - Exiting gracefully upon receiving signal 15
[2026-02-14T09:16:23.673+0000] {manager.py:469} INFO - Processing files using up to 1 processes at a time 
[2026-02-14T09:16:23.674+0000] {manager.py:470} INFO - Process each file at most once every 30 seconds
[2026-02-14T09:16:23.676+0000] {manager.py:471} INFO - Checking for new files in /opt/airflow/dags every 300 seconds
[2026-02-14T09:16:23.677+0000] {manager.py:738} INFO - Searching for files in /opt/airflow/dags
[2026-02-14T09:16:23.943+0000] {manager.py:741} INFO - There are 1 files in /opt/airflow/dags
[2026-02-14T09:16:27.171+0000] {manager.py:879} INFO - 
================================================================================
DAG File Processing Stats

File Path                                PID    Runtime      # DAGs    # Errors  Last Runtime    Last Run
---------------------------------------  -----  ---------  --------  ----------  --------------  -------------------
/opt/airflow/dags/sakiga_ds_pipeline.py                           1           0  0.23s           2026-02-14T09:16:27
================================================================================
[2026-02-14T09:16:57.785+0000] {manager.py:879} INFO - 
================================================================================
DAG File Processing Stats

File Path                                PID    Runtime      # DAGs    # Errors  Last Runtime    Last Run
---------------------------------------  -----  ---------  --------  ----------  --------------  -------------------
/opt/airflow/dags/sakiga_ds_pipeline.py                           1           0  0.21s           2026-02-14T09:16:57
================================================================================
[2026-02-14T09:20:00.686+0000] {manager.py:469} INFO - Processing files using up to 1 processes at a time 
[2026-02-14T09:20:00.697+0000] {manager.py:470} INFO - Process each file at most once every 30 seconds
[2026-02-14T09:20:00.774+0000] {manager.py:471} INFO - Checking for new files in /opt/airflow/dags every 300 seconds
[2026-02-14T09:20:00.777+0000] {manager.py:738} INFO - Searching for files in /opt/airflow/dags
[2026-02-14T09:20:00.876+0000] {manager.py:741} INFO - There are 1 files in /opt/airflow/dags
[2026-02-14T09:20:06.359+0000] {manager.py:879} INFO - 
================================================================================
DAG File Processing Stats

File Path                                PID    Runtime      # DAGs    # Errors  Last Runtime    Last Run
---------------------------------------  -----  ---------  --------  ----------  --------------  -------------------
/opt/airflow/dags/sakiga_ds_pipeline.py                           1           0  4.10s           2026-02-14T09:20:06
================================================================================
[2026-02-14T09:21:49.137+0000] {manager.py:469} INFO - Processing files using up to 1 processes at a time 
[2026-02-14T09:21:49.139+0000] {manager.py:470} INFO - Process each file at most once every 30 seconds
[2026-02-14T09:21:49.141+0000] {manager.py:471} INFO - Checking for new files in /opt/airflow/dags every 300 seconds
[2026-02-14T09:21:49.142+0000] {manager.py:738} INFO - Searching for files in /opt/airflow/dags
[2026-02-14T09:21:49.296+0000] {manager.py:741} INFO - There are 1 files in /opt/airflow/dags
[2026-02-14T09:21:50.613+0000] {manager.py:879} INFO - 
================================================================================
DAG File Processing Stats

File Path                                PID    Runtime      # DAGs    # Errors  Last Runtime    Last Run
---------------------------------------  -----  ---------  --------  ----------  --------------  -------------------
/opt/airflow/dags/sakiga_ds_pipeline.py                           1           0  0.93s           2026-02-14T09:21:50
================================================================================
[2026-02-14T09:22:45.966+0000] {manager.py:451} INFO - Exiting gracefully upon receiving signal 15
[2026-02-14T09:22:47.459+0000] {manager.py:469} INFO - Processing files using up to 1 processes at a time 
[2026-02-14T09:22:47.461+0000] {manager.py:470} INFO - Process each file at most once every 30 seconds
[2026-02-14T09:22:47.462+0000] {manager.py:471} INFO - Checking for new files in /opt/airflow/dags every 300 seconds
[2026-02-14T09:22:47.464+0000] {manager.py:738} INFO - Searching for files in /opt/airflow/dags
[2026-02-14T09:22:47.489+0000] {manager.py:741} INFO - There are 1 files in /opt/airflow/dags
[2026-02-14T09:22:49.961+0000] {manager.py:879} INFO - 
================================================================================
DAG File Processing Stats

File Path                                PID    Runtime      # DAGs    # Errors  Last Runtime    Last Run
---------------------------------------  -----  ---------  --------  ----------  --------------  -------------------
/opt/airflow/dags/sakiga_ds_pipeline.py                           1           0  0.21s           2026-02-14T09:22:49
================================================================================
[2026-02-14T09:23:21.179+0000] {manager.py:879} INFO - 
================================================================================
DAG File Processing Stats

File Path                                PID    Runtime      # DAGs    # Errors  Last Runtime    Last Run
---------------------------------------  -----  ---------  --------  ----------  --------------  -------------------
/opt/airflow/dags/sakiga_ds_pipeline.py                           1           0  0.25s           2026-02-14T09:23:21
================================================================================
[2026-02-14T09:23:51.996+0000] {manager.py:879} INFO - 
================================================================================
DAG File Processing Stats

File Path                                PID    Runtime      # DAGs    # Errors  Last Runtime    Last Run
---------------------------------------  -----  ---------  --------  ----------  --------------  -------------------
/opt/airflow/dags/sakiga_ds_pipeline.py                           1           0  0.23s           2026-02-14T09:23:51
================================================================================
[2026-02-14T09:24:22.358+0000] {manager.py:879} INFO - 
================================================================================
DAG File Processing Stats

File Path                                PID    Runtime      # DAGs    # Errors  Last Runtime    Last Run
---------------------------------------  -----  ---------  --------  ----------  --------------  -------------------
/opt/airflow/dags/sakiga_ds_pipeline.py                           1           0  0.33s           2026-02-14T09:24:22
================================================================================
[2026-02-14T09:24:52.359+0000] {manager.py:879} INFO - 
================================================================================
DAG File Processing Stats

File Path                                PID    Runtime      # DAGs    # Errors  Last Runtime    Last Run
---------------------------------------  -----  ---------  --------  ----------  --------------  -------------------
/opt/airflow/dags/sakiga_ds_pipeline.py                           1           0  0.33s           2026-02-14T09:24:22
================================================================================
[2026-02-14T09:25:23.270+0000] {manager.py:879} INFO - 
================================================================================
DAG File Processing Stats

File Path                                PID    Runtime      # DAGs    # Errors  Last Runtime    Last Run
---------------------------------------  -----  ---------  --------  ----------  --------------  -------------------
/opt/airflow/dags/sakiga_ds_pipeline.py                           1           0  1.29s           2026-02-14T09:24:54
================================================================================
[2026-02-14T09:25:53.799+0000] {manager.py:879} INFO - 
================================================================================
DAG File Processing Stats

File Path                                PID    Runtime      # DAGs    # Errors  Last Runtime    Last Run
---------------------------------------  -----  ---------  --------  ----------  --------------  -------------------
/opt/airflow/dags/sakiga_ds_pipeline.py                           1           0  0.41s           2026-02-14T09:25:25
================================================================================
[2026-02-14T09:26:24.214+0000] {manager.py:879} INFO - 
================================================================================
DAG File Processing Stats

File Path                                PID    Runtime      # DAGs    # Errors  Last Runtime    Last Run
---------------------------------------  -----  ---------  --------  ----------  --------------  -------------------
/opt/airflow/dags/sakiga_ds_pipeline.py                           1           0  0.37s           2026-02-14T09:25:56
================================================================================
[2026-02-14T09:26:54.759+0000] {manager.py:879} INFO - 
================================================================================
DAG File Processing Stats

File Path                                PID    Runtime      # DAGs    # Errors  Last Runtime    Last Run
---------------------------------------  -----  ---------  --------  ----------  --------------  -------------------
/opt/airflow/dags/sakiga_ds_pipeline.py                           1           0  0.36s           2026-02-14T09:26:26
================================================================================
[2026-02-14T09:29:38.971+0000] {manager.py:451} INFO - Exiting gracefully upon receiving signal 15
[2026-02-14T09:29:42.901+0000] {manager.py:469} INFO - Processing files using up to 1 processes at a time 
[2026-02-14T09:29:42.903+0000] {manager.py:470} INFO - Process each file at most once every 30 seconds
[2026-02-14T09:29:42.904+0000] {manager.py:471} INFO - Checking for new files in /opt/airflow/dags every 300 seconds
[2026-02-14T09:29:42.906+0000] {manager.py:738} INFO - Searching for files in /opt/airflow/dags
[2026-02-14T09:29:43.015+0000] {manager.py:741} INFO - There are 1 files in /opt/airflow/dags
[2026-02-14T09:29:46.492+0000] {manager.py:879} INFO - 
================================================================================
DAG File Processing Stats

File Path                                PID    Runtime      # DAGs    # Errors  Last Runtime    Last Run
---------------------------------------  -----  ---------  --------  ----------  --------------  -------------------
/opt/airflow/dags/sakiga_ds_pipeline.py                           1           0  2.58s           2026-02-14T09:29:46
================================================================================
[2026-02-14T09:30:19.553+0000] {manager.py:879} INFO - 
================================================================================
DAG File Processing Stats

File Path                                PID    Runtime      # DAGs    # Errors  Last Runtime    Last Run
---------------------------------------  -----  ---------  --------  ----------  --------------  -------------------
/opt/airflow/dags/sakiga_ds_pipeline.py                           1           0  2.42s           2026-02-14T09:30:19
================================================================================
[2026-02-14T09:30:50.377+0000] {manager.py:879} INFO - 
================================================================================
DAG File Processing Stats

File Path                                PID    Runtime      # DAGs    # Errors  Last Runtime    Last Run
---------------------------------------  -----  ---------  --------  ----------  --------------  -------------------
/opt/airflow/dags/sakiga_ds_pipeline.py                           1           0  0.52s           2026-02-14T09:30:50
================================================================================
[2026-02-14T09:31:21.238+0000] {manager.py:879} INFO - 
================================================================================
DAG File Processing Stats

File Path                                PID    Runtime      # DAGs    # Errors  Last Runtime    Last Run
---------------------------------------  -----  ---------  --------  ----------  --------------  -------------------
/opt/airflow/dags/sakiga_ds_pipeline.py                           1           0  0.21s           2026-02-14T09:31:21
================================================================================
[2026-02-14T09:31:52.006+0000] {manager.py:879} INFO - 
================================================================================
DAG File Processing Stats

File Path                                PID    Runtime      # DAGs    # Errors  Last Runtime    Last Run
---------------------------------------  -----  ---------  --------  ----------  --------------  -------------------
/opt/airflow/dags/sakiga_ds_pipeline.py                           1           0  0.61s           2026-02-14T09:31:52
================================================================================
[2026-02-14T09:32:22.861+0000] {manager.py:879} INFO - 
================================================================================
DAG File Processing Stats

File Path                                PID    Runtime      # DAGs    # Errors  Last Runtime    Last Run
---------------------------------------  -----  ---------  --------  ----------  --------------  -------------------
/opt/airflow/dags/sakiga_ds_pipeline.py                           1           0  0.69s           2026-02-14T09:32:22
================================================================================
[2026-02-14T09:32:53.164+0000] {manager.py:879} INFO - 
================================================================================
DAG File Processing Stats

File Path                                PID    Runtime      # DAGs    # Errors  Last Runtime    Last Run
---------------------------------------  -----  ---------  --------  ----------  --------------  -------------------
/opt/airflow/dags/sakiga_ds_pipeline.py                           1           0  0.21s           2026-02-14T09:32:53
================================================================================
[2026-02-14T09:33:23.498+0000] {manager.py:879} INFO - 
================================================================================
DAG File Processing Stats

File Path                                PID    Runtime      # DAGs    # Errors  Last Runtime    Last Run
---------------------------------------  -----  ---------  --------  ----------  --------------  -------------------
/opt/airflow/dags/sakiga_ds_pipeline.py                           1           0  0.22s           2026-02-14T09:33:23
================================================================================
[2026-02-14T09:33:53.850+0000] {manager.py:879} INFO - 
================================================================================
DAG File Processing Stats

File Path                                PID    Runtime      # DAGs    # Errors  Last Runtime    Last Run
---------------------------------------  -----  ---------  --------  ----------  --------------  -------------------
/opt/airflow/dags/sakiga_ds_pipeline.py                           1           0  0.21s           2026-02-14T09:33:53
================================================================================
[2026-02-14T09:34:24.194+0000] {manager.py:879} INFO - 
================================================================================
DAG File Processing Stats

File Path                                PID    Runtime      # DAGs    # Errors  Last Runtime    Last Run
---------------------------------------  -----  ---------  --------  ----------  --------------  -------------------
/opt/airflow/dags/sakiga_ds_pipeline.py                           1           0  0.21s           2026-02-14T09:34:24
================================================================================
[2026-02-14T09:34:43.850+0000] {manager.py:738} INFO - Searching for files in /opt/airflow/dags
[2026-02-14T09:34:43.898+0000] {manager.py:741} INFO - There are 1 files in /opt/airflow/dags
[2026-02-14T09:34:54.949+0000] {manager.py:879} INFO - 
================================================================================
DAG File Processing Stats

File Path                                PID    Runtime      # DAGs    # Errors  Last Runtime    Last Run
---------------------------------------  -----  ---------  --------  ----------  --------------  -------------------
/opt/airflow/dags/sakiga_ds_pipeline.py                           1           0  0.53s           2026-02-14T09:34:54
================================================================================
[2026-02-14T09:35:25.535+0000] {manager.py:879} INFO - 
================================================================================
DAG File Processing Stats

File Path                                PID    Runtime      # DAGs    # Errors  Last Runtime    Last Run
---------------------------------------  -----  ---------  --------  ----------  --------------  -------------------
/opt/airflow/dags/sakiga_ds_pipeline.py                           1           0  0.42s           2026-02-14T09:35:25
================================================================================
[2026-02-14T09:35:55.872+0000] {manager.py:879} INFO - 
================================================================================
DAG File Processing Stats

File Path                                PID    Runtime      # DAGs    # Errors  Last Runtime    Last Run
---------------------------------------  -----  ---------  --------  ----------  --------------  -------------------
/opt/airflow/dags/sakiga_ds_pipeline.py                           1           0  0.21s           2026-02-14T09:35:55
================================================================================
[2026-02-14T09:36:26.321+0000] {manager.py:879} INFO - 
================================================================================
DAG File Processing Stats

File Path                                PID    Runtime      # DAGs    # Errors  Last Runtime    Last Run
---------------------------------------  -----  ---------  --------  ----------  --------------  -------------------
/opt/airflow/dags/sakiga_ds_pipeline.py                           1           0  0.34s           2026-02-14T09:36:26
================================================================================
[2026-02-14T09:36:56.627+0000] {manager.py:879} INFO - 
================================================================================
DAG File Processing Stats

File Path                                PID    Runtime      # DAGs    # Errors  Last Runtime    Last Run
---------------------------------------  -----  ---------  --------  ----------  --------------  -------------------
/opt/airflow/dags/sakiga_ds_pipeline.py                           1           0  0.21s           2026-02-14T09:36:56
================================================================================
[2026-02-14T09:37:27.004+0000] {manager.py:879} INFO - 
================================================================================
DAG File Processing Stats

File Path                                PID    Runtime      # DAGs    # Errors  Last Runtime    Last Run
---------------------------------------  -----  ---------  --------  ----------  --------------  -------------------
/opt/airflow/dags/sakiga_ds_pipeline.py                           1           0  0.21s           2026-02-14T09:37:27
================================================================================
[2026-02-14T09:37:57.361+0000] {manager.py:879} INFO - 
================================================================================
DAG File Processing Stats

File Path                                PID    Runtime      # DAGs    # Errors  Last Runtime    Last Run
---------------------------------------  -----  ---------  --------  ----------  --------------  -------------------
/opt/airflow/dags/sakiga_ds_pipeline.py                           1           0  0.21s           2026-02-14T09:37:57
================================================================================
[2026-02-14T09:38:27.675+0000] {manager.py:879} INFO - 
================================================================================
DAG File Processing Stats

File Path                                PID    Runtime      # DAGs    # Errors  Last Runtime    Last Run
---------------------------------------  -----  ---------  --------  ----------  --------------  -------------------
/opt/airflow/dags/sakiga_ds_pipeline.py                           1           0  0.21s           2026-02-14T09:38:27
================================================================================
[2026-02-14T09:38:58.093+0000] {manager.py:879} INFO - 
================================================================================
DAG File Processing Stats

File Path                                PID    Runtime      # DAGs    # Errors  Last Runtime    Last Run
---------------------------------------  -----  ---------  --------  ----------  --------------  -------------------
/opt/airflow/dags/sakiga_ds_pipeline.py                           1           0  0.31s           2026-02-14T09:38:58
================================================================================
[2026-02-14T09:39:28.448+0000] {manager.py:879} INFO - 
================================================================================
DAG File Processing Stats

File Path                                PID    Runtime      # DAGs    # Errors  Last Runtime    Last Run
---------------------------------------  -----  ---------  --------  ----------  --------------  -------------------
/opt/airflow/dags/sakiga_ds_pipeline.py                           1           0  0.22s           2026-02-14T09:39:28
================================================================================
[2026-02-14T09:39:44.480+0000] {manager.py:738} INFO - Searching for files in /opt/airflow/dags
[2026-02-14T09:39:44.517+0000] {manager.py:741} INFO - There are 1 files in /opt/airflow/dags
[2026-02-14T09:39:58.740+0000] {manager.py:879} INFO - 
================================================================================
DAG File Processing Stats

File Path                                PID    Runtime      # DAGs    # Errors  Last Runtime    Last Run
---------------------------------------  -----  ---------  --------  ----------  --------------  -------------------
/opt/airflow/dags/sakiga_ds_pipeline.py                           1           0  0.21s           2026-02-14T09:39:58
================================================================================
[2026-02-14T09:40:31.847+0000] {manager.py:879} INFO - 
================================================================================
DAG File Processing Stats

File Path                                PID    Runtime      # DAGs    # Errors  Last Runtime    Last Run
---------------------------------------  -----  ---------  --------  ----------  --------------  -------------------
/opt/airflow/dags/sakiga_ds_pipeline.py                           1           0  3.00s           2026-02-14T09:40:31
================================================================================
[2026-02-14T09:41:02.337+0000] {manager.py:879} INFO - 
================================================================================
DAG File Processing Stats

File Path                                PID    Runtime      # DAGs    # Errors  Last Runtime    Last Run
---------------------------------------  -----  ---------  --------  ----------  --------------  -------------------
/opt/airflow/dags/sakiga_ds_pipeline.py                           1           0  0.21s           2026-02-14T09:41:02
================================================================================
[2026-02-14T09:41:32.645+0000] {manager.py:879} INFO - 
================================================================================
DAG File Processing Stats

File Path                                PID    Runtime      # DAGs    # Errors  Last Runtime    Last Run
---------------------------------------  -----  ---------  --------  ----------  --------------  -------------------
/opt/airflow/dags/sakiga_ds_pipeline.py                           1           0  0.21s           2026-02-14T09:41:32
================================================================================
[2026-02-14T09:42:02.927+0000] {manager.py:879} INFO - 
================================================================================
DAG File Processing Stats

File Path                                PID    Runtime      # DAGs    # Errors  Last Runtime    Last Run
---------------------------------------  -----  ---------  --------  ----------  --------------  -------------------
/opt/airflow/dags/sakiga_ds_pipeline.py                           1           0  0.21s           2026-02-14T09:42:02
================================================================================
[2026-02-14T09:42:33.808+0000] {manager.py:879} INFO - 
================================================================================
DAG File Processing Stats

File Path                                PID    Runtime      # DAGs    # Errors  Last Runtime    Last Run
---------------------------------------  -----  ---------  --------  ----------  --------------  -------------------
/opt/airflow/dags/sakiga_ds_pipeline.py                           1           0  0.52s           2026-02-14T09:42:33
================================================================================
[2026-02-14T09:43:04.117+0000] {manager.py:879} INFO - 
================================================================================
DAG File Processing Stats

File Path                                PID    Runtime      # DAGs    # Errors  Last Runtime    Last Run
---------------------------------------  -----  ---------  --------  ----------  --------------  -------------------
/opt/airflow/dags/sakiga_ds_pipeline.py                           1           0  0.21s           2026-02-14T09:43:04
================================================================================
[2026-02-14T09:43:34.430+0000] {manager.py:879} INFO - 
================================================================================
DAG File Processing Stats

File Path                                PID    Runtime      # DAGs    # Errors  Last Runtime    Last Run
---------------------------------------  -----  ---------  --------  ----------  --------------  -------------------
/opt/airflow/dags/sakiga_ds_pipeline.py                           1           0  0.21s           2026-02-14T09:43:34
================================================================================
[2026-02-14T09:44:04.742+0000] {manager.py:879} INFO - 
================================================================================
DAG File Processing Stats

File Path                                PID    Runtime      # DAGs    # Errors  Last Runtime    Last Run
---------------------------------------  -----  ---------  --------  ----------  --------------  -------------------
/opt/airflow/dags/sakiga_ds_pipeline.py                           1           0  0.23s           2026-02-14T09:44:04
================================================================================
[2026-02-14T09:44:35.069+0000] {manager.py:879} INFO - 
================================================================================
DAG File Processing Stats

File Path                                PID    Runtime      # DAGs    # Errors  Last Runtime    Last Run
---------------------------------------  -----  ---------  --------  ----------  --------------  -------------------
/opt/airflow/dags/sakiga_ds_pipeline.py                           1           0  0.24s           2026-02-14T09:44:35
================================================================================
[2026-02-14T09:44:45.116+0000] {manager.py:738} INFO - Searching for files in /opt/airflow/dags
[2026-02-14T09:44:45.149+0000] {manager.py:741} INFO - There are 1 files in /opt/airflow/dags
[2026-02-14T09:45:05.367+0000] {manager.py:879} INFO - 
================================================================================
DAG File Processing Stats

File Path                                PID    Runtime      # DAGs    # Errors  Last Runtime    Last Run
---------------------------------------  -----  ---------  --------  ----------  --------------  -------------------
/opt/airflow/dags/sakiga_ds_pipeline.py                           1           0  0.21s           2026-02-14T09:45:05
================================================================================
[2026-02-14T09:45:35.802+0000] {manager.py:879} INFO - 
================================================================================
DAG File Processing Stats

File Path                                PID    Runtime      # DAGs    # Errors  Last Runtime    Last Run
---------------------------------------  -----  ---------  --------  ----------  --------------  -------------------
/opt/airflow/dags/sakiga_ds_pipeline.py                           1           0  0.33s           2026-02-14T09:45:35
================================================================================
[2026-02-14T09:46:06.588+0000] {manager.py:879} INFO - 
================================================================================
DAG File Processing Stats

File Path                                PID    Runtime      # DAGs    # Errors  Last Runtime    Last Run
---------------------------------------  -----  ---------  --------  ----------  --------------  -------------------
/opt/airflow/dags/sakiga_ds_pipeline.py                           1           0  0.65s           2026-02-14T09:46:06
================================================================================
[2026-02-14T09:46:36.996+0000] {manager.py:879} INFO - 
================================================================================
DAG File Processing Stats

File Path                                PID    Runtime      # DAGs    # Errors  Last Runtime    Last Run
---------------------------------------  -----  ---------  --------  ----------  --------------  -------------------
/opt/airflow/dags/sakiga_ds_pipeline.py                           1           0  0.31s           2026-02-14T09:46:36
================================================================================
[2026-02-14T09:47:07.419+0000] {manager.py:879} INFO - 
================================================================================
DAG File Processing Stats

File Path                                PID    Runtime      # DAGs    # Errors  Last Runtime    Last Run
---------------------------------------  -----  ---------  --------  ----------  --------------  -------------------
/opt/airflow/dags/sakiga_ds_pipeline.py                           1           0  0.31s           2026-02-14T09:47:07
================================================================================
[2026-02-14T09:47:37.950+0000] {manager.py:879} INFO - 
================================================================================
DAG File Processing Stats

File Path                                PID    Runtime      # DAGs    # Errors  Last Runtime    Last Run
---------------------------------------  -----  ---------  --------  ----------  --------------  -------------------
/opt/airflow/dags/sakiga_ds_pipeline.py                           1           0  0.43s           2026-02-14T09:47:37
================================================================================
[2026-02-14T09:48:08.245+0000] {manager.py:879} INFO - 
================================================================================
DAG File Processing Stats

File Path                                PID    Runtime      # DAGs    # Errors  Last Runtime    Last Run
---------------------------------------  -----  ---------  --------  ----------  --------------  -------------------
/opt/airflow/dags/sakiga_ds_pipeline.py                           1           0  0.21s           2026-02-14T09:48:08
================================================================================
[2026-02-14T09:48:38.655+0000] {manager.py:879} INFO - 
================================================================================
DAG File Processing Stats

File Path                                PID    Runtime      # DAGs    # Errors  Last Runtime    Last Run
---------------------------------------  -----  ---------  --------  ----------  --------------  -------------------
/opt/airflow/dags/sakiga_ds_pipeline.py                           1           0  0.29s           2026-02-14T09:48:38
================================================================================
[2026-02-14T09:51:25.814+0000] {manager.py:451} INFO - Exiting gracefully upon receiving signal 15
[2026-02-14T09:51:59.816+0000] {manager.py:469} INFO - Processing files using up to 1 processes at a time 
[2026-02-14T09:51:59.817+0000] {manager.py:470} INFO - Process each file at most once every 30 seconds
[2026-02-14T09:51:59.818+0000] {manager.py:471} INFO - Checking for new files in /opt/airflow/dags every 300 seconds
[2026-02-14T09:51:59.819+0000] {manager.py:738} INFO - Searching for files in /opt/airflow/dags
[2026-02-14T09:51:59.904+0000] {manager.py:741} INFO - There are 1 files in /opt/airflow/dags
[2026-02-14T09:52:01.754+0000] {manager.py:879} INFO - 
================================================================================
DAG File Processing Stats

File Path                                PID    Runtime      # DAGs    # Errors  Last Runtime    Last Run
---------------------------------------  -----  ---------  --------  ----------  --------------  -------------------
/opt/airflow/dags/sakiga_ds_pipeline.py                           1           0  0.97s           2026-02-14T09:52:01
================================================================================
[2026-02-14T10:07:43.423+0000] {manager.py:451} INFO - Exiting gracefully upon receiving signal 15
[2026-02-14T10:09:28.584+0000] {manager.py:469} INFO - Processing files using up to 1 processes at a time 
[2026-02-14T10:09:28.610+0000] {manager.py:470} INFO - Process each file at most once every 30 seconds
[2026-02-14T10:09:28.611+0000] {manager.py:471} INFO - Checking for new files in /opt/airflow/dags every 300 seconds
[2026-02-14T10:09:28.639+0000] {manager.py:738} INFO - Searching for files in /opt/airflow/dags
[2026-02-14T10:09:28.936+0000] {manager.py:741} INFO - There are 1 files in /opt/airflow/dags
[2026-02-14T10:09:42.827+0000] {manager.py:879} INFO - 
================================================================================
DAG File Processing Stats

File Path                                PID    Runtime      # DAGs    # Errors  Last Runtime    Last Run
---------------------------------------  -----  ---------  --------  ----------  --------------  -------------------
/opt/airflow/dags/sakiga_ds_pipeline.py                           1           0  8.34s           2026-02-14T10:09:42
================================================================================
[2026-02-14T10:14:29.427+0000] {manager.py:451} INFO - Exiting gracefully upon receiving signal 15
[2026-02-14T10:14:34.719+0000] {manager.py:469} INFO - Processing files using up to 1 processes at a time 
[2026-02-14T10:14:34.721+0000] {manager.py:470} INFO - Process each file at most once every 30 seconds
[2026-02-14T10:14:34.723+0000] {manager.py:471} INFO - Checking for new files in /opt/airflow/dags every 300 seconds
[2026-02-14T10:14:34.724+0000] {manager.py:738} INFO - Searching for files in /opt/airflow/dags
[2026-02-14T10:14:34.748+0000] {manager.py:741} INFO - There are 1 files in /opt/airflow/dags
[2026-02-14T10:14:36.004+0000] {manager.py:879} INFO - 
================================================================================
DAG File Processing Stats

File Path                                PID    Runtime      # DAGs    # Errors  Last Runtime    Last Run
---------------------------------------  -----  ---------  --------  ----------  --------------  -------------------
/opt/airflow/dags/sakiga_ds_pipeline.py                           1           0  0.41s           2026-02-14T10:14:35
================================================================================
[2026-02-14T10:15:51.936+0000] {manager.py:451} INFO - Exiting gracefully upon receiving signal 15
[2026-02-14T10:15:52.313+0000] {manager.py:469} INFO - Processing files using up to 1 processes at a time 
[2026-02-14T10:15:52.315+0000] {manager.py:470} INFO - Process each file at most once every 30 seconds
[2026-02-14T10:15:52.316+0000] {manager.py:471} INFO - Checking for new files in /opt/airflow/dags every 300 seconds
[2026-02-14T10:15:52.317+0000] {manager.py:738} INFO - Searching for files in /opt/airflow/dags
[2026-02-14T10:15:52.341+0000] {manager.py:741} INFO - There are 1 files in /opt/airflow/dags
[2026-02-14T10:15:55.659+0000] {manager.py:879} INFO - 
================================================================================
DAG File Processing Stats

File Path                                PID    Runtime      # DAGs    # Errors  Last Runtime    Last Run
---------------------------------------  -----  ---------  --------  ----------  --------------  -------------------
/opt/airflow/dags/sakiga_ds_pipeline.py                           1           0  1.84s           2026-02-14T10:15:55
================================================================================
[2026-02-14T10:16:26.261+0000] {manager.py:879} INFO - 
================================================================================
DAG File Processing Stats

File Path                                PID    Runtime      # DAGs    # Errors  Last Runtime    Last Run
---------------------------------------  -----  ---------  --------  ----------  --------------  -------------------
/opt/airflow/dags/sakiga_ds_pipeline.py                           1           0  0.21s           2026-02-14T10:16:26
================================================================================
[2026-02-14T10:16:57.125+0000] {manager.py:879} INFO - 
================================================================================
DAG File Processing Stats

File Path                                PID    Runtime      # DAGs    # Errors  Last Runtime    Last Run
---------------------------------------  -----  ---------  --------  ----------  --------------  -------------------
/opt/airflow/dags/sakiga_ds_pipeline.py                           1           0  0.21s           2026-02-14T10:16:57
================================================================================
[2026-02-14T10:17:28.157+0000] {manager.py:879} INFO - 
================================================================================
DAG File Processing Stats

File Path                                PID    Runtime      # DAGs    # Errors  Last Runtime    Last Run
---------------------------------------  -----  ---------  --------  ----------  --------------  -------------------
/opt/airflow/dags/sakiga_ds_pipeline.py                           1           0  0.21s           2026-02-14T10:17:28
================================================================================
[2026-02-14T10:17:58.698+0000] {manager.py:879} INFO - 
================================================================================
DAG File Processing Stats

File Path                                PID    Runtime      # DAGs    # Errors  Last Runtime    Last Run
---------------------------------------  -----  ---------  --------  ----------  --------------  -------------------
/opt/airflow/dags/sakiga_ds_pipeline.py                           1           0  0.21s           2026-02-14T10:17:58
================================================================================
[2026-02-14T10:18:29.228+0000] {manager.py:879} INFO - 
================================================================================
DAG File Processing Stats

File Path                                PID    Runtime      # DAGs    # Errors  Last Runtime    Last Run
---------------------------------------  -----  ---------  --------  ----------  --------------  -------------------
/opt/airflow/dags/sakiga_ds_pipeline.py                           1           0  0.21s           2026-02-14T10:18:29
================================================================================
[2026-02-14T10:18:59.746+0000] {manager.py:879} INFO - 
================================================================================
DAG File Processing Stats

File Path                                PID    Runtime      # DAGs    # Errors  Last Runtime    Last Run
---------------------------------------  -----  ---------  --------  ----------  --------------  -------------------
/opt/airflow/dags/sakiga_ds_pipeline.py                           1           0  0.21s           2026-02-14T10:18:59
================================================================================
[2026-02-14T10:19:30.311+0000] {manager.py:879} INFO - 
================================================================================
DAG File Processing Stats

File Path                                PID    Runtime      # DAGs    # Errors  Last Runtime    Last Run
---------------------------------------  -----  ---------  --------  ----------  --------------  -------------------
/opt/airflow/dags/sakiga_ds_pipeline.py                           1           0  0.23s           2026-02-14T10:19:30
================================================================================
[2026-02-14T10:20:00.849+0000] {manager.py:879} INFO - 
================================================================================
DAG File Processing Stats

File Path                                PID    Runtime      # DAGs    # Errors  Last Runtime    Last Run
---------------------------------------  -----  ---------  --------  ----------  --------------  -------------------
/opt/airflow/dags/sakiga_ds_pipeline.py                           1           0  0.21s           2026-02-14T10:20:00
================================================================================
[2026-02-14T10:20:31.434+0000] {manager.py:879} INFO - 
================================================================================
DAG File Processing Stats

File Path                                PID    Runtime      # DAGs    # Errors  Last Runtime    Last Run
---------------------------------------  -----  ---------  --------  ----------  --------------  -------------------
/opt/airflow/dags/sakiga_ds_pipeline.py                           1           0  0.21s           2026-02-14T10:20:31
================================================================================
[2026-02-14T10:20:52.625+0000] {manager.py:738} INFO - Searching for files in /opt/airflow/dags
[2026-02-14T10:20:52.676+0000] {manager.py:741} INFO - There are 1 files in /opt/airflow/dags
[2026-02-14T10:21:02.034+0000] {manager.py:879} INFO - 
================================================================================
DAG File Processing Stats

File Path                                PID    Runtime      # DAGs    # Errors  Last Runtime    Last Run
---------------------------------------  -----  ---------  --------  ----------  --------------  -------------------
/opt/airflow/dags/sakiga_ds_pipeline.py                           1           0  0.21s           2026-02-14T10:21:02
================================================================================
[2026-02-14T10:21:32.626+0000] {manager.py:879} INFO - 
================================================================================
DAG File Processing Stats

File Path                                PID    Runtime      # DAGs    # Errors  Last Runtime    Last Run
---------------------------------------  -----  ---------  --------  ----------  --------------  -------------------
/opt/airflow/dags/sakiga_ds_pipeline.py                           1           0  0.21s           2026-02-14T10:21:32
================================================================================
[2026-02-14T10:22:03.178+0000] {manager.py:879} INFO - 
================================================================================
DAG File Processing Stats

File Path                                PID    Runtime      # DAGs    # Errors  Last Runtime    Last Run
---------------------------------------  -----  ---------  --------  ----------  --------------  -------------------
/opt/airflow/dags/sakiga_ds_pipeline.py                           1           0  0.21s           2026-02-14T10:22:03
================================================================================
[2026-02-14T10:22:33.736+0000] {manager.py:879} INFO - 
================================================================================
DAG File Processing Stats

File Path                                PID    Runtime      # DAGs    # Errors  Last Runtime    Last Run
---------------------------------------  -----  ---------  --------  ----------  --------------  -------------------
/opt/airflow/dags/sakiga_ds_pipeline.py                           1           0  0.21s           2026-02-14T10:22:33
================================================================================
[2026-02-14T10:23:04.084+0000] {manager.py:879} INFO - 
================================================================================
DAG File Processing Stats

File Path                                PID    Runtime      # DAGs    # Errors  Last Runtime    Last Run
---------------------------------------  -----  ---------  --------  ----------  --------------  -------------------
/opt/airflow/dags/sakiga_ds_pipeline.py                           1           0  0.21s           2026-02-14T10:23:04
================================================================================
[2026-02-14T10:23:34.432+0000] {manager.py:879} INFO - 
================================================================================
DAG File Processing Stats

File Path                                PID    Runtime      # DAGs    # Errors  Last Runtime    Last Run
---------------------------------------  -----  ---------  --------  ----------  --------------  -------------------
/opt/airflow/dags/sakiga_ds_pipeline.py                           1           0  0.21s           2026-02-14T10:23:34
================================================================================
[2026-02-14T10:24:04.782+0000] {manager.py:879} INFO - 
================================================================================
DAG File Processing Stats

File Path                                PID    Runtime      # DAGs    # Errors  Last Runtime    Last Run
---------------------------------------  -----  ---------  --------  ----------  --------------  -------------------
/opt/airflow/dags/sakiga_ds_pipeline.py                           1           0  0.21s           2026-02-14T10:24:04
================================================================================
[2026-02-14T10:24:35.156+0000] {manager.py:879} INFO - 
================================================================================
DAG File Processing Stats

File Path                                PID    Runtime      # DAGs    # Errors  Last Runtime    Last Run
---------------------------------------  -----  ---------  --------  ----------  --------------  -------------------
/opt/airflow/dags/sakiga_ds_pipeline.py                           1           0  0.21s           2026-02-14T10:24:35
================================================================================
[2026-02-14T10:25:05.523+0000] {manager.py:879} INFO - 
================================================================================
DAG File Processing Stats

File Path                                PID    Runtime      # DAGs    # Errors  Last Runtime    Last Run
---------------------------------------  -----  ---------  --------  ----------  --------------  -------------------
/opt/airflow/dags/sakiga_ds_pipeline.py                           1           0  0.21s           2026-02-14T10:25:05
================================================================================
[2026-02-14T10:25:35.882+0000] {manager.py:879} INFO - 
================================================================================
DAG File Processing Stats

File Path                                PID    Runtime      # DAGs    # Errors  Last Runtime    Last Run
---------------------------------------  -----  ---------  --------  ----------  --------------  -------------------
/opt/airflow/dags/sakiga_ds_pipeline.py                           1           0  0.21s           2026-02-14T10:25:35
================================================================================
[2026-02-14T10:25:53.128+0000] {manager.py:738} INFO - Searching for files in /opt/airflow/dags
[2026-02-14T10:25:53.154+0000] {manager.py:741} INFO - There are 1 files in /opt/airflow/dags
[2026-02-14T10:26:06.243+0000] {manager.py:879} INFO - 
================================================================================
DAG File Processing Stats

File Path                                PID    Runtime      # DAGs    # Errors  Last Runtime    Last Run
---------------------------------------  -----  ---------  --------  ----------  --------------  -------------------
/opt/airflow/dags/sakiga_ds_pipeline.py                           1           0  0.21s           2026-02-14T10:26:06
================================================================================
[2026-02-14T10:26:36.596+0000] {manager.py:879} INFO - 
================================================================================
DAG File Processing Stats

File Path                                PID    Runtime      # DAGs    # Errors  Last Runtime    Last Run
---------------------------------------  -----  ---------  --------  ----------  --------------  -------------------
/opt/airflow/dags/sakiga_ds_pipeline.py                           1           0  0.21s           2026-02-14T10:26:36
================================================================================
[2026-02-14T10:27:06.948+0000] {manager.py:879} INFO - 
================================================================================
DAG File Processing Stats

File Path                                PID    Runtime      # DAGs    # Errors  Last Runtime    Last Run
---------------------------------------  -----  ---------  --------  ----------  --------------  -------------------
/opt/airflow/dags/sakiga_ds_pipeline.py                           1           0  0.21s           2026-02-14T10:27:06
================================================================================
[2026-02-14T10:27:37.325+0000] {manager.py:879} INFO - 
================================================================================
DAG File Processing Stats

File Path                                PID    Runtime      # DAGs    # Errors  Last Runtime    Last Run
---------------------------------------  -----  ---------  --------  ----------  --------------  -------------------
/opt/airflow/dags/sakiga_ds_pipeline.py                           1           0  0.21s           2026-02-14T10:27:37
================================================================================
[2026-02-14T10:28:07.682+0000] {manager.py:879} INFO - 
================================================================================
DAG File Processing Stats

File Path                                PID    Runtime      # DAGs    # Errors  Last Runtime    Last Run
---------------------------------------  -----  ---------  --------  ----------  --------------  -------------------
/opt/airflow/dags/sakiga_ds_pipeline.py                           1           0  0.21s           2026-02-14T10:28:07
================================================================================
[2026-02-14T10:28:37.974+0000] {manager.py:879} INFO - 
================================================================================
DAG File Processing Stats

File Path                                PID    Runtime      # DAGs    # Errors  Last Runtime    Last Run
---------------------------------------  -----  ---------  --------  ----------  --------------  -------------------
/opt/airflow/dags/sakiga_ds_pipeline.py                           1           0  0.21s           2026-02-14T10:28:37
================================================================================
[2026-02-14T10:29:08.346+0000] {manager.py:879} INFO - 
================================================================================
DAG File Processing Stats

File Path                                PID    Runtime      # DAGs    # Errors  Last Runtime    Last Run
---------------------------------------  -----  ---------  --------  ----------  --------------  -------------------
/opt/airflow/dags/sakiga_ds_pipeline.py                           1           0  0.21s           2026-02-14T10:29:08
================================================================================
[2026-02-14T10:29:38.700+0000] {manager.py:879} INFO - 
================================================================================
DAG File Processing Stats

File Path                                PID    Runtime      # DAGs    # Errors  Last Runtime    Last Run
---------------------------------------  -----  ---------  --------  ----------  --------------  -------------------
/opt/airflow/dags/sakiga_ds_pipeline.py                           1           0  0.21s           2026-02-14T10:29:38
================================================================================
[2026-02-14T10:30:09.043+0000] {manager.py:879} INFO - 
================================================================================
DAG File Processing Stats

File Path                                PID    Runtime      # DAGs    # Errors  Last Runtime    Last Run
---------------------------------------  -----  ---------  --------  ----------  --------------  -------------------
/opt/airflow/dags/sakiga_ds_pipeline.py                           1           0  0.21s           2026-02-14T10:30:09
================================================================================
[2026-02-14T10:30:39.390+0000] {manager.py:879} INFO - 
================================================================================
DAG File Processing Stats

File Path                                PID    Runtime      # DAGs    # Errors  Last Runtime    Last Run
---------------------------------------  -----  ---------  --------  ----------  --------------  -------------------
/opt/airflow/dags/sakiga_ds_pipeline.py                           1           0  0.21s           2026-02-14T10:30:39
================================================================================
[2026-02-14T10:30:53.666+0000] {manager.py:738} INFO - Searching for files in /opt/airflow/dags
[2026-02-14T10:30:53.691+0000] {manager.py:741} INFO - There are 1 files in /opt/airflow/dags
[2026-02-14T10:31:09.737+0000] {manager.py:879} INFO - 
================================================================================
DAG File Processing Stats

File Path                                PID    Runtime      # DAGs    # Errors  Last Runtime    Last Run
---------------------------------------  -----  ---------  --------  ----------  --------------  -------------------
/opt/airflow/dags/sakiga_ds_pipeline.py                           1           0  0.21s           2026-02-14T10:31:09
================================================================================
[2026-02-14T10:31:40.057+0000] {manager.py:879} INFO - 
================================================================================
DAG File Processing Stats

File Path                                PID    Runtime      # DAGs    # Errors  Last Runtime    Last Run
---------------------------------------  -----  ---------  --------  ----------  --------------  -------------------
/opt/airflow/dags/sakiga_ds_pipeline.py                           1           0  0.21s           2026-02-14T10:31:40
================================================================================
[2026-02-14T10:32:10.375+0000] {manager.py:879} INFO - 
================================================================================
DAG File Processing Stats

File Path                                PID    Runtime      # DAGs    # Errors  Last Runtime    Last Run
---------------------------------------  -----  ---------  --------  ----------  --------------  -------------------
/opt/airflow/dags/sakiga_ds_pipeline.py                           1           0  0.21s           2026-02-14T10:32:10
================================================================================
[2026-02-14T10:32:40.697+0000] {manager.py:879} INFO - 
================================================================================
DAG File Processing Stats

File Path                                PID    Runtime      # DAGs    # Errors  Last Runtime    Last Run
---------------------------------------  -----  ---------  --------  ----------  --------------  -------------------
/opt/airflow/dags/sakiga_ds_pipeline.py                           1           0  0.21s           2026-02-14T10:32:40
================================================================================
[2026-02-14T10:33:11.023+0000] {manager.py:879} INFO - 
================================================================================
DAG File Processing Stats

File Path                                PID    Runtime      # DAGs    # Errors  Last Runtime    Last Run
---------------------------------------  -----  ---------  --------  ----------  --------------  -------------------
/opt/airflow/dags/sakiga_ds_pipeline.py                           1           0  0.21s           2026-02-14T10:33:11
================================================================================
[2026-02-14T10:33:41.330+0000] {manager.py:879} INFO - 
================================================================================
DAG File Processing Stats

File Path                                PID    Runtime      # DAGs    # Errors  Last Runtime    Last Run
---------------------------------------  -----  ---------  --------  ----------  --------------  -------------------
/opt/airflow/dags/sakiga_ds_pipeline.py                           1           0  0.21s           2026-02-14T10:33:41
================================================================================
[2026-02-14T10:34:11.657+0000] {manager.py:879} INFO - 
================================================================================
DAG File Processing Stats

File Path                                PID    Runtime      # DAGs    # Errors  Last Runtime    Last Run
---------------------------------------  -----  ---------  --------  ----------  --------------  -------------------
/opt/airflow/dags/sakiga_ds_pipeline.py                           1           0  0.21s           2026-02-14T10:34:11
================================================================================
[2026-02-14T10:34:41.956+0000] {manager.py:879} INFO - 
================================================================================
DAG File Processing Stats

File Path                                PID    Runtime      # DAGs    # Errors  Last Runtime    Last Run
---------------------------------------  -----  ---------  --------  ----------  --------------  -------------------
/opt/airflow/dags/sakiga_ds_pipeline.py                           1           0  0.21s           2026-02-14T10:34:41
================================================================================
[2026-02-14T10:35:12.254+0000] {manager.py:879} INFO - 
================================================================================
DAG File Processing Stats

File Path                                PID    Runtime      # DAGs    # Errors  Last Runtime    Last Run
---------------------------------------  -----  ---------  --------  ----------  --------------  -------------------
/opt/airflow/dags/sakiga_ds_pipeline.py                           1           0  0.21s           2026-02-14T10:35:12
================================================================================
[2026-02-14T10:35:42.557+0000] {manager.py:879} INFO - 
================================================================================
DAG File Processing Stats

File Path                                PID    Runtime      # DAGs    # Errors  Last Runtime    Last Run
---------------------------------------  -----  ---------  --------  ----------  --------------  -------------------
/opt/airflow/dags/sakiga_ds_pipeline.py                           1           0  0.21s           2026-02-14T10:35:42
================================================================================
[2026-02-14T10:35:53.725+0000] {manager.py:738} INFO - Searching for files in /opt/airflow/dags
[2026-02-14T10:35:53.748+0000] {manager.py:741} INFO - There are 1 files in /opt/airflow/dags
[2026-02-14T10:36:12.892+0000] {manager.py:879} INFO - 
================================================================================
DAG File Processing Stats

File Path                                PID    Runtime      # DAGs    # Errors  Last Runtime    Last Run
---------------------------------------  -----  ---------  --------  ----------  --------------  -------------------
/opt/airflow/dags/sakiga_ds_pipeline.py                           1           0  0.21s           2026-02-14T10:36:12
================================================================================
[2026-02-14T10:36:43.243+0000] {manager.py:879} INFO - 
================================================================================
DAG File Processing Stats

File Path                                PID    Runtime      # DAGs    # Errors  Last Runtime    Last Run
---------------------------------------  -----  ---------  --------  ----------  --------------  -------------------
/opt/airflow/dags/sakiga_ds_pipeline.py                           1           0  0.21s           2026-02-14T10:36:43
================================================================================
[2026-02-14T10:37:13.569+0000] {manager.py:879} INFO - 
================================================================================
DAG File Processing Stats

File Path                                PID    Runtime      # DAGs    # Errors  Last Runtime    Last Run
---------------------------------------  -----  ---------  --------  ----------  --------------  -------------------
/opt/airflow/dags/sakiga_ds_pipeline.py                           1           0  0.21s           2026-02-14T10:37:13
================================================================================
[2026-02-14T10:37:43.900+0000] {manager.py:879} INFO - 
================================================================================
DAG File Processing Stats

File Path                                PID    Runtime      # DAGs    # Errors  Last Runtime    Last Run
---------------------------------------  -----  ---------  --------  ----------  --------------  -------------------
/opt/airflow/dags/sakiga_ds_pipeline.py                           1           0  0.21s           2026-02-14T10:37:43
================================================================================
[2026-02-14T10:38:14.234+0000] {manager.py:879} INFO - 
================================================================================
DAG File Processing Stats

File Path                                PID    Runtime      # DAGs    # Errors  Last Runtime    Last Run
---------------------------------------  -----  ---------  --------  ----------  --------------  -------------------
/opt/airflow/dags/sakiga_ds_pipeline.py                           1           0  0.21s           2026-02-14T10:38:14
================================================================================
[2026-02-14T10:38:44.536+0000] {manager.py:879} INFO - 
================================================================================
DAG File Processing Stats

File Path                                PID    Runtime      # DAGs    # Errors  Last Runtime    Last Run
---------------------------------------  -----  ---------  --------  ----------  --------------  -------------------
/opt/airflow/dags/sakiga_ds_pipeline.py                           1           0  0.21s           2026-02-14T10:38:44
================================================================================
[2026-02-14T10:39:14.845+0000] {manager.py:879} INFO - 
================================================================================
DAG File Processing Stats

File Path                                PID    Runtime      # DAGs    # Errors  Last Runtime    Last Run
---------------------------------------  -----  ---------  --------  ----------  --------------  -------------------
/opt/airflow/dags/sakiga_ds_pipeline.py                           1           0  0.21s           2026-02-14T10:39:14
================================================================================
[2026-02-14T10:39:45.146+0000] {manager.py:879} INFO - 
================================================================================
DAG File Processing Stats

File Path                                PID    Runtime      # DAGs    # Errors  Last Runtime    Last Run
---------------------------------------  -----  ---------  --------  ----------  --------------  -------------------
/opt/airflow/dags/sakiga_ds_pipeline.py                           1           0  0.21s           2026-02-14T10:39:45
================================================================================
[2026-02-14T10:40:15.441+0000] {manager.py:879} INFO - 
================================================================================
DAG File Processing Stats

File Path                                PID    Runtime      # DAGs    # Errors  Last Runtime    Last Run
---------------------------------------  -----  ---------  --------  ----------  --------------  -------------------
/opt/airflow/dags/sakiga_ds_pipeline.py                           1           0  0.21s           2026-02-14T10:40:15
================================================================================
[2026-02-14T10:40:45.757+0000] {manager.py:879} INFO - 
================================================================================
DAG File Processing Stats

File Path                                PID    Runtime      # DAGs    # Errors  Last Runtime    Last Run
---------------------------------------  -----  ---------  --------  ----------  --------------  -------------------
/opt/airflow/dags/sakiga_ds_pipeline.py                           1           0  0.22s           2026-02-14T10:40:45
================================================================================
[2026-02-14T10:40:54.159+0000] {manager.py:738} INFO - Searching for files in /opt/airflow/dags
[2026-02-14T10:40:54.217+0000] {manager.py:741} INFO - There are 1 files in /opt/airflow/dags
[2026-02-14T10:41:16.050+0000] {manager.py:879} INFO - 
================================================================================
DAG File Processing Stats

File Path                                PID    Runtime      # DAGs    # Errors  Last Runtime    Last Run
---------------------------------------  -----  ---------  --------  ----------  --------------  -------------------
/opt/airflow/dags/sakiga_ds_pipeline.py                           1           0  0.21s           2026-02-14T10:41:16
================================================================================
[2026-02-14T10:41:46.344+0000] {manager.py:879} INFO - 
================================================================================
DAG File Processing Stats

File Path                                PID    Runtime      # DAGs    # Errors  Last Runtime    Last Run
---------------------------------------  -----  ---------  --------  ----------  --------------  -------------------
/opt/airflow/dags/sakiga_ds_pipeline.py                           1           0  0.21s           2026-02-14T10:41:46
================================================================================
[2026-02-14T10:42:16.640+0000] {manager.py:879} INFO - 
================================================================================
DAG File Processing Stats

File Path                                PID    Runtime      # DAGs    # Errors  Last Runtime    Last Run
---------------------------------------  -----  ---------  --------  ----------  --------------  -------------------
/opt/airflow/dags/sakiga_ds_pipeline.py                           1           0  0.21s           2026-02-14T10:42:16
================================================================================
[2026-02-14T10:42:46.935+0000] {manager.py:879} INFO - 
================================================================================
DAG File Processing Stats

File Path                                PID    Runtime      # DAGs    # Errors  Last Runtime    Last Run
---------------------------------------  -----  ---------  --------  ----------  --------------  -------------------
/opt/airflow/dags/sakiga_ds_pipeline.py                           1           0  0.21s           2026-02-14T10:42:46
================================================================================
[2026-02-14T10:43:17.262+0000] {manager.py:879} INFO - 
================================================================================
DAG File Processing Stats

File Path                                PID    Runtime      # DAGs    # Errors  Last Runtime    Last Run
---------------------------------------  -----  ---------  --------  ----------  --------------  -------------------
/opt/airflow/dags/sakiga_ds_pipeline.py                           1           0  0.21s           2026-02-14T10:43:17
================================================================================
[2026-02-14T10:43:47.560+0000] {manager.py:879} INFO - 
================================================================================
DAG File Processing Stats

File Path                                PID    Runtime      # DAGs    # Errors  Last Runtime    Last Run
---------------------------------------  -----  ---------  --------  ----------  --------------  -------------------
/opt/airflow/dags/sakiga_ds_pipeline.py                           1           0  0.21s           2026-02-14T10:43:47
================================================================================
[2026-02-14T10:44:17.868+0000] {manager.py:879} INFO - 
================================================================================
DAG File Processing Stats

File Path                                PID    Runtime      # DAGs    # Errors  Last Runtime    Last Run
---------------------------------------  -----  ---------  --------  ----------  --------------  -------------------
/opt/airflow/dags/sakiga_ds_pipeline.py                           1           0  0.21s           2026-02-14T10:44:17
================================================================================
[2026-02-14T10:44:48.175+0000] {manager.py:879} INFO - 
================================================================================
DAG File Processing Stats

File Path                                PID    Runtime      # DAGs    # Errors  Last Runtime    Last Run
---------------------------------------  -----  ---------  --------  ----------  --------------  -------------------
/opt/airflow/dags/sakiga_ds_pipeline.py                           1           0  0.21s           2026-02-14T10:44:48
================================================================================
[2026-02-14T10:45:18.479+0000] {manager.py:879} INFO - 
================================================================================
DAG File Processing Stats

File Path                                PID    Runtime      # DAGs    # Errors  Last Runtime    Last Run
---------------------------------------  -----  ---------  --------  ----------  --------------  -------------------
/opt/airflow/dags/sakiga_ds_pipeline.py                           1           0  0.21s           2026-02-14T10:45:18
================================================================================
[2026-02-14T10:45:48.796+0000] {manager.py:879} INFO - 
================================================================================
DAG File Processing Stats

File Path                                PID    Runtime      # DAGs    # Errors  Last Runtime    Last Run
---------------------------------------  -----  ---------  --------  ----------  --------------  -------------------
/opt/airflow/dags/sakiga_ds_pipeline.py                           1           0  0.21s           2026-02-14T10:45:48
================================================================================
[2026-02-14T10:45:54.393+0000] {manager.py:738} INFO - Searching for files in /opt/airflow/dags
[2026-02-14T10:45:54.416+0000] {manager.py:741} INFO - There are 1 files in /opt/airflow/dags
[2026-02-14T10:46:19.088+0000] {manager.py:879} INFO - 
================================================================================
DAG File Processing Stats

File Path                                PID    Runtime      # DAGs    # Errors  Last Runtime    Last Run
---------------------------------------  -----  ---------  --------  ----------  --------------  -------------------
/opt/airflow/dags/sakiga_ds_pipeline.py                           1           0  0.23s           2026-02-14T10:46:19
================================================================================
[2026-02-14T10:46:49.373+0000] {manager.py:879} INFO - 
================================================================================
DAG File Processing Stats

File Path                                PID    Runtime      # DAGs    # Errors  Last Runtime    Last Run
---------------------------------------  -----  ---------  --------  ----------  --------------  -------------------
/opt/airflow/dags/sakiga_ds_pipeline.py                           1           0  0.21s           2026-02-14T10:46:49
================================================================================
[2026-02-14T10:47:19.676+0000] {manager.py:879} INFO - 
================================================================================
DAG File Processing Stats

File Path                                PID    Runtime      # DAGs    # Errors  Last Runtime    Last Run
---------------------------------------  -----  ---------  --------  ----------  --------------  -------------------
/opt/airflow/dags/sakiga_ds_pipeline.py                           1           0  0.21s           2026-02-14T10:47:19
================================================================================
[2026-02-14T10:47:49.964+0000] {manager.py:879} INFO - 
================================================================================
DAG File Processing Stats

File Path                                PID    Runtime      # DAGs    # Errors  Last Runtime    Last Run
---------------------------------------  -----  ---------  --------  ----------  --------------  -------------------
/opt/airflow/dags/sakiga_ds_pipeline.py                           1           0  0.21s           2026-02-14T10:47:49
================================================================================
[2026-02-14T10:48:20.286+0000] {manager.py:879} INFO - 
================================================================================
DAG File Processing Stats

File Path                                PID    Runtime      # DAGs    # Errors  Last Runtime    Last Run
---------------------------------------  -----  ---------  --------  ----------  --------------  -------------------
/opt/airflow/dags/sakiga_ds_pipeline.py                           1           0  0.21s           2026-02-14T10:48:20
================================================================================
[2026-02-14T10:48:50.587+0000] {manager.py:879} INFO - 
================================================================================
DAG File Processing Stats

File Path                                PID    Runtime      # DAGs    # Errors  Last Runtime    Last Run
---------------------------------------  -----  ---------  --------  ----------  --------------  -------------------
/opt/airflow/dags/sakiga_ds_pipeline.py                           1           0  0.21s           2026-02-14T10:48:50
================================================================================
[2026-02-14T10:49:20.900+0000] {manager.py:879} INFO - 
================================================================================
DAG File Processing Stats

File Path                                PID    Runtime      # DAGs    # Errors  Last Runtime    Last Run
---------------------------------------  -----  ---------  --------  ----------  --------------  -------------------
/opt/airflow/dags/sakiga_ds_pipeline.py                           1           0  0.21s           2026-02-14T10:49:20
================================================================================
[2026-02-14T10:49:51.186+0000] {manager.py:879} INFO - 
================================================================================
DAG File Processing Stats

File Path                                PID    Runtime      # DAGs    # Errors  Last Runtime    Last Run
---------------------------------------  -----  ---------  --------  ----------  --------------  -------------------
/opt/airflow/dags/sakiga_ds_pipeline.py                           1           0  0.21s           2026-02-14T10:49:51
================================================================================
[2026-02-14T10:50:21.480+0000] {manager.py:879} INFO - 
================================================================================
DAG File Processing Stats

File Path                                PID    Runtime      # DAGs    # Errors  Last Runtime    Last Run
---------------------------------------  -----  ---------  --------  ----------  --------------  -------------------
/opt/airflow/dags/sakiga_ds_pipeline.py                           1           0  0.21s           2026-02-14T10:50:21
================================================================================
[2026-02-14T10:50:51.785+0000] {manager.py:879} INFO - 
================================================================================
DAG File Processing Stats

File Path                                PID    Runtime      # DAGs    # Errors  Last Runtime    Last Run
---------------------------------------  -----  ---------  --------  ----------  --------------  -------------------
/opt/airflow/dags/sakiga_ds_pipeline.py                           1           0  0.21s           2026-02-14T10:50:51
================================================================================
[2026-02-14T10:50:54.618+0000] {manager.py:738} INFO - Searching for files in /opt/airflow/dags
[2026-02-14T10:50:54.689+0000] {manager.py:741} INFO - There are 1 files in /opt/airflow/dags
[2026-02-14T10:51:22.088+0000] {manager.py:879} INFO - 
================================================================================
DAG File Processing Stats

File Path                                PID    Runtime      # DAGs    # Errors  Last Runtime    Last Run
---------------------------------------  -----  ---------  --------  ----------  --------------  -------------------
/opt/airflow/dags/sakiga_ds_pipeline.py                           1           0  0.21s           2026-02-14T10:51:22
================================================================================
[2026-02-14T10:51:52.376+0000] {manager.py:879} INFO - 
================================================================================
DAG File Processing Stats

File Path                                PID    Runtime      # DAGs    # Errors  Last Runtime    Last Run
---------------------------------------  -----  ---------  --------  ----------  --------------  -------------------
/opt/airflow/dags/sakiga_ds_pipeline.py                           1           0  0.21s           2026-02-14T10:51:52
================================================================================
[2026-02-14T10:52:22.684+0000] {manager.py:879} INFO - 
================================================================================
DAG File Processing Stats

File Path                                PID    Runtime      # DAGs    # Errors  Last Runtime    Last Run
---------------------------------------  -----  ---------  --------  ----------  --------------  -------------------
/opt/airflow/dags/sakiga_ds_pipeline.py                           1           0  0.21s           2026-02-14T10:52:22
================================================================================
[2026-02-14T10:52:52.979+0000] {manager.py:879} INFO - 
================================================================================
DAG File Processing Stats

File Path                                PID    Runtime      # DAGs    # Errors  Last Runtime    Last Run
---------------------------------------  -----  ---------  --------  ----------  --------------  -------------------
/opt/airflow/dags/sakiga_ds_pipeline.py                           1           0  0.21s           2026-02-14T10:52:52
================================================================================
[2026-02-14T10:53:23.285+0000] {manager.py:879} INFO - 
================================================================================
DAG File Processing Stats

File Path                                PID    Runtime      # DAGs    # Errors  Last Runtime    Last Run
---------------------------------------  -----  ---------  --------  ----------  --------------  -------------------
/opt/airflow/dags/sakiga_ds_pipeline.py                           1           0  0.21s           2026-02-14T10:53:23
================================================================================
[2026-02-14T10:53:53.581+0000] {manager.py:879} INFO - 
================================================================================
DAG File Processing Stats

File Path                                PID    Runtime      # DAGs    # Errors  Last Runtime    Last Run
---------------------------------------  -----  ---------  --------  ----------  --------------  -------------------
/opt/airflow/dags/sakiga_ds_pipeline.py                           1           0  0.20s           2026-02-14T10:53:53
================================================================================
[2026-02-14T10:54:23.907+0000] {manager.py:879} INFO - 
================================================================================
DAG File Processing Stats

File Path                                PID    Runtime      # DAGs    # Errors  Last Runtime    Last Run
---------------------------------------  -----  ---------  --------  ----------  --------------  -------------------
/opt/airflow/dags/sakiga_ds_pipeline.py                           1           0  0.21s           2026-02-14T10:54:23
================================================================================
[2026-02-14T10:54:54.200+0000] {manager.py:879} INFO - 
================================================================================
DAG File Processing Stats

File Path                                PID    Runtime      # DAGs    # Errors  Last Runtime    Last Run
---------------------------------------  -----  ---------  --------  ----------  --------------  -------------------
/opt/airflow/dags/sakiga_ds_pipeline.py                           1           0  0.21s           2026-02-14T10:54:54
================================================================================
[2026-02-14T10:55:24.519+0000] {manager.py:879} INFO - 
================================================================================
DAG File Processing Stats

File Path                                PID    Runtime      # DAGs    # Errors  Last Runtime    Last Run
---------------------------------------  -----  ---------  --------  ----------  --------------  -------------------
/opt/airflow/dags/sakiga_ds_pipeline.py                           1           0  0.21s           2026-02-14T10:55:24
================================================================================
[2026-02-14T10:55:54.830+0000] {manager.py:879} INFO - 
================================================================================
DAG File Processing Stats

File Path                                PID    Runtime      # DAGs    # Errors  Last Runtime    Last Run
---------------------------------------  -----  ---------  --------  ----------  --------------  -------------------
/opt/airflow/dags/sakiga_ds_pipeline.py                           1           0  0.21s           2026-02-14T10:55:54
================================================================================
[2026-02-14T10:55:54.883+0000] {manager.py:738} INFO - Searching for files in /opt/airflow/dags
[2026-02-14T10:55:54.907+0000] {manager.py:741} INFO - There are 1 files in /opt/airflow/dags
[2026-02-14T10:56:25.149+0000] {manager.py:879} INFO - 
================================================================================
DAG File Processing Stats

File Path                                PID    Runtime      # DAGs    # Errors  Last Runtime    Last Run
---------------------------------------  -----  ---------  --------  ----------  --------------  -------------------
/opt/airflow/dags/sakiga_ds_pipeline.py                           1           0  0.21s           2026-02-14T10:56:25
================================================================================
[2026-02-14T10:56:55.439+0000] {manager.py:879} INFO - 
================================================================================
DAG File Processing Stats

File Path                                PID    Runtime      # DAGs    # Errors  Last Runtime    Last Run
---------------------------------------  -----  ---------  --------  ----------  --------------  -------------------
/opt/airflow/dags/sakiga_ds_pipeline.py                           1           0  0.21s           2026-02-14T10:56:55
================================================================================
[2026-02-14T10:57:25.757+0000] {manager.py:879} INFO - 
================================================================================
DAG File Processing Stats

File Path                                PID    Runtime      # DAGs    # Errors  Last Runtime    Last Run
---------------------------------------  -----  ---------  --------  ----------  --------------  -------------------
/opt/airflow/dags/sakiga_ds_pipeline.py                           1           0  0.21s           2026-02-14T10:57:25
================================================================================
[2026-02-14T10:57:56.081+0000] {manager.py:879} INFO - 
================================================================================
DAG File Processing Stats

File Path                                PID    Runtime      # DAGs    # Errors  Last Runtime    Last Run
---------------------------------------  -----  ---------  --------  ----------  --------------  -------------------
/opt/airflow/dags/sakiga_ds_pipeline.py                           1           0  0.21s           2026-02-14T10:57:56
================================================================================
[2026-02-14T10:58:26.392+0000] {manager.py:879} INFO - 
================================================================================
DAG File Processing Stats

File Path                                PID    Runtime      # DAGs    # Errors  Last Runtime    Last Run
---------------------------------------  -----  ---------  --------  ----------  --------------  -------------------
/opt/airflow/dags/sakiga_ds_pipeline.py                           1           0  0.22s           2026-02-14T10:58:26
================================================================================
[2026-02-14T10:58:56.685+0000] {manager.py:879} INFO - 
================================================================================
DAG File Processing Stats

File Path                                PID    Runtime      # DAGs    # Errors  Last Runtime    Last Run
---------------------------------------  -----  ---------  --------  ----------  --------------  -------------------
/opt/airflow/dags/sakiga_ds_pipeline.py                           1           0  0.21s           2026-02-14T10:58:56
================================================================================
[2026-02-14T10:59:26.984+0000] {manager.py:879} INFO - 
================================================================================
DAG File Processing Stats

File Path                                PID    Runtime      # DAGs    # Errors  Last Runtime    Last Run
---------------------------------------  -----  ---------  --------  ----------  --------------  -------------------
/opt/airflow/dags/sakiga_ds_pipeline.py                           1           0  0.21s           2026-02-14T10:59:26
================================================================================
[2026-02-14T10:59:57.327+0000] {manager.py:879} INFO - 
================================================================================
DAG File Processing Stats

File Path                                PID    Runtime      # DAGs    # Errors  Last Runtime    Last Run
---------------------------------------  -----  ---------  --------  ----------  --------------  -------------------
/opt/airflow/dags/sakiga_ds_pipeline.py                           1           0  0.21s           2026-02-14T10:59:57
================================================================================
[2026-02-14T11:00:27.626+0000] {manager.py:879} INFO - 
================================================================================
DAG File Processing Stats

File Path                                PID    Runtime      # DAGs    # Errors  Last Runtime    Last Run
---------------------------------------  -----  ---------  --------  ----------  --------------  -------------------
/opt/airflow/dags/sakiga_ds_pipeline.py                           1           0  0.21s           2026-02-14T11:00:27
================================================================================
[2026-02-14T11:00:54.912+0000] {manager.py:738} INFO - Searching for files in /opt/airflow/dags
[2026-02-14T11:00:54.935+0000] {manager.py:741} INFO - There are 1 files in /opt/airflow/dags
[2026-02-14T11:00:57.917+0000] {manager.py:879} INFO - 
================================================================================
DAG File Processing Stats

File Path                                PID    Runtime      # DAGs    # Errors  Last Runtime    Last Run
---------------------------------------  -----  ---------  --------  ----------  --------------  -------------------
/opt/airflow/dags/sakiga_ds_pipeline.py                           1           0  0.21s           2026-02-14T11:00:57
================================================================================
[2026-02-14T11:01:28.246+0000] {manager.py:879} INFO - 
================================================================================
DAG File Processing Stats

File Path                                PID    Runtime      # DAGs    # Errors  Last Runtime    Last Run
---------------------------------------  -----  ---------  --------  ----------  --------------  -------------------
/opt/airflow/dags/sakiga_ds_pipeline.py                           1           0  0.21s           2026-02-14T11:01:28
================================================================================
[2026-02-14T11:01:58.581+0000] {manager.py:879} INFO - 
================================================================================
DAG File Processing Stats

File Path                                PID    Runtime      # DAGs    # Errors  Last Runtime    Last Run
---------------------------------------  -----  ---------  --------  ----------  --------------  -------------------
/opt/airflow/dags/sakiga_ds_pipeline.py                           1           0  0.24s           2026-02-14T11:01:58
================================================================================
[2026-02-14T11:02:41.126+0000] {manager.py:879} INFO - 
================================================================================
DAG File Processing Stats

File Path                                PID    Runtime      # DAGs    # Errors  Last Runtime    Last Run
---------------------------------------  -----  ---------  --------  ----------  --------------  -------------------
/opt/airflow/dags/sakiga_ds_pipeline.py                           1           0  12.46s          2026-02-14T11:02:41
================================================================================
[2026-02-14T11:03:11.859+0000] {manager.py:879} INFO - 
================================================================================
DAG File Processing Stats

File Path                                PID    Runtime      # DAGs    # Errors  Last Runtime    Last Run
---------------------------------------  -----  ---------  --------  ----------  --------------  -------------------
/opt/airflow/dags/sakiga_ds_pipeline.py                           1           0  0.63s           2026-02-14T11:03:11
================================================================================
[2026-02-14T11:03:45.215+0000] {manager.py:879} INFO - 
================================================================================
DAG File Processing Stats

File Path                                PID    Runtime      # DAGs    # Errors  Last Runtime    Last Run
---------------------------------------  -----  ---------  --------  ----------  --------------  -------------------
/opt/airflow/dags/sakiga_ds_pipeline.py                           1           0  3.26s           2026-02-14T11:03:45
================================================================================
[2026-02-14T11:04:16.035+0000] {manager.py:879} INFO - 
================================================================================
DAG File Processing Stats

File Path                                PID    Runtime      # DAGs    # Errors  Last Runtime    Last Run
---------------------------------------  -----  ---------  --------  ----------  --------------  -------------------
/opt/airflow/dags/sakiga_ds_pipeline.py                           1           0  0.71s           2026-02-14T11:04:16
================================================================================
[2026-02-14T11:04:47.096+0000] {manager.py:879} INFO - 
================================================================================
DAG File Processing Stats

File Path                                PID    Runtime      # DAGs    # Errors  Last Runtime    Last Run
---------------------------------------  -----  ---------  --------  ----------  --------------  -------------------
/opt/airflow/dags/sakiga_ds_pipeline.py                           1           0  0.93s           2026-02-14T11:04:47
================================================================================
[2026-02-14T11:05:17.434+0000] {manager.py:879} INFO - 
================================================================================
DAG File Processing Stats

File Path                                PID    Runtime      # DAGs    # Errors  Last Runtime    Last Run
---------------------------------------  -----  ---------  --------  ----------  --------------  -------------------
/opt/airflow/dags/sakiga_ds_pipeline.py                           1           0  0.21s           2026-02-14T11:05:17
================================================================================
[2026-02-14T11:05:47.742+0000] {manager.py:879} INFO - 
================================================================================
DAG File Processing Stats

File Path                                PID    Runtime      # DAGs    # Errors  Last Runtime    Last Run
---------------------------------------  -----  ---------  --------  ----------  --------------  -------------------
/opt/airflow/dags/sakiga_ds_pipeline.py                           1           0  0.21s           2026-02-14T11:05:47
================================================================================
[2026-02-14T11:05:54.915+0000] {manager.py:738} INFO - Searching for files in /opt/airflow/dags
[2026-02-14T11:05:54.965+0000] {manager.py:741} INFO - There are 1 files in /opt/airflow/dags
[2026-02-14T11:06:18.076+0000] {manager.py:879} INFO - 
================================================================================
DAG File Processing Stats

File Path                                PID    Runtime      # DAGs    # Errors  Last Runtime    Last Run
---------------------------------------  -----  ---------  --------  ----------  --------------  -------------------
/opt/airflow/dags/sakiga_ds_pipeline.py                           1           0  0.22s           2026-02-14T11:06:18
================================================================================
[2026-02-14T11:06:48.404+0000] {manager.py:879} INFO - 
================================================================================
DAG File Processing Stats

File Path                                PID    Runtime      # DAGs    # Errors  Last Runtime    Last Run
---------------------------------------  -----  ---------  --------  ----------  --------------  -------------------
/opt/airflow/dags/sakiga_ds_pipeline.py                           1           0  0.22s           2026-02-14T11:06:48
================================================================================
[2026-02-14T11:07:18.713+0000] {manager.py:879} INFO - 
================================================================================
DAG File Processing Stats

File Path                                PID    Runtime      # DAGs    # Errors  Last Runtime    Last Run
---------------------------------------  -----  ---------  --------  ----------  --------------  -------------------
/opt/airflow/dags/sakiga_ds_pipeline.py                           1           0  0.21s           2026-02-14T11:07:18
================================================================================
[2026-02-14T11:08:18.038+0000] {manager.py:451} INFO - Exiting gracefully upon receiving signal 15
[2026-02-14T11:08:18.843+0000] {manager.py:469} INFO - Processing files using up to 1 processes at a time 
[2026-02-14T11:08:18.845+0000] {manager.py:470} INFO - Process each file at most once every 30 seconds
[2026-02-14T11:08:18.847+0000] {manager.py:471} INFO - Checking for new files in /opt/airflow/dags every 300 seconds
[2026-02-14T11:08:18.848+0000] {manager.py:738} INFO - Searching for files in /opt/airflow/dags
[2026-02-14T11:08:18.870+0000] {manager.py:741} INFO - There are 1 files in /opt/airflow/dags
[2026-02-14T11:08:20.239+0000] {manager.py:879} INFO - 
================================================================================
DAG File Processing Stats

File Path                                PID    Runtime      # DAGs    # Errors  Last Runtime    Last Run
---------------------------------------  -----  ---------  --------  ----------  --------------  -------------------
/opt/airflow/dags/sakiga_ds_pipeline.py                           1           0  0.26s           2026-02-14T11:08:20
================================================================================
[2026-02-14T11:08:51.679+0000] {manager.py:879} INFO - 
================================================================================
DAG File Processing Stats

File Path                                PID    Runtime      # DAGs    # Errors  Last Runtime    Last Run
---------------------------------------  -----  ---------  --------  ----------  --------------  -------------------
/opt/airflow/dags/sakiga_ds_pipeline.py                           1           0  1.38s           2026-02-14T11:08:51
================================================================================
[2026-02-14T11:09:21.679+0000] {manager.py:879} INFO - 
================================================================================
DAG File Processing Stats

File Path                                PID    Runtime      # DAGs    # Errors  Last Runtime    Last Run
---------------------------------------  -----  ---------  --------  ----------  --------------  -------------------
/opt/airflow/dags/sakiga_ds_pipeline.py                           1           0  1.38s           2026-02-14T11:08:51
================================================================================
[2026-02-14T11:09:52.000+0000] {manager.py:879} INFO - 
================================================================================
DAG File Processing Stats

File Path                                PID    Runtime      # DAGs    # Errors  Last Runtime    Last Run
---------------------------------------  -----  ---------  --------  ----------  --------------  -------------------
/opt/airflow/dags/sakiga_ds_pipeline.py                           1           0  1.51s           2026-02-14T11:09:24
================================================================================
[2026-02-14T11:10:22.603+0000] {manager.py:879} INFO - 
================================================================================
DAG File Processing Stats

File Path                                PID    Runtime      # DAGs    # Errors  Last Runtime    Last Run
---------------------------------------  -----  ---------  --------  ----------  --------------  -------------------
/opt/airflow/dags/sakiga_ds_pipeline.py                           1           0  0.22s           2026-02-14T11:09:55
================================================================================
[2026-02-14T11:10:53.203+0000] {manager.py:879} INFO - 
================================================================================
DAG File Processing Stats

File Path                                PID    Runtime      # DAGs    # Errors  Last Runtime    Last Run
---------------------------------------  -----  ---------  --------  ----------  --------------  -------------------
/opt/airflow/dags/sakiga_ds_pipeline.py                           1           0  0.21s           2026-02-14T11:10:25
================================================================================
[2026-02-14T11:11:23.693+0000] {manager.py:879} INFO - 
================================================================================
DAG File Processing Stats

File Path                                PID    Runtime      # DAGs    # Errors  Last Runtime    Last Run
---------------------------------------  -----  ---------  --------  ----------  --------------  -------------------
/opt/airflow/dags/sakiga_ds_pipeline.py                           1           0  0.21s           2026-02-14T11:10:56
================================================================================
[2026-02-14T11:11:54.223+0000] {manager.py:879} INFO - 
================================================================================
DAG File Processing Stats

File Path                                PID    Runtime      # DAGs    # Errors  Last Runtime    Last Run
---------------------------------------  -----  ---------  --------  ----------  --------------  -------------------
/opt/airflow/dags/sakiga_ds_pipeline.py                           1           0  0.21s           2026-02-14T11:11:26
================================================================================
[2026-02-14T11:12:24.802+0000] {manager.py:879} INFO - 
================================================================================
DAG File Processing Stats

File Path                                PID    Runtime      # DAGs    # Errors  Last Runtime    Last Run
---------------------------------------  -----  ---------  --------  ----------  --------------  -------------------
/opt/airflow/dags/sakiga_ds_pipeline.py                           1           0  0.23s           2026-02-14T11:11:57
================================================================================
[2026-02-14T11:12:55.383+0000] {manager.py:879} INFO - 
================================================================================
DAG File Processing Stats

File Path                                PID    Runtime      # DAGs    # Errors  Last Runtime    Last Run
---------------------------------------  -----  ---------  --------  ----------  --------------  -------------------
/opt/airflow/dags/sakiga_ds_pipeline.py                           1           0  0.21s           2026-02-14T11:12:28
================================================================================
[2026-02-14T11:13:19.062+0000] {manager.py:738} INFO - Searching for files in /opt/airflow/dags
[2026-02-14T11:13:19.087+0000] {manager.py:741} INFO - There are 1 files in /opt/airflow/dags
[2026-02-14T11:13:25.945+0000] {manager.py:879} INFO - 
================================================================================
DAG File Processing Stats

File Path                                PID    Runtime      # DAGs    # Errors  Last Runtime    Last Run
---------------------------------------  -----  ---------  --------  ----------  --------------  -------------------
/opt/airflow/dags/sakiga_ds_pipeline.py                           1           0  0.22s           2026-02-14T11:12:58
================================================================================
[2026-02-14T11:13:56.479+0000] {manager.py:879} INFO - 
================================================================================
DAG File Processing Stats

File Path                                PID    Runtime      # DAGs    # Errors  Last Runtime    Last Run
---------------------------------------  -----  ---------  --------  ----------  --------------  -------------------
/opt/airflow/dags/sakiga_ds_pipeline.py                           1           0  0.21s           2026-02-14T11:13:29
================================================================================
[2026-02-14T11:14:27.134+0000] {manager.py:879} INFO - 
================================================================================
DAG File Processing Stats

File Path                                PID    Runtime      # DAGs    # Errors  Last Runtime    Last Run
---------------------------------------  -----  ---------  --------  ----------  --------------  -------------------
/opt/airflow/dags/sakiga_ds_pipeline.py                           1           0  0.21s           2026-02-14T11:13:59
================================================================================
[2026-02-14T11:14:57.597+0000] {manager.py:879} INFO - 
================================================================================
DAG File Processing Stats

File Path                                PID    Runtime      # DAGs    # Errors  Last Runtime    Last Run
---------------------------------------  -----  ---------  --------  ----------  --------------  -------------------
/opt/airflow/dags/sakiga_ds_pipeline.py                           1           0  0.21s           2026-02-14T11:14:30
================================================================================
[2026-02-14T11:15:28.095+0000] {manager.py:879} INFO - 
================================================================================
DAG File Processing Stats

File Path                                PID    Runtime      # DAGs    # Errors  Last Runtime    Last Run
---------------------------------------  -----  ---------  --------  ----------  --------------  -------------------
/opt/airflow/dags/sakiga_ds_pipeline.py                           1           0  0.21s           2026-02-14T11:15:00
================================================================================
[2026-02-14T11:15:58.351+0000] {manager.py:879} INFO - 
================================================================================
DAG File Processing Stats

File Path                                PID    Runtime      # DAGs    # Errors  Last Runtime    Last Run
---------------------------------------  -----  ---------  --------  ----------  --------------  -------------------
/opt/airflow/dags/sakiga_ds_pipeline.py                           1           0  0.21s           2026-02-14T11:15:31
================================================================================
[2026-02-14T11:16:28.705+0000] {manager.py:879} INFO - 
================================================================================
DAG File Processing Stats

File Path                                PID    Runtime      # DAGs    # Errors  Last Runtime    Last Run
---------------------------------------  -----  ---------  --------  ----------  --------------  -------------------
/opt/airflow/dags/sakiga_ds_pipeline.py                           1           0  0.21s           2026-02-14T11:16:01
================================================================================
[2026-02-14T11:16:58.950+0000] {manager.py:879} INFO - 
================================================================================
DAG File Processing Stats

File Path                                PID    Runtime      # DAGs    # Errors  Last Runtime    Last Run
---------------------------------------  -----  ---------  --------  ----------  --------------  -------------------
/opt/airflow/dags/sakiga_ds_pipeline.py                           1           0  1.11s           2026-02-14T11:16:32
================================================================================
[2026-02-14T11:17:29.206+0000] {manager.py:879} INFO - 
================================================================================
DAG File Processing Stats

File Path                                PID    Runtime      # DAGs    # Errors  Last Runtime    Last Run
---------------------------------------  -----  ---------  --------  ----------  --------------  -------------------
/opt/airflow/dags/sakiga_ds_pipeline.py                           1           0  0.21s           2026-02-14T11:17:02
================================================================================
[2026-02-14T11:17:59.637+0000] {manager.py:879} INFO - 
================================================================================
DAG File Processing Stats

File Path                                PID    Runtime      # DAGs    # Errors  Last Runtime    Last Run
---------------------------------------  -----  ---------  --------  ----------  --------------  -------------------
/opt/airflow/dags/sakiga_ds_pipeline.py                           1           0  0.21s           2026-02-14T11:17:33
================================================================================
[2026-02-14T11:18:19.258+0000] {manager.py:738} INFO - Searching for files in /opt/airflow/dags
[2026-02-14T11:18:19.284+0000] {manager.py:741} INFO - There are 1 files in /opt/airflow/dags
[2026-02-14T11:18:30.044+0000] {manager.py:879} INFO - 
================================================================================
DAG File Processing Stats

File Path                                PID    Runtime      # DAGs    # Errors  Last Runtime    Last Run
---------------------------------------  -----  ---------  --------  ----------  --------------  -------------------
/opt/airflow/dags/sakiga_ds_pipeline.py                           1           0  0.21s           2026-02-14T11:18:03
================================================================================
[2026-02-14T11:19:00.351+0000] {manager.py:879} INFO - 
================================================================================
DAG File Processing Stats

File Path                                PID    Runtime      # DAGs    # Errors  Last Runtime    Last Run
---------------------------------------  -----  ---------  --------  ----------  --------------  -------------------
/opt/airflow/dags/sakiga_ds_pipeline.py                           1           0  0.21s           2026-02-14T11:18:34
================================================================================
[2026-02-14T11:19:30.857+0000] {manager.py:879} INFO - 
================================================================================
DAG File Processing Stats

File Path                                PID    Runtime      # DAGs    # Errors  Last Runtime    Last Run
---------------------------------------  -----  ---------  --------  ----------  --------------  -------------------
/opt/airflow/dags/sakiga_ds_pipeline.py                           1           0  0.43s           2026-02-14T11:19:04
================================================================================
[2026-02-14T11:20:01.347+0000] {manager.py:879} INFO - 
================================================================================
DAG File Processing Stats

File Path                                PID    Runtime      # DAGs    # Errors  Last Runtime    Last Run
---------------------------------------  -----  ---------  --------  ----------  --------------  -------------------
/opt/airflow/dags/sakiga_ds_pipeline.py                           1           0  0.21s           2026-02-14T11:19:34
================================================================================
[2026-02-14T11:20:31.688+0000] {manager.py:879} INFO - 
================================================================================
DAG File Processing Stats

File Path                                PID    Runtime      # DAGs    # Errors  Last Runtime    Last Run
---------------------------------------  -----  ---------  --------  ----------  --------------  -------------------
/opt/airflow/dags/sakiga_ds_pipeline.py                           1           0  0.21s           2026-02-14T11:20:05
================================================================================
[2026-02-14T11:21:06.661+0000] {manager.py:879} INFO - 
================================================================================
DAG File Processing Stats

File Path                                PID    Runtime      # DAGs    # Errors  Last Runtime    Last Run
---------------------------------------  -----  ---------  --------  ----------  --------------  -------------------
/opt/airflow/dags/sakiga_ds_pipeline.py                           1           0  0.65s           2026-02-14T11:21:06
================================================================================
[2026-02-14T11:21:41.807+0000] {manager.py:879} INFO - 
================================================================================
DAG File Processing Stats

File Path                                PID    Runtime      # DAGs    # Errors  Last Runtime    Last Run
---------------------------------------  -----  ---------  --------  ----------  --------------  -------------------
/opt/airflow/dags/sakiga_ds_pipeline.py                           1           0  3.33s           2026-02-14T11:21:41
================================================================================
[2026-02-14T11:22:13.337+0000] {manager.py:879} INFO - 
================================================================================
DAG File Processing Stats

File Path                                PID    Runtime      # DAGs    # Errors  Last Runtime    Last Run
---------------------------------------  -----  ---------  --------  ----------  --------------  -------------------
/opt/airflow/dags/sakiga_ds_pipeline.py                           1           0  0.80s           2026-02-14T11:22:13
================================================================================
[2026-02-14T11:22:44.109+0000] {manager.py:879} INFO - 
================================================================================
DAG File Processing Stats

File Path                                PID    Runtime      # DAGs    # Errors  Last Runtime    Last Run
---------------------------------------  -----  ---------  --------  ----------  --------------  -------------------
/opt/airflow/dags/sakiga_ds_pipeline.py                           1           0  0.80s           2026-02-14T11:22:13
================================================================================
[2026-02-14T11:23:15.135+0000] {manager.py:879} INFO - 
================================================================================
DAG File Processing Stats

File Path                                PID    Runtime      # DAGs    # Errors  Last Runtime    Last Run
---------------------------------------  -----  ---------  --------  ----------  --------------  -------------------
/opt/airflow/dags/sakiga_ds_pipeline.py                           1           0  0.22s           2026-02-14T11:22:45
================================================================================
[2026-02-14T11:23:19.598+0000] {manager.py:738} INFO - Searching for files in /opt/airflow/dags
[2026-02-14T11:23:19.664+0000] {manager.py:741} INFO - There are 1 files in /opt/airflow/dags
[2026-02-14T11:23:27.735+0000] {manager.py:451} INFO - Exiting gracefully upon receiving signal 15
[2026-02-14T22:49:32.192+0000] {manager.py:469} INFO - Processing files using up to 1 processes at a time 
[2026-02-14T22:49:32.213+0000] {manager.py:470} INFO - Process each file at most once every 30 seconds
[2026-02-14T22:49:32.216+0000] {manager.py:471} INFO - Checking for new files in /opt/airflow/dags every 300 seconds
[2026-02-14T22:49:32.218+0000] {manager.py:738} INFO - Searching for files in /opt/airflow/dags
[2026-02-14T22:49:32.247+0000] {manager.py:741} INFO - There are 1 files in /opt/airflow/dags
[2026-02-14T22:49:34.499+0000] {manager.py:879} INFO - 
================================================================================
DAG File Processing Stats

File Path                                PID    Runtime      # DAGs    # Errors  Last Runtime    Last Run
---------------------------------------  -----  ---------  --------  ----------  --------------  -------------------
/opt/airflow/dags/sakiga_ds_pipeline.py                           1           0  2.16s           2026-02-14T22:49:34
================================================================================
[2026-02-14T22:53:50.747+0000] {manager.py:451} INFO - Exiting gracefully upon receiving signal 15
[2026-02-14T22:54:25.012+0000] {manager.py:469} INFO - Processing files using up to 1 processes at a time 
[2026-02-14T22:54:25.232+0000] {manager.py:470} INFO - Process each file at most once every 30 seconds
[2026-02-14T22:54:25.233+0000] {manager.py:471} INFO - Checking for new files in /opt/airflow/dags every 300 seconds
[2026-02-14T22:54:25.235+0000] {manager.py:738} INFO - Searching for files in /opt/airflow/dags
[2026-02-14T22:54:25.622+0000] {manager.py:741} INFO - There are 1 files in /opt/airflow/dags
[2026-02-14T22:55:22.306+0000] {manager.py:879} INFO - 
================================================================================
DAG File Processing Stats

File Path                                PID    Runtime      # DAGs    # Errors  Last Runtime    Last Run
---------------------------------------  -----  ---------  --------  ----------  --------------  -------------------
/opt/airflow/dags/sakiga_ds_pipeline.py                           1           0  2.03s           2026-02-14T22:55:22
================================================================================
[2026-02-14T23:08:54.426+0000] {manager.py:469} INFO - Processing files using up to 1 processes at a time 
[2026-02-14T23:08:54.429+0000] {manager.py:470} INFO - Process each file at most once every 30 seconds
[2026-02-14T23:08:54.432+0000] {manager.py:471} INFO - Checking for new files in /opt/airflow/dags every 300 seconds
[2026-02-14T23:08:54.433+0000] {manager.py:738} INFO - Searching for files in /opt/airflow/dags
[2026-02-14T23:08:54.460+0000] {manager.py:741} INFO - There are 1 files in /opt/airflow/dags
[2026-02-14T23:08:54.899+0000] {manager.py:879} INFO - 
================================================================================
DAG File Processing Stats

File Path                                PID    Runtime      # DAGs    # Errors  Last Runtime    Last Run
---------------------------------------  -----  ---------  --------  ----------  --------------  -------------------
/opt/airflow/dags/sakiga_ds_pipeline.py                           1           0  0.31s           2026-02-14T23:08:54
================================================================================
[2026-02-14T23:10:52.504+0000] {manager.py:451} INFO - Exiting gracefully upon receiving signal 15
[2026-02-14T23:10:56.021+0000] {manager.py:469} INFO - Processing files using up to 1 processes at a time 
[2026-02-14T23:10:56.023+0000] {manager.py:470} INFO - Process each file at most once every 30 seconds
[2026-02-14T23:10:56.024+0000] {manager.py:471} INFO - Checking for new files in /opt/airflow/dags every 300 seconds
[2026-02-14T23:10:56.026+0000] {manager.py:738} INFO - Searching for files in /opt/airflow/dags
[2026-02-14T23:10:56.322+0000] {manager.py:741} INFO - There are 1 files in /opt/airflow/dags
[2026-02-14T23:11:05.323+0000] {manager.py:879} INFO - 
================================================================================
DAG File Processing Stats

File Path                                PID    Runtime      # DAGs    # Errors  Last Runtime    Last Run
---------------------------------------  -----  ---------  --------  ----------  --------------  -------------------
/opt/airflow/dags/sakiga_ds_pipeline.py                           1           0  4.10s           2026-02-14T23:11:05
================================================================================
[2026-02-14T23:13:24.298+0000] {manager.py:451} INFO - Exiting gracefully upon receiving signal 15
[2026-02-14T23:13:24.891+0000] {manager.py:469} INFO - Processing files using up to 1 processes at a time 
[2026-02-14T23:13:24.924+0000] {manager.py:470} INFO - Process each file at most once every 30 seconds
[2026-02-14T23:13:24.926+0000] {manager.py:471} INFO - Checking for new files in /opt/airflow/dags every 300 seconds
[2026-02-14T23:13:24.932+0000] {manager.py:738} INFO - Searching for files in /opt/airflow/dags
[2026-02-14T23:13:24.968+0000] {manager.py:741} INFO - There are 1 files in /opt/airflow/dags
[2026-02-14T23:13:25.329+0000] {manager.py:879} INFO - 
================================================================================
DAG File Processing Stats

File Path                                PID    Runtime      # DAGs    # Errors  Last Runtime    Last Run
---------------------------------------  -----  ---------  --------  ----------  --------------  -------------------
/opt/airflow/dags/sakiga_ds_pipeline.py                           1           0  0.23s           2026-02-14T23:13:25
================================================================================
[2026-02-14T23:14:40.848+0000] {manager.py:451} INFO - Exiting gracefully upon receiving signal 15
[2026-02-14T23:14:41.260+0000] {manager.py:469} INFO - Processing files using up to 1 processes at a time 
[2026-02-14T23:14:41.261+0000] {manager.py:470} INFO - Process each file at most once every 30 seconds
[2026-02-14T23:14:41.263+0000] {manager.py:471} INFO - Checking for new files in /opt/airflow/dags every 300 seconds
[2026-02-14T23:14:41.264+0000] {manager.py:738} INFO - Searching for files in /opt/airflow/dags
[2026-02-14T23:14:41.289+0000] {manager.py:741} INFO - There are 1 files in /opt/airflow/dags
[2026-02-14T23:14:41.550+0000] {manager.py:879} INFO - 
================================================================================
DAG File Processing Stats

File Path                                PID    Runtime      # DAGs    # Errors  Last Runtime    Last Run
---------------------------------------  -----  ---------  --------  ----------  --------------  -------------------
/opt/airflow/dags/sakiga_ds_pipeline.py                           1           0  0.21s           2026-02-14T23:14:41
================================================================================
[2026-02-14T23:15:13.554+0000] {manager.py:879} INFO - 
================================================================================
DAG File Processing Stats

File Path                                PID    Runtime      # DAGs    # Errors  Last Runtime    Last Run
---------------------------------------  -----  ---------  --------  ----------  --------------  -------------------
/opt/airflow/dags/sakiga_ds_pipeline.py                           1           0  0.31s           2026-02-14T23:15:13
================================================================================
[2026-02-14T23:15:44.337+0000] {manager.py:879} INFO - 
================================================================================
DAG File Processing Stats

File Path                                PID    Runtime      # DAGs    # Errors  Last Runtime    Last Run
---------------------------------------  -----  ---------  --------  ----------  --------------  -------------------
/opt/airflow/dags/sakiga_ds_pipeline.py                           1           0  0.21s           2026-02-14T23:15:44
================================================================================
[2026-02-14T23:16:14.988+0000] {manager.py:879} INFO - 
================================================================================
DAG File Processing Stats

File Path                                PID    Runtime      # DAGs    # Errors  Last Runtime    Last Run
---------------------------------------  -----  ---------  --------  ----------  --------------  -------------------
/opt/airflow/dags/sakiga_ds_pipeline.py                           1           0  0.21s           2026-02-14T23:16:14
================================================================================
[2026-02-14T23:16:45.545+0000] {manager.py:879} INFO - 
================================================================================
DAG File Processing Stats

File Path                                PID    Runtime      # DAGs    # Errors  Last Runtime    Last Run
---------------------------------------  -----  ---------  --------  ----------  --------------  -------------------
/opt/airflow/dags/sakiga_ds_pipeline.py                           1           0  0.21s           2026-02-14T23:16:45
================================================================================
[2026-02-14T23:17:16.124+0000] {manager.py:879} INFO - 
================================================================================
DAG File Processing Stats

File Path                                PID    Runtime      # DAGs    # Errors  Last Runtime    Last Run
---------------------------------------  -----  ---------  --------  ----------  --------------  -------------------
/opt/airflow/dags/sakiga_ds_pipeline.py                           1           0  0.21s           2026-02-14T23:17:16
================================================================================
[2026-02-14T23:17:46.700+0000] {manager.py:879} INFO - 
================================================================================
DAG File Processing Stats

File Path                                PID    Runtime      # DAGs    # Errors  Last Runtime    Last Run
---------------------------------------  -----  ---------  --------  ----------  --------------  -------------------
/opt/airflow/dags/sakiga_ds_pipeline.py                           1           0  0.21s           2026-02-14T23:17:46
================================================================================
[2026-02-14T23:18:17.276+0000] {manager.py:879} INFO - 
================================================================================
DAG File Processing Stats

File Path                                PID    Runtime      # DAGs    # Errors  Last Runtime    Last Run
---------------------------------------  -----  ---------  --------  ----------  --------------  -------------------
/opt/airflow/dags/sakiga_ds_pipeline.py                           1           0  0.21s           2026-02-14T23:18:17
================================================================================
[2026-02-14T23:18:47.856+0000] {manager.py:879} INFO - 
================================================================================
DAG File Processing Stats

File Path                                PID    Runtime      # DAGs    # Errors  Last Runtime    Last Run
---------------------------------------  -----  ---------  --------  ----------  --------------  -------------------
/opt/airflow/dags/sakiga_ds_pipeline.py                           1           0  0.21s           2026-02-14T23:18:47
================================================================================
[2026-02-14T23:19:18.604+0000] {manager.py:879} INFO - 
================================================================================
DAG File Processing Stats

File Path                                PID    Runtime      # DAGs    # Errors  Last Runtime    Last Run
---------------------------------------  -----  ---------  --------  ----------  --------------  -------------------
/opt/airflow/dags/sakiga_ds_pipeline.py                           1           0  0.42s           2026-02-14T23:19:18
================================================================================
[2026-02-14T23:19:41.405+0000] {manager.py:738} INFO - Searching for files in /opt/airflow/dags
[2026-02-14T23:19:41.470+0000] {manager.py:741} INFO - There are 1 files in /opt/airflow/dags
[2026-02-14T23:19:49.203+0000] {manager.py:879} INFO - 
================================================================================
DAG File Processing Stats

File Path                                PID    Runtime      # DAGs    # Errors  Last Runtime    Last Run
---------------------------------------  -----  ---------  --------  ----------  --------------  -------------------
/opt/airflow/dags/sakiga_ds_pipeline.py                           1           0  0.21s           2026-02-14T23:19:49
================================================================================
[2026-02-14T23:20:19.782+0000] {manager.py:879} INFO - 
================================================================================
DAG File Processing Stats

File Path                                PID    Runtime      # DAGs    # Errors  Last Runtime    Last Run
---------------------------------------  -----  ---------  --------  ----------  --------------  -------------------
/opt/airflow/dags/sakiga_ds_pipeline.py                           1           0  0.21s           2026-02-14T23:20:19
================================================================================
[2026-02-14T23:20:50.187+0000] {manager.py:879} INFO - 
================================================================================
DAG File Processing Stats

File Path                                PID    Runtime      # DAGs    # Errors  Last Runtime    Last Run
---------------------------------------  -----  ---------  --------  ----------  --------------  -------------------
/opt/airflow/dags/sakiga_ds_pipeline.py                           1           0  0.21s           2026-02-14T23:20:50
================================================================================
[2026-02-14T23:21:20.544+0000] {manager.py:879} INFO - 
================================================================================
DAG File Processing Stats

File Path                                PID    Runtime      # DAGs    # Errors  Last Runtime    Last Run
---------------------------------------  -----  ---------  --------  ----------  --------------  -------------------
/opt/airflow/dags/sakiga_ds_pipeline.py                           1           0  0.21s           2026-02-14T23:21:20
================================================================================
[2026-02-14T23:21:50.879+0000] {manager.py:879} INFO - 
================================================================================
DAG File Processing Stats

File Path                                PID    Runtime      # DAGs    # Errors  Last Runtime    Last Run
---------------------------------------  -----  ---------  --------  ----------  --------------  -------------------
/opt/airflow/dags/sakiga_ds_pipeline.py                           1           0  0.21s           2026-02-14T23:21:50
================================================================================
[2026-02-14T23:22:21.215+0000] {manager.py:879} INFO - 
================================================================================
DAG File Processing Stats

File Path                                PID    Runtime      # DAGs    # Errors  Last Runtime    Last Run
---------------------------------------  -----  ---------  --------  ----------  --------------  -------------------
/opt/airflow/dags/sakiga_ds_pipeline.py                           1           0  0.21s           2026-02-14T23:22:21
================================================================================
[2026-02-14T23:22:51.750+0000] {manager.py:879} INFO - 
================================================================================
DAG File Processing Stats

File Path                                PID    Runtime      # DAGs    # Errors  Last Runtime    Last Run
---------------------------------------  -----  ---------  --------  ----------  --------------  -------------------
/opt/airflow/dags/sakiga_ds_pipeline.py                           1           0  0.22s           2026-02-14T23:22:51
================================================================================
[2026-02-14T23:23:22.227+0000] {manager.py:879} INFO - 
================================================================================
DAG File Processing Stats

File Path                                PID    Runtime      # DAGs    # Errors  Last Runtime    Last Run
---------------------------------------  -----  ---------  --------  ----------  --------------  -------------------
/opt/airflow/dags/sakiga_ds_pipeline.py                           1           0  0.21s           2026-02-14T23:23:22
================================================================================
[2026-02-14T23:23:52.553+0000] {manager.py:879} INFO - 
================================================================================
DAG File Processing Stats

File Path                                PID    Runtime      # DAGs    # Errors  Last Runtime    Last Run
---------------------------------------  -----  ---------  --------  ----------  --------------  -------------------
/opt/airflow/dags/sakiga_ds_pipeline.py                           1           0  0.21s           2026-02-14T23:23:52
================================================================================
[2026-02-14T23:24:22.874+0000] {manager.py:879} INFO - 
================================================================================
DAG File Processing Stats

File Path                                PID    Runtime      # DAGs    # Errors  Last Runtime    Last Run
---------------------------------------  -----  ---------  --------  ----------  --------------  -------------------
/opt/airflow/dags/sakiga_ds_pipeline.py                           1           0  0.21s           2026-02-14T23:24:22
================================================================================
[2026-02-14T23:24:41.687+0000] {manager.py:738} INFO - Searching for files in /opt/airflow/dags
[2026-02-14T23:24:41.711+0000] {manager.py:741} INFO - There are 1 files in /opt/airflow/dags
[2026-02-14T23:24:53.218+0000] {manager.py:879} INFO - 
================================================================================
DAG File Processing Stats

File Path                                PID    Runtime      # DAGs    # Errors  Last Runtime    Last Run
---------------------------------------  -----  ---------  --------  ----------  --------------  -------------------
/opt/airflow/dags/sakiga_ds_pipeline.py                           1           0  0.21s           2026-02-14T23:24:53
================================================================================
[2026-02-14T23:25:23.536+0000] {manager.py:879} INFO - 
================================================================================
DAG File Processing Stats

File Path                                PID    Runtime      # DAGs    # Errors  Last Runtime    Last Run
---------------------------------------  -----  ---------  --------  ----------  --------------  -------------------
/opt/airflow/dags/sakiga_ds_pipeline.py                           1           0  0.21s           2026-02-14T23:25:23
================================================================================
[2026-02-14T23:25:53.864+0000] {manager.py:879} INFO - 
================================================================================
DAG File Processing Stats

File Path                                PID    Runtime      # DAGs    # Errors  Last Runtime    Last Run
---------------------------------------  -----  ---------  --------  ----------  --------------  -------------------
/opt/airflow/dags/sakiga_ds_pipeline.py                           1           0  0.21s           2026-02-14T23:25:53
================================================================================
[2026-02-14T23:26:24.185+0000] {manager.py:879} INFO - 
================================================================================
DAG File Processing Stats

File Path                                PID    Runtime      # DAGs    # Errors  Last Runtime    Last Run
---------------------------------------  -----  ---------  --------  ----------  --------------  -------------------
/opt/airflow/dags/sakiga_ds_pipeline.py                           1           0  0.21s           2026-02-14T23:26:24
================================================================================
[2026-02-14T23:26:54.527+0000] {manager.py:879} INFO - 
================================================================================
DAG File Processing Stats

File Path                                PID    Runtime      # DAGs    # Errors  Last Runtime    Last Run
---------------------------------------  -----  ---------  --------  ----------  --------------  -------------------
/opt/airflow/dags/sakiga_ds_pipeline.py                           1           0  0.21s           2026-02-14T23:26:54
================================================================================
[2026-02-14T23:27:24.865+0000] {manager.py:879} INFO - 
================================================================================
DAG File Processing Stats

File Path                                PID    Runtime      # DAGs    # Errors  Last Runtime    Last Run
---------------------------------------  -----  ---------  --------  ----------  --------------  -------------------
/opt/airflow/dags/sakiga_ds_pipeline.py                           1           0  0.21s           2026-02-14T23:27:24
================================================================================
[2026-02-14T23:27:55.326+0000] {manager.py:879} INFO - 
================================================================================
DAG File Processing Stats

File Path                                PID    Runtime      # DAGs    # Errors  Last Runtime    Last Run
---------------------------------------  -----  ---------  --------  ----------  --------------  -------------------
/opt/airflow/dags/sakiga_ds_pipeline.py                           1           0  0.21s           2026-02-14T23:27:55
================================================================================
[2026-02-14T23:28:25.632+0000] {manager.py:879} INFO - 
================================================================================
DAG File Processing Stats

File Path                                PID    Runtime      # DAGs    # Errors  Last Runtime    Last Run
---------------------------------------  -----  ---------  --------  ----------  --------------  -------------------
/opt/airflow/dags/sakiga_ds_pipeline.py                           1           0  0.21s           2026-02-14T23:28:25
================================================================================
[2026-02-14T23:28:55.937+0000] {manager.py:879} INFO - 
================================================================================
DAG File Processing Stats

File Path                                PID    Runtime      # DAGs    # Errors  Last Runtime    Last Run
---------------------------------------  -----  ---------  --------  ----------  --------------  -------------------
/opt/airflow/dags/sakiga_ds_pipeline.py                           1           0  0.21s           2026-02-14T23:28:55
================================================================================
[2026-02-14T23:29:26.231+0000] {manager.py:879} INFO - 
================================================================================
DAG File Processing Stats

File Path                                PID    Runtime      # DAGs    # Errors  Last Runtime    Last Run
---------------------------------------  -----  ---------  --------  ----------  --------------  -------------------
/opt/airflow/dags/sakiga_ds_pipeline.py                           1           0  0.21s           2026-02-14T23:29:26
================================================================================
[2026-02-14T23:29:41.879+0000] {manager.py:738} INFO - Searching for files in /opt/airflow/dags
[2026-02-14T23:29:41.910+0000] {manager.py:741} INFO - There are 1 files in /opt/airflow/dags
[2026-02-14T23:29:56.552+0000] {manager.py:879} INFO - 
================================================================================
DAG File Processing Stats

File Path                                PID    Runtime      # DAGs    # Errors  Last Runtime    Last Run
---------------------------------------  -----  ---------  --------  ----------  --------------  -------------------
/opt/airflow/dags/sakiga_ds_pipeline.py                           1           0  0.21s           2026-02-14T23:29:56
================================================================================
[2026-02-14T23:30:26.860+0000] {manager.py:879} INFO - 
================================================================================
DAG File Processing Stats

File Path                                PID    Runtime      # DAGs    # Errors  Last Runtime    Last Run
---------------------------------------  -----  ---------  --------  ----------  --------------  -------------------
/opt/airflow/dags/sakiga_ds_pipeline.py                           1           0  0.21s           2026-02-14T23:30:26
================================================================================
[2026-02-14T23:30:57.172+0000] {manager.py:879} INFO - 
================================================================================
DAG File Processing Stats

File Path                                PID    Runtime      # DAGs    # Errors  Last Runtime    Last Run
---------------------------------------  -----  ---------  --------  ----------  --------------  -------------------
/opt/airflow/dags/sakiga_ds_pipeline.py                           1           0  0.21s           2026-02-14T23:30:57
================================================================================
[2026-02-14T23:31:27.481+0000] {manager.py:879} INFO - 
================================================================================
DAG File Processing Stats

File Path                                PID    Runtime      # DAGs    # Errors  Last Runtime    Last Run
---------------------------------------  -----  ---------  --------  ----------  --------------  -------------------
/opt/airflow/dags/sakiga_ds_pipeline.py                           1           0  0.21s           2026-02-14T23:31:27
================================================================================
[2026-02-14T23:31:57.786+0000] {manager.py:879} INFO - 
================================================================================
DAG File Processing Stats

File Path                                PID    Runtime      # DAGs    # Errors  Last Runtime    Last Run
---------------------------------------  -----  ---------  --------  ----------  --------------  -------------------
/opt/airflow/dags/sakiga_ds_pipeline.py                           1           0  0.21s           2026-02-14T23:31:57
================================================================================
[2026-02-14T23:32:28.206+0000] {manager.py:879} INFO - 
================================================================================
DAG File Processing Stats

File Path                                PID    Runtime      # DAGs    # Errors  Last Runtime    Last Run
---------------------------------------  -----  ---------  --------  ----------  --------------  -------------------
/opt/airflow/dags/sakiga_ds_pipeline.py                           1           0  0.31s           2026-02-14T23:32:28
================================================================================
[2026-02-14T23:32:58.543+0000] {manager.py:879} INFO - 
================================================================================
DAG File Processing Stats

File Path                                PID    Runtime      # DAGs    # Errors  Last Runtime    Last Run
---------------------------------------  -----  ---------  --------  ----------  --------------  -------------------
/opt/airflow/dags/sakiga_ds_pipeline.py                           1           0  0.21s           2026-02-14T23:32:58
================================================================================
[2026-02-14T23:33:28.879+0000] {manager.py:879} INFO - 
================================================================================
DAG File Processing Stats

File Path                                PID    Runtime      # DAGs    # Errors  Last Runtime    Last Run
---------------------------------------  -----  ---------  --------  ----------  --------------  -------------------
/opt/airflow/dags/sakiga_ds_pipeline.py                           1           0  0.21s           2026-02-14T23:33:28
================================================================================
[2026-02-14T23:33:59.278+0000] {manager.py:879} INFO - 
================================================================================
DAG File Processing Stats

File Path                                PID    Runtime      # DAGs    # Errors  Last Runtime    Last Run
---------------------------------------  -----  ---------  --------  ----------  --------------  -------------------
/opt/airflow/dags/sakiga_ds_pipeline.py                           1           0  0.31s           2026-02-14T23:33:59
================================================================================
[2026-02-14T23:34:29.630+0000] {manager.py:879} INFO - 
================================================================================
DAG File Processing Stats

File Path                                PID    Runtime      # DAGs    # Errors  Last Runtime    Last Run
---------------------------------------  -----  ---------  --------  ----------  --------------  -------------------
/opt/airflow/dags/sakiga_ds_pipeline.py                           1           0  0.21s           2026-02-14T23:34:29
================================================================================
[2026-02-14T23:34:41.998+0000] {manager.py:738} INFO - Searching for files in /opt/airflow/dags
[2026-02-14T23:34:42.038+0000] {manager.py:741} INFO - There are 1 files in /opt/airflow/dags
[2026-02-14T23:34:59.934+0000] {manager.py:879} INFO - 
================================================================================
DAG File Processing Stats

File Path                                PID    Runtime      # DAGs    # Errors  Last Runtime    Last Run
---------------------------------------  -----  ---------  --------  ----------  --------------  -------------------
/opt/airflow/dags/sakiga_ds_pipeline.py                           1           0  0.21s           2026-02-14T23:34:59
================================================================================
[2026-02-14T23:35:30.220+0000] {manager.py:879} INFO - 
================================================================================
DAG File Processing Stats

File Path                                PID    Runtime      # DAGs    # Errors  Last Runtime    Last Run
---------------------------------------  -----  ---------  --------  ----------  --------------  -------------------
/opt/airflow/dags/sakiga_ds_pipeline.py                           1           0  0.21s           2026-02-14T23:35:30
================================================================================
[2026-02-14T23:36:00.485+0000] {manager.py:879} INFO - 
================================================================================
DAG File Processing Stats

File Path                                PID    Runtime      # DAGs    # Errors  Last Runtime    Last Run
---------------------------------------  -----  ---------  --------  ----------  --------------  -------------------
/opt/airflow/dags/sakiga_ds_pipeline.py                           1           0  0.21s           2026-02-14T23:36:00
================================================================================
[2026-02-14T23:36:30.771+0000] {manager.py:879} INFO - 
================================================================================
DAG File Processing Stats

File Path                                PID    Runtime      # DAGs    # Errors  Last Runtime    Last Run
---------------------------------------  -----  ---------  --------  ----------  --------------  -------------------
/opt/airflow/dags/sakiga_ds_pipeline.py                           1           0  0.21s           2026-02-14T23:36:30
================================================================================
[2026-02-14T23:37:01.167+0000] {manager.py:879} INFO - 
================================================================================
DAG File Processing Stats

File Path                                PID    Runtime      # DAGs    # Errors  Last Runtime    Last Run
---------------------------------------  -----  ---------  --------  ----------  --------------  -------------------
/opt/airflow/dags/sakiga_ds_pipeline.py                           1           0  0.31s           2026-02-14T23:37:01
================================================================================
[2026-02-14T23:37:31.456+0000] {manager.py:879} INFO - 
================================================================================
DAG File Processing Stats

File Path                                PID    Runtime      # DAGs    # Errors  Last Runtime    Last Run
---------------------------------------  -----  ---------  --------  ----------  --------------  -------------------
/opt/airflow/dags/sakiga_ds_pipeline.py                           1           0  0.21s           2026-02-14T23:37:31
================================================================================
[2026-02-14T23:38:01.755+0000] {manager.py:879} INFO - 
================================================================================
DAG File Processing Stats

File Path                                PID    Runtime      # DAGs    # Errors  Last Runtime    Last Run
---------------------------------------  -----  ---------  --------  ----------  --------------  -------------------
/opt/airflow/dags/sakiga_ds_pipeline.py                           1           0  0.21s           2026-02-14T23:38:01
================================================================================
[2026-02-14T23:38:32.144+0000] {manager.py:879} INFO - 
================================================================================
DAG File Processing Stats

File Path                                PID    Runtime      # DAGs    # Errors  Last Runtime    Last Run
---------------------------------------  -----  ---------  --------  ----------  --------------  -------------------
/opt/airflow/dags/sakiga_ds_pipeline.py                           1           0  0.31s           2026-02-14T23:38:32
================================================================================
[2026-02-14T23:39:02.454+0000] {manager.py:879} INFO - 
================================================================================
DAG File Processing Stats

File Path                                PID    Runtime      # DAGs    # Errors  Last Runtime    Last Run
---------------------------------------  -----  ---------  --------  ----------  --------------  -------------------
/opt/airflow/dags/sakiga_ds_pipeline.py                           1           0  0.21s           2026-02-14T23:39:02
================================================================================
[2026-02-14T23:39:32.765+0000] {manager.py:879} INFO - 
================================================================================
DAG File Processing Stats

File Path                                PID    Runtime      # DAGs    # Errors  Last Runtime    Last Run
---------------------------------------  -----  ---------  --------  ----------  --------------  -------------------
/opt/airflow/dags/sakiga_ds_pipeline.py                           1           0  0.21s           2026-02-14T23:39:32
================================================================================
[2026-02-14T23:39:42.231+0000] {manager.py:738} INFO - Searching for files in /opt/airflow/dags
[2026-02-14T23:39:42.315+0000] {manager.py:741} INFO - There are 1 files in /opt/airflow/dags
[2026-02-14T23:40:03.047+0000] {manager.py:879} INFO - 
================================================================================
DAG File Processing Stats

File Path                                PID    Runtime      # DAGs    # Errors  Last Runtime    Last Run
---------------------------------------  -----  ---------  --------  ----------  --------------  -------------------
/opt/airflow/dags/sakiga_ds_pipeline.py                           1           0  0.21s           2026-02-14T23:40:03
================================================================================
[2026-02-14T23:40:33.431+0000] {manager.py:879} INFO - 
================================================================================
DAG File Processing Stats

File Path                                PID    Runtime      # DAGs    # Errors  Last Runtime    Last Run
---------------------------------------  -----  ---------  --------  ----------  --------------  -------------------
/opt/airflow/dags/sakiga_ds_pipeline.py                           1           0  0.31s           2026-02-14T23:40:33
================================================================================
[2026-02-14T23:41:03.717+0000] {manager.py:879} INFO - 
================================================================================
DAG File Processing Stats

File Path                                PID    Runtime      # DAGs    # Errors  Last Runtime    Last Run
---------------------------------------  -----  ---------  --------  ----------  --------------  -------------------
/opt/airflow/dags/sakiga_ds_pipeline.py                           1           0  0.21s           2026-02-14T23:41:03
================================================================================
[2026-02-14T23:41:34.011+0000] {manager.py:879} INFO - 
================================================================================
DAG File Processing Stats

File Path                                PID    Runtime      # DAGs    # Errors  Last Runtime    Last Run
---------------------------------------  -----  ---------  --------  ----------  --------------  -------------------
/opt/airflow/dags/sakiga_ds_pipeline.py                           1           0  0.21s           2026-02-14T23:41:34
================================================================================
[2026-02-14T23:42:04.336+0000] {manager.py:879} INFO - 
================================================================================
DAG File Processing Stats

File Path                                PID    Runtime      # DAGs    # Errors  Last Runtime    Last Run
---------------------------------------  -----  ---------  --------  ----------  --------------  -------------------
/opt/airflow/dags/sakiga_ds_pipeline.py                           1           0  0.21s           2026-02-14T23:42:04
================================================================================
[2026-02-14T23:42:34.597+0000] {manager.py:879} INFO - 
================================================================================
DAG File Processing Stats

File Path                                PID    Runtime      # DAGs    # Errors  Last Runtime    Last Run
---------------------------------------  -----  ---------  --------  ----------  --------------  -------------------
/opt/airflow/dags/sakiga_ds_pipeline.py                           1           0  0.21s           2026-02-14T23:42:34
================================================================================
[2026-02-14T23:43:04.925+0000] {manager.py:879} INFO - 
================================================================================
DAG File Processing Stats

File Path                                PID    Runtime      # DAGs    # Errors  Last Runtime    Last Run
---------------------------------------  -----  ---------  --------  ----------  --------------  -------------------
/opt/airflow/dags/sakiga_ds_pipeline.py                           1           0  0.21s           2026-02-14T23:43:04
================================================================================
[2026-02-14T23:43:35.354+0000] {manager.py:879} INFO - 
================================================================================
DAG File Processing Stats

File Path                                PID    Runtime      # DAGs    # Errors  Last Runtime    Last Run
---------------------------------------  -----  ---------  --------  ----------  --------------  -------------------
/opt/airflow/dags/sakiga_ds_pipeline.py                           1           0  0.31s           2026-02-14T23:43:35
================================================================================
[2026-02-14T23:44:05.663+0000] {manager.py:879} INFO - 
================================================================================
DAG File Processing Stats

File Path                                PID    Runtime      # DAGs    # Errors  Last Runtime    Last Run
---------------------------------------  -----  ---------  --------  ----------  --------------  -------------------
/opt/airflow/dags/sakiga_ds_pipeline.py                           1           0  0.21s           2026-02-14T23:44:05
================================================================================
[2026-02-14T23:44:35.980+0000] {manager.py:879} INFO - 
================================================================================
DAG File Processing Stats

File Path                                PID    Runtime      # DAGs    # Errors  Last Runtime    Last Run
---------------------------------------  -----  ---------  --------  ----------  --------------  -------------------
/opt/airflow/dags/sakiga_ds_pipeline.py                           1           0  0.21s           2026-02-14T23:44:35
================================================================================
[2026-02-14T23:44:42.266+0000] {manager.py:738} INFO - Searching for files in /opt/airflow/dags
[2026-02-14T23:44:42.311+0000] {manager.py:741} INFO - There are 1 files in /opt/airflow/dags
[2026-02-14T23:45:06.274+0000] {manager.py:879} INFO - 
================================================================================
DAG File Processing Stats

File Path                                PID    Runtime      # DAGs    # Errors  Last Runtime    Last Run
---------------------------------------  -----  ---------  --------  ----------  --------------  -------------------
/opt/airflow/dags/sakiga_ds_pipeline.py                           1           0  0.21s           2026-02-14T23:45:06
================================================================================
[2026-02-14T23:45:36.551+0000] {manager.py:879} INFO - 
================================================================================
DAG File Processing Stats

File Path                                PID    Runtime      # DAGs    # Errors  Last Runtime    Last Run
---------------------------------------  -----  ---------  --------  ----------  --------------  -------------------
/opt/airflow/dags/sakiga_ds_pipeline.py                           1           0  0.21s           2026-02-14T23:45:36
================================================================================
[2026-02-14T23:46:06.860+0000] {manager.py:879} INFO - 
================================================================================
DAG File Processing Stats

File Path                                PID    Runtime      # DAGs    # Errors  Last Runtime    Last Run
---------------------------------------  -----  ---------  --------  ----------  --------------  -------------------
/opt/airflow/dags/sakiga_ds_pipeline.py                           1           0  0.21s           2026-02-14T23:46:06
================================================================================
[2026-02-14T23:46:37.447+0000] {manager.py:879} INFO - 
================================================================================
DAG File Processing Stats

File Path                                PID    Runtime      # DAGs    # Errors  Last Runtime    Last Run
---------------------------------------  -----  ---------  --------  ----------  --------------  -------------------
/opt/airflow/dags/sakiga_ds_pipeline.py                           1           0  0.51s           2026-02-14T23:46:37
================================================================================
[2026-02-14T23:47:07.740+0000] {manager.py:879} INFO - 
================================================================================
DAG File Processing Stats

File Path                                PID    Runtime      # DAGs    # Errors  Last Runtime    Last Run
---------------------------------------  -----  ---------  --------  ----------  --------------  -------------------
/opt/airflow/dags/sakiga_ds_pipeline.py                           1           0  0.22s           2026-02-14T23:47:07
================================================================================
[2026-02-15T18:13:26.468+0000] {manager.py:469} INFO - Processing files using up to 1 processes at a time 
[2026-02-15T18:13:26.469+0000] {manager.py:470} INFO - Process each file at most once every 30 seconds
[2026-02-15T18:13:26.470+0000] {manager.py:471} INFO - Checking for new files in /opt/airflow/dags every 300 seconds
[2026-02-15T18:13:26.471+0000] {manager.py:738} INFO - Searching for files in /opt/airflow/dags
[2026-02-15T18:13:26.499+0000] {manager.py:741} INFO - There are 1 files in /opt/airflow/dags
[2026-02-15T18:13:26.826+0000] {manager.py:879} INFO - 
================================================================================
DAG File Processing Stats

File Path                                PID    Runtime      # DAGs    # Errors  Last Runtime    Last Run
---------------------------------------  -----  ---------  --------  ----------  --------------  -------------------
/opt/airflow/dags/sakiga_ds_pipeline.py                           1           0  0.21s           2026-02-15T18:13:26
================================================================================
[2026-02-15T18:14:21.650+0000] {manager.py:451} INFO - Exiting gracefully upon receiving signal 15
[2026-02-15T18:14:23.692+0000] {manager.py:469} INFO - Processing files using up to 1 processes at a time 
[2026-02-15T18:14:23.694+0000] {manager.py:470} INFO - Process each file at most once every 30 seconds
[2026-02-15T18:14:23.695+0000] {manager.py:471} INFO - Checking for new files in /opt/airflow/dags every 300 seconds
[2026-02-15T18:14:23.696+0000] {manager.py:738} INFO - Searching for files in /opt/airflow/dags
[2026-02-15T18:14:23.734+0000] {manager.py:741} INFO - There are 1 files in /opt/airflow/dags
[2026-02-15T18:14:29.075+0000] {manager.py:879} INFO - 
================================================================================
DAG File Processing Stats

File Path                                PID    Runtime      # DAGs    # Errors  Last Runtime    Last Run
---------------------------------------  -----  ---------  --------  ----------  --------------  -------------------
/opt/airflow/dags/sakiga_ds_pipeline.py                           1           0  0.41s           2026-02-15T18:14:29
================================================================================
[2026-02-15T18:16:39.685+0000] {manager.py:451} INFO - Exiting gracefully upon receiving signal 15
[2026-02-15T18:16:40.012+0000] {manager.py:469} INFO - Processing files using up to 1 processes at a time 
[2026-02-15T18:16:40.014+0000] {manager.py:470} INFO - Process each file at most once every 30 seconds
[2026-02-15T18:16:40.015+0000] {manager.py:471} INFO - Checking for new files in /opt/airflow/dags every 300 seconds
[2026-02-15T18:16:40.017+0000] {manager.py:738} INFO - Searching for files in /opt/airflow/dags
[2026-02-15T18:16:40.045+0000] {manager.py:741} INFO - There are 1 files in /opt/airflow/dags
[2026-02-15T18:16:40.436+0000] {manager.py:879} INFO - 
================================================================================
DAG File Processing Stats

File Path                                PID    Runtime      # DAGs    # Errors  Last Runtime    Last Run
---------------------------------------  -----  ---------  --------  ----------  --------------  -------------------
/opt/airflow/dags/sakiga_ds_pipeline.py                           1           0  0.34s           2026-02-15T18:16:40
================================================================================
[2026-02-15T18:17:25.424+0000] {manager.py:879} INFO - 
================================================================================
DAG File Processing Stats

File Path                                PID    Runtime      # DAGs    # Errors  Last Runtime    Last Run
---------------------------------------  -----  ---------  --------  ----------  --------------  -------------------
/opt/airflow/dags/sakiga_ds_pipeline.py                           1           0  0.21s           2026-02-15T18:17:25
================================================================================
[2026-02-15T18:17:56.206+0000] {manager.py:879} INFO - 
================================================================================
DAG File Processing Stats

File Path                                PID    Runtime      # DAGs    # Errors  Last Runtime    Last Run
---------------------------------------  -----  ---------  --------  ----------  --------------  -------------------
/opt/airflow/dags/sakiga_ds_pipeline.py                           1           0  0.21s           2026-02-15T18:17:56
================================================================================
[2026-02-15T18:18:26.565+0000] {manager.py:879} INFO - 
================================================================================
DAG File Processing Stats

File Path                                PID    Runtime      # DAGs    # Errors  Last Runtime    Last Run
---------------------------------------  -----  ---------  --------  ----------  --------------  -------------------
/opt/airflow/dags/sakiga_ds_pipeline.py                           1           0  0.21s           2026-02-15T18:18:26
================================================================================
[2026-02-15T18:18:57.183+0000] {manager.py:879} INFO - 
================================================================================
DAG File Processing Stats

File Path                                PID    Runtime      # DAGs    # Errors  Last Runtime    Last Run
---------------------------------------  -----  ---------  --------  ----------  --------------  -------------------
/opt/airflow/dags/sakiga_ds_pipeline.py                           1           0  0.54s           2026-02-15T18:18:57
================================================================================
[2026-02-15T18:19:30.568+0000] {manager.py:879} INFO - 
================================================================================
DAG File Processing Stats

File Path                                PID    Runtime      # DAGs    # Errors  Last Runtime    Last Run
---------------------------------------  -----  ---------  --------  ----------  --------------  -------------------
/opt/airflow/dags/sakiga_ds_pipeline.py                           1           0  0.38s           2026-02-15T18:19:28
================================================================================
[2026-02-15T18:20:00.582+0000] {manager.py:879} INFO - 
================================================================================
DAG File Processing Stats

File Path                                PID    Runtime      # DAGs    # Errors  Last Runtime    Last Run
---------------------------------------  -----  ---------  --------  ----------  --------------  -------------------
/opt/airflow/dags/sakiga_ds_pipeline.py                           1           0  0.22s           2026-02-15T18:19:59
================================================================================
[2026-02-15T18:20:31.321+0000] {manager.py:879} INFO - 
================================================================================
DAG File Processing Stats

File Path                                PID    Runtime      # DAGs    # Errors  Last Runtime    Last Run
---------------------------------------  -----  ---------  --------  ----------  --------------  -------------------
/opt/airflow/dags/sakiga_ds_pipeline.py                           1           0  0.21s           2026-02-15T18:20:30
================================================================================
[2026-02-15T18:21:01.654+0000] {manager.py:879} INFO - 
================================================================================
DAG File Processing Stats

File Path                                PID    Runtime      # DAGs    # Errors  Last Runtime    Last Run
---------------------------------------  -----  ---------  --------  ----------  --------------  -------------------
/opt/airflow/dags/sakiga_ds_pipeline.py                           1           0  0.21s           2026-02-15T18:21:00
================================================================================
[2026-02-15T18:21:32.029+0000] {manager.py:879} INFO - 
================================================================================
DAG File Processing Stats

File Path                                PID    Runtime      # DAGs    # Errors  Last Runtime    Last Run
---------------------------------------  -----  ---------  --------  ----------  --------------  -------------------
/opt/airflow/dags/sakiga_ds_pipeline.py                           1           0  0.21s           2026-02-15T18:21:30
================================================================================
[2026-02-15T18:21:40.145+0000] {manager.py:738} INFO - Searching for files in /opt/airflow/dags
[2026-02-15T18:21:40.191+0000] {manager.py:741} INFO - There are 1 files in /opt/airflow/dags
[2026-02-15T18:22:02.369+0000] {manager.py:879} INFO - 
================================================================================
DAG File Processing Stats

File Path                                PID    Runtime      # DAGs    # Errors  Last Runtime    Last Run
---------------------------------------  -----  ---------  --------  ----------  --------------  -------------------
/opt/airflow/dags/sakiga_ds_pipeline.py                           1           0  0.21s           2026-02-15T18:22:01
================================================================================
[2026-02-15T18:22:32.759+0000] {manager.py:879} INFO - 
================================================================================
DAG File Processing Stats

File Path                                PID    Runtime      # DAGs    # Errors  Last Runtime    Last Run
---------------------------------------  -----  ---------  --------  ----------  --------------  -------------------
/opt/airflow/dags/sakiga_ds_pipeline.py                           1           0  0.21s           2026-02-15T18:22:31
================================================================================
[2026-02-15T18:23:03.192+0000] {manager.py:879} INFO - 
================================================================================
DAG File Processing Stats

File Path                                PID    Runtime      # DAGs    # Errors  Last Runtime    Last Run
---------------------------------------  -----  ---------  --------  ----------  --------------  -------------------
/opt/airflow/dags/sakiga_ds_pipeline.py                           1           0  0.21s           2026-02-15T18:23:02
================================================================================
[2026-02-15T18:23:33.565+0000] {manager.py:879} INFO - 
================================================================================
DAG File Processing Stats

File Path                                PID    Runtime      # DAGs    # Errors  Last Runtime    Last Run
---------------------------------------  -----  ---------  --------  ----------  --------------  -------------------
/opt/airflow/dags/sakiga_ds_pipeline.py                           1           0  0.22s           2026-02-15T18:23:32
================================================================================
[2026-02-15T18:24:03.819+0000] {manager.py:879} INFO - 
================================================================================
DAG File Processing Stats

File Path                                PID    Runtime      # DAGs    # Errors  Last Runtime    Last Run
---------------------------------------  -----  ---------  --------  ----------  --------------  -------------------
/opt/airflow/dags/sakiga_ds_pipeline.py                           1           0  0.21s           2026-02-15T18:24:02
================================================================================
[2026-02-15T18:24:34.372+0000] {manager.py:879} INFO - 
================================================================================
DAG File Processing Stats

File Path                                PID    Runtime      # DAGs    # Errors  Last Runtime    Last Run
---------------------------------------  -----  ---------  --------  ----------  --------------  -------------------
/opt/airflow/dags/sakiga_ds_pipeline.py                           1           0  0.32s           2026-02-15T18:24:33
================================================================================
[2026-02-15T18:25:04.747+0000] {manager.py:879} INFO - 
================================================================================
DAG File Processing Stats

File Path                                PID    Runtime      # DAGs    # Errors  Last Runtime    Last Run
---------------------------------------  -----  ---------  --------  ----------  --------------  -------------------
/opt/airflow/dags/sakiga_ds_pipeline.py                           1           0  0.31s           2026-02-15T18:25:03
================================================================================
[2026-02-15T18:25:35.141+0000] {manager.py:879} INFO - 
================================================================================
DAG File Processing Stats

File Path                                PID    Runtime      # DAGs    # Errors  Last Runtime    Last Run
---------------------------------------  -----  ---------  --------  ----------  --------------  -------------------
/opt/airflow/dags/sakiga_ds_pipeline.py                           1           0  0.23s           2026-02-15T18:25:34
================================================================================
[2026-02-15T18:26:05.465+0000] {manager.py:879} INFO - 
================================================================================
DAG File Processing Stats

File Path                                PID    Runtime      # DAGs    # Errors  Last Runtime    Last Run
---------------------------------------  -----  ---------  --------  ----------  --------------  -------------------
/opt/airflow/dags/sakiga_ds_pipeline.py                           1           0  0.21s           2026-02-15T18:26:04
================================================================================
[2026-02-15T18:26:35.906+0000] {manager.py:879} INFO - 
================================================================================
DAG File Processing Stats

File Path                                PID    Runtime      # DAGs    # Errors  Last Runtime    Last Run
---------------------------------------  -----  ---------  --------  ----------  --------------  -------------------
/opt/airflow/dags/sakiga_ds_pipeline.py                           1           0  0.27s           2026-02-15T18:26:34
================================================================================
[2026-02-15T18:26:40.224+0000] {manager.py:738} INFO - Searching for files in /opt/airflow/dags
[2026-02-15T18:26:40.259+0000] {manager.py:741} INFO - There are 1 files in /opt/airflow/dags
[2026-02-15T18:27:06.094+0000] {manager.py:879} INFO - 
================================================================================
DAG File Processing Stats

File Path                                PID    Runtime      # DAGs    # Errors  Last Runtime    Last Run
---------------------------------------  -----  ---------  --------  ----------  --------------  -------------------
/opt/airflow/dags/sakiga_ds_pipeline.py                           1           0  0.21s           2026-02-15T18:27:06
================================================================================
[2026-02-15T18:27:36.650+0000] {manager.py:879} INFO - 
================================================================================
DAG File Processing Stats

File Path                                PID    Runtime      # DAGs    # Errors  Last Runtime    Last Run
---------------------------------------  -----  ---------  --------  ----------  --------------  -------------------
/opt/airflow/dags/sakiga_ds_pipeline.py                           1           0  0.22s           2026-02-15T18:27:36
================================================================================
[2026-02-15T18:28:07.085+0000] {manager.py:879} INFO - 
================================================================================
DAG File Processing Stats

File Path                                PID    Runtime      # DAGs    # Errors  Last Runtime    Last Run
---------------------------------------  -----  ---------  --------  ----------  --------------  -------------------
/opt/airflow/dags/sakiga_ds_pipeline.py                           1           0  0.31s           2026-02-15T18:28:07
================================================================================
[2026-02-15T18:28:38.390+0000] {manager.py:879} INFO - 
================================================================================
DAG File Processing Stats

File Path                                PID    Runtime      # DAGs    # Errors  Last Runtime    Last Run
---------------------------------------  -----  ---------  --------  ----------  --------------  -------------------
/opt/airflow/dags/sakiga_ds_pipeline.py                           1           0  0.26s           2026-02-15T18:28:38
================================================================================
[2026-02-15T18:29:08.766+0000] {manager.py:879} INFO - 
================================================================================
DAG File Processing Stats

File Path                                PID    Runtime      # DAGs    # Errors  Last Runtime    Last Run
---------------------------------------  -----  ---------  --------  ----------  --------------  -------------------
/opt/airflow/dags/sakiga_ds_pipeline.py                           1           0  0.31s           2026-02-15T18:29:08
================================================================================
[2026-02-15T18:29:38.991+0000] {manager.py:879} INFO - 
================================================================================
DAG File Processing Stats

File Path                                PID    Runtime      # DAGs    # Errors  Last Runtime    Last Run
---------------------------------------  -----  ---------  --------  ----------  --------------  -------------------
/opt/airflow/dags/sakiga_ds_pipeline.py                           1           0  0.21s           2026-02-15T18:29:38
================================================================================
[2026-02-15T18:30:09.421+0000] {manager.py:879} INFO - 
================================================================================
DAG File Processing Stats

File Path                                PID    Runtime      # DAGs    # Errors  Last Runtime    Last Run
---------------------------------------  -----  ---------  --------  ----------  --------------  -------------------
/opt/airflow/dags/sakiga_ds_pipeline.py                           1           0  0.31s           2026-02-15T18:30:09
================================================================================
[2026-02-15T18:30:39.671+0000] {manager.py:879} INFO - 
================================================================================
DAG File Processing Stats

File Path                                PID    Runtime      # DAGs    # Errors  Last Runtime    Last Run
---------------------------------------  -----  ---------  --------  ----------  --------------  -------------------
/opt/airflow/dags/sakiga_ds_pipeline.py                           1           0  0.22s           2026-02-15T18:30:39
================================================================================
[2026-02-15T18:31:09.993+0000] {manager.py:879} INFO - 
================================================================================
DAG File Processing Stats

File Path                                PID    Runtime      # DAGs    # Errors  Last Runtime    Last Run
---------------------------------------  -----  ---------  --------  ----------  --------------  -------------------
/opt/airflow/dags/sakiga_ds_pipeline.py                           1           0  0.21s           2026-02-15T18:31:09
================================================================================
[2026-02-15T18:31:40.340+0000] {manager.py:879} INFO - 
================================================================================
DAG File Processing Stats

File Path                                PID    Runtime      # DAGs    # Errors  Last Runtime    Last Run
---------------------------------------  -----  ---------  --------  ----------  --------------  -------------------
/opt/airflow/dags/sakiga_ds_pipeline.py                           1           0  0.21s           2026-02-15T18:31:40
================================================================================
[2026-02-15T18:31:40.600+0000] {manager.py:738} INFO - Searching for files in /opt/airflow/dags
[2026-02-15T18:31:40.668+0000] {manager.py:741} INFO - There are 1 files in /opt/airflow/dags
[2026-02-15T18:32:10.720+0000] {manager.py:879} INFO - 
================================================================================
DAG File Processing Stats

File Path                                PID    Runtime      # DAGs    # Errors  Last Runtime    Last Run
---------------------------------------  -----  ---------  --------  ----------  --------------  -------------------
/opt/airflow/dags/sakiga_ds_pipeline.py                           1           0  0.21s           2026-02-15T18:32:10
================================================================================
[2026-02-15T18:32:41.047+0000] {manager.py:879} INFO - 
================================================================================
DAG File Processing Stats

File Path                                PID    Runtime      # DAGs    # Errors  Last Runtime    Last Run
---------------------------------------  -----  ---------  --------  ----------  --------------  -------------------
/opt/airflow/dags/sakiga_ds_pipeline.py                           1           0  0.32s           2026-02-15T18:32:41
================================================================================
[2026-02-15T18:33:11.450+0000] {manager.py:879} INFO - 
================================================================================
DAG File Processing Stats

File Path                                PID    Runtime      # DAGs    # Errors  Last Runtime    Last Run
---------------------------------------  -----  ---------  --------  ----------  --------------  -------------------
/opt/airflow/dags/sakiga_ds_pipeline.py                           1           0  0.21s           2026-02-15T18:33:11
================================================================================
[2026-02-15T18:33:41.966+0000] {manager.py:879} INFO - 
================================================================================
DAG File Processing Stats

File Path                                PID    Runtime      # DAGs    # Errors  Last Runtime    Last Run
---------------------------------------  -----  ---------  --------  ----------  --------------  -------------------
/opt/airflow/dags/sakiga_ds_pipeline.py                           1           0  0.23s           2026-02-15T18:33:41
================================================================================
[2026-02-15T18:34:14.476+0000] {manager.py:879} INFO - 
================================================================================
DAG File Processing Stats

File Path                                PID    Runtime      # DAGs    # Errors  Last Runtime    Last Run
---------------------------------------  -----  ---------  --------  ----------  --------------  -------------------
/opt/airflow/dags/sakiga_ds_pipeline.py                           1           0  0.31s           2026-02-15T18:34:14
================================================================================
[2026-02-15T18:34:44.894+0000] {manager.py:879} INFO - 
================================================================================
DAG File Processing Stats

File Path                                PID    Runtime      # DAGs    # Errors  Last Runtime    Last Run
---------------------------------------  -----  ---------  --------  ----------  --------------  -------------------
/opt/airflow/dags/sakiga_ds_pipeline.py                           1           0  0.33s           2026-02-15T18:34:44
================================================================================
[2026-02-15T18:35:15.232+0000] {manager.py:879} INFO - 
================================================================================
DAG File Processing Stats

File Path                                PID    Runtime      # DAGs    # Errors  Last Runtime    Last Run
---------------------------------------  -----  ---------  --------  ----------  --------------  -------------------
/opt/airflow/dags/sakiga_ds_pipeline.py                           1           0  0.24s           2026-02-15T18:35:15
================================================================================
[2026-02-15T18:35:45.490+0000] {manager.py:879} INFO - 
================================================================================
DAG File Processing Stats

File Path                                PID    Runtime      # DAGs    # Errors  Last Runtime    Last Run
---------------------------------------  -----  ---------  --------  ----------  --------------  -------------------
/opt/airflow/dags/sakiga_ds_pipeline.py                           1           0  0.21s           2026-02-15T18:35:45
================================================================================
[2026-02-15T18:36:15.798+0000] {manager.py:879} INFO - 
================================================================================
DAG File Processing Stats

File Path                                PID    Runtime      # DAGs    # Errors  Last Runtime    Last Run
---------------------------------------  -----  ---------  --------  ----------  --------------  -------------------
/opt/airflow/dags/sakiga_ds_pipeline.py                           1           0  0.22s           2026-02-15T18:36:15
================================================================================
[2026-02-15T18:36:41.101+0000] {manager.py:738} INFO - Searching for files in /opt/airflow/dags
[2026-02-15T18:36:41.129+0000] {manager.py:741} INFO - There are 1 files in /opt/airflow/dags
[2026-02-15T18:36:46.098+0000] {manager.py:879} INFO - 
================================================================================
DAG File Processing Stats

File Path                                PID    Runtime      # DAGs    # Errors  Last Runtime    Last Run
---------------------------------------  -----  ---------  --------  ----------  --------------  -------------------
/opt/airflow/dags/sakiga_ds_pipeline.py                           1           0  0.21s           2026-02-15T18:36:46
================================================================================
[2026-02-15T18:37:16.411+0000] {manager.py:879} INFO - 
================================================================================
DAG File Processing Stats

File Path                                PID    Runtime      # DAGs    # Errors  Last Runtime    Last Run
---------------------------------------  -----  ---------  --------  ----------  --------------  -------------------
/opt/airflow/dags/sakiga_ds_pipeline.py                           1           0  0.24s           2026-02-15T18:37:16
================================================================================
[2026-02-15T18:37:46.899+0000] {manager.py:879} INFO - 
================================================================================
DAG File Processing Stats

File Path                                PID    Runtime      # DAGs    # Errors  Last Runtime    Last Run
---------------------------------------  -----  ---------  --------  ----------  --------------  -------------------
/opt/airflow/dags/sakiga_ds_pipeline.py                           1           0  0.41s           2026-02-15T18:37:46
================================================================================
[2026-02-15T18:38:17.317+0000] {manager.py:879} INFO - 
================================================================================
DAG File Processing Stats

File Path                                PID    Runtime      # DAGs    # Errors  Last Runtime    Last Run
---------------------------------------  -----  ---------  --------  ----------  --------------  -------------------
/opt/airflow/dags/sakiga_ds_pipeline.py                           1           0  0.31s           2026-02-15T18:38:17
================================================================================
[2026-02-15T18:38:47.626+0000] {manager.py:879} INFO - 
================================================================================
DAG File Processing Stats

File Path                                PID    Runtime      # DAGs    # Errors  Last Runtime    Last Run
---------------------------------------  -----  ---------  --------  ----------  --------------  -------------------
/opt/airflow/dags/sakiga_ds_pipeline.py                           1           0  0.21s           2026-02-15T18:38:47
================================================================================
[2026-02-15T18:39:17.984+0000] {manager.py:879} INFO - 
================================================================================
DAG File Processing Stats

File Path                                PID    Runtime      # DAGs    # Errors  Last Runtime    Last Run
---------------------------------------  -----  ---------  --------  ----------  --------------  -------------------
/opt/airflow/dags/sakiga_ds_pipeline.py                           1           0  0.21s           2026-02-15T18:39:17
================================================================================
[2026-02-15T18:39:48.410+0000] {manager.py:879} INFO - 
================================================================================
DAG File Processing Stats

File Path                                PID    Runtime      # DAGs    # Errors  Last Runtime    Last Run
---------------------------------------  -----  ---------  --------  ----------  --------------  -------------------
/opt/airflow/dags/sakiga_ds_pipeline.py                           1           0  0.31s           2026-02-15T18:39:48
================================================================================
[2026-02-15T18:40:18.721+0000] {manager.py:879} INFO - 
================================================================================
DAG File Processing Stats

File Path                                PID    Runtime      # DAGs    # Errors  Last Runtime    Last Run
---------------------------------------  -----  ---------  --------  ----------  --------------  -------------------
/opt/airflow/dags/sakiga_ds_pipeline.py                           1           0  0.21s           2026-02-15T18:40:18
================================================================================
[2026-02-15T18:40:49.027+0000] {manager.py:879} INFO - 
================================================================================
DAG File Processing Stats

File Path                                PID    Runtime      # DAGs    # Errors  Last Runtime    Last Run
---------------------------------------  -----  ---------  --------  ----------  --------------  -------------------
/opt/airflow/dags/sakiga_ds_pipeline.py                           1           0  0.21s           2026-02-15T18:40:49
================================================================================
[2026-02-15T18:41:19.312+0000] {manager.py:879} INFO - 
================================================================================
DAG File Processing Stats

File Path                                PID    Runtime      # DAGs    # Errors  Last Runtime    Last Run
---------------------------------------  -----  ---------  --------  ----------  --------------  -------------------
/opt/airflow/dags/sakiga_ds_pipeline.py                           1           0  0.21s           2026-02-15T18:41:19
================================================================================
[2026-02-15T18:41:41.317+0000] {manager.py:738} INFO - Searching for files in /opt/airflow/dags
[2026-02-15T18:41:41.370+0000] {manager.py:741} INFO - There are 1 files in /opt/airflow/dags
[2026-02-15T18:41:49.634+0000] {manager.py:879} INFO - 
================================================================================
DAG File Processing Stats

File Path                                PID    Runtime      # DAGs    # Errors  Last Runtime    Last Run
---------------------------------------  -----  ---------  --------  ----------  --------------  -------------------
/opt/airflow/dags/sakiga_ds_pipeline.py                           1           0  0.21s           2026-02-15T18:41:49
================================================================================
[2026-02-15T18:42:19.949+0000] {manager.py:879} INFO - 
================================================================================
DAG File Processing Stats

File Path                                PID    Runtime      # DAGs    # Errors  Last Runtime    Last Run
---------------------------------------  -----  ---------  --------  ----------  --------------  -------------------
/opt/airflow/dags/sakiga_ds_pipeline.py                           1           0  0.22s           2026-02-15T18:42:19
================================================================================
[2026-02-15T18:42:50.235+0000] {manager.py:879} INFO - 
================================================================================
DAG File Processing Stats

File Path                                PID    Runtime      # DAGs    # Errors  Last Runtime    Last Run
---------------------------------------  -----  ---------  --------  ----------  --------------  -------------------
/opt/airflow/dags/sakiga_ds_pipeline.py                           1           0  0.21s           2026-02-15T18:42:50
================================================================================
[2026-02-15T18:43:20.551+0000] {manager.py:879} INFO - 
================================================================================
DAG File Processing Stats

File Path                                PID    Runtime      # DAGs    # Errors  Last Runtime    Last Run
---------------------------------------  -----  ---------  --------  ----------  --------------  -------------------
/opt/airflow/dags/sakiga_ds_pipeline.py                           1           0  0.21s           2026-02-15T18:43:20
================================================================================
[2026-02-15T18:43:50.872+0000] {manager.py:879} INFO - 
================================================================================
DAG File Processing Stats

File Path                                PID    Runtime      # DAGs    # Errors  Last Runtime    Last Run
---------------------------------------  -----  ---------  --------  ----------  --------------  -------------------
/opt/airflow/dags/sakiga_ds_pipeline.py                           1           0  0.21s           2026-02-15T18:43:50
================================================================================
[2026-02-15T18:44:21.338+0000] {manager.py:879} INFO - 
================================================================================
DAG File Processing Stats

File Path                                PID    Runtime      # DAGs    # Errors  Last Runtime    Last Run
---------------------------------------  -----  ---------  --------  ----------  --------------  -------------------
/opt/airflow/dags/sakiga_ds_pipeline.py                           1           0  0.31s           2026-02-15T18:44:21
================================================================================
[2026-02-15T18:44:51.628+0000] {manager.py:879} INFO - 
================================================================================
DAG File Processing Stats

File Path                                PID    Runtime      # DAGs    # Errors  Last Runtime    Last Run
---------------------------------------  -----  ---------  --------  ----------  --------------  -------------------
/opt/airflow/dags/sakiga_ds_pipeline.py                           1           0  0.21s           2026-02-15T18:44:51
================================================================================
[2026-02-15T18:45:21.895+0000] {manager.py:879} INFO - 
================================================================================
DAG File Processing Stats

File Path                                PID    Runtime      # DAGs    # Errors  Last Runtime    Last Run
---------------------------------------  -----  ---------  --------  ----------  --------------  -------------------
/opt/airflow/dags/sakiga_ds_pipeline.py                           1           0  0.21s           2026-02-15T18:45:21
================================================================================
[2026-02-15T18:45:52.222+0000] {manager.py:879} INFO - 
================================================================================
DAG File Processing Stats

File Path                                PID    Runtime      # DAGs    # Errors  Last Runtime    Last Run
---------------------------------------  -----  ---------  --------  ----------  --------------  -------------------
/opt/airflow/dags/sakiga_ds_pipeline.py                           1           0  0.21s           2026-02-15T18:45:52
================================================================================
[2026-02-15T18:46:22.508+0000] {manager.py:879} INFO - 
================================================================================
DAG File Processing Stats

File Path                                PID    Runtime      # DAGs    # Errors  Last Runtime    Last Run
---------------------------------------  -----  ---------  --------  ----------  --------------  -------------------
/opt/airflow/dags/sakiga_ds_pipeline.py                           1           0  0.21s           2026-02-15T18:46:22
================================================================================
[2026-02-15T18:46:41.555+0000] {manager.py:738} INFO - Searching for files in /opt/airflow/dags
[2026-02-15T18:46:41.648+0000] {manager.py:741} INFO - There are 1 files in /opt/airflow/dags
[2026-02-15T18:46:52.823+0000] {manager.py:879} INFO - 
================================================================================
DAG File Processing Stats

File Path                                PID    Runtime      # DAGs    # Errors  Last Runtime    Last Run
---------------------------------------  -----  ---------  --------  ----------  --------------  -------------------
/opt/airflow/dags/sakiga_ds_pipeline.py                           1           0  0.21s           2026-02-15T18:46:52
================================================================================
[2026-02-15T18:47:23.124+0000] {manager.py:879} INFO - 
================================================================================
DAG File Processing Stats

File Path                                PID    Runtime      # DAGs    # Errors  Last Runtime    Last Run
---------------------------------------  -----  ---------  --------  ----------  --------------  -------------------
/opt/airflow/dags/sakiga_ds_pipeline.py                           1           0  0.21s           2026-02-15T18:47:23
================================================================================
[2026-02-15T18:47:54.029+0000] {manager.py:879} INFO - 
================================================================================
DAG File Processing Stats

File Path                                PID    Runtime      # DAGs    # Errors  Last Runtime    Last Run
---------------------------------------  -----  ---------  --------  ----------  --------------  -------------------
/opt/airflow/dags/sakiga_ds_pipeline.py                           1           0  0.81s           2026-02-15T18:47:54
================================================================================
[2026-02-15T18:48:24.332+0000] {manager.py:879} INFO - 
================================================================================
DAG File Processing Stats

File Path                                PID    Runtime      # DAGs    # Errors  Last Runtime    Last Run
---------------------------------------  -----  ---------  --------  ----------  --------------  -------------------
/opt/airflow/dags/sakiga_ds_pipeline.py                           1           0  0.21s           2026-02-15T18:48:24
================================================================================
[2026-02-15T18:48:54.648+0000] {manager.py:879} INFO - 
================================================================================
DAG File Processing Stats

File Path                                PID    Runtime      # DAGs    # Errors  Last Runtime    Last Run
---------------------------------------  -----  ---------  --------  ----------  --------------  -------------------
/opt/airflow/dags/sakiga_ds_pipeline.py                           1           0  0.21s           2026-02-15T18:48:54
================================================================================
[2026-02-15T18:49:24.959+0000] {manager.py:879} INFO - 
================================================================================
DAG File Processing Stats

File Path                                PID    Runtime      # DAGs    # Errors  Last Runtime    Last Run
---------------------------------------  -----  ---------  --------  ----------  --------------  -------------------
/opt/airflow/dags/sakiga_ds_pipeline.py                           1           0  0.21s           2026-02-15T18:49:24
================================================================================
[2026-02-15T18:49:55.274+0000] {manager.py:879} INFO - 
================================================================================
DAG File Processing Stats

File Path                                PID    Runtime      # DAGs    # Errors  Last Runtime    Last Run
---------------------------------------  -----  ---------  --------  ----------  --------------  -------------------
/opt/airflow/dags/sakiga_ds_pipeline.py                           1           0  0.21s           2026-02-15T18:49:55
================================================================================
[2026-02-15T18:50:25.600+0000] {manager.py:879} INFO - 
================================================================================
DAG File Processing Stats

File Path                                PID    Runtime      # DAGs    # Errors  Last Runtime    Last Run
---------------------------------------  -----  ---------  --------  ----------  --------------  -------------------
/opt/airflow/dags/sakiga_ds_pipeline.py                           1           0  0.22s           2026-02-15T18:50:25
================================================================================
[2026-02-15T18:50:55.899+0000] {manager.py:879} INFO - 
================================================================================
DAG File Processing Stats

File Path                                PID    Runtime      # DAGs    # Errors  Last Runtime    Last Run
---------------------------------------  -----  ---------  --------  ----------  --------------  -------------------
/opt/airflow/dags/sakiga_ds_pipeline.py                           1           0  0.21s           2026-02-15T18:50:55
================================================================================
[2026-02-15T18:51:26.316+0000] {manager.py:879} INFO - 
================================================================================
DAG File Processing Stats

File Path                                PID    Runtime      # DAGs    # Errors  Last Runtime    Last Run
---------------------------------------  -----  ---------  --------  ----------  --------------  -------------------
/opt/airflow/dags/sakiga_ds_pipeline.py                           1           0  0.32s           2026-02-15T18:51:26
================================================================================
[2026-02-15T18:51:41.805+0000] {manager.py:738} INFO - Searching for files in /opt/airflow/dags
[2026-02-15T18:51:41.845+0000] {manager.py:741} INFO - There are 1 files in /opt/airflow/dags
[2026-02-15T18:51:56.635+0000] {manager.py:879} INFO - 
================================================================================
DAG File Processing Stats

File Path                                PID    Runtime      # DAGs    # Errors  Last Runtime    Last Run
---------------------------------------  -----  ---------  --------  ----------  --------------  -------------------
/opt/airflow/dags/sakiga_ds_pipeline.py                           1           0  0.21s           2026-02-15T18:51:56
================================================================================
[2026-02-15T18:52:27.097+0000] {manager.py:879} INFO - 
================================================================================
DAG File Processing Stats

File Path                                PID    Runtime      # DAGs    # Errors  Last Runtime    Last Run
---------------------------------------  -----  ---------  --------  ----------  --------------  -------------------
/opt/airflow/dags/sakiga_ds_pipeline.py                           1           0  0.36s           2026-02-15T18:52:27
================================================================================
[2026-02-15T18:52:57.407+0000] {manager.py:879} INFO - 
================================================================================
DAG File Processing Stats

File Path                                PID    Runtime      # DAGs    # Errors  Last Runtime    Last Run
---------------------------------------  -----  ---------  --------  ----------  --------------  -------------------
/opt/airflow/dags/sakiga_ds_pipeline.py                           1           0  0.21s           2026-02-15T18:52:57
================================================================================
[2026-02-15T18:53:27.809+0000] {manager.py:879} INFO - 
================================================================================
DAG File Processing Stats

File Path                                PID    Runtime      # DAGs    # Errors  Last Runtime    Last Run
---------------------------------------  -----  ---------  --------  ----------  --------------  -------------------
/opt/airflow/dags/sakiga_ds_pipeline.py                           1           0  0.31s           2026-02-15T18:53:27
================================================================================
[2026-02-15T18:53:58.219+0000] {manager.py:879} INFO - 
================================================================================
DAG File Processing Stats

File Path                                PID    Runtime      # DAGs    # Errors  Last Runtime    Last Run
---------------------------------------  -----  ---------  --------  ----------  --------------  -------------------
/opt/airflow/dags/sakiga_ds_pipeline.py                           1           0  0.31s           2026-02-15T18:53:58
================================================================================
[2026-02-15T18:54:28.794+0000] {manager.py:879} INFO - 
================================================================================
DAG File Processing Stats

File Path                                PID    Runtime      # DAGs    # Errors  Last Runtime    Last Run
---------------------------------------  -----  ---------  --------  ----------  --------------  -------------------
/opt/airflow/dags/sakiga_ds_pipeline.py                           1           0  0.21s           2026-02-15T18:54:28
================================================================================
[2026-02-15T18:54:59.137+0000] {manager.py:879} INFO - 
================================================================================
DAG File Processing Stats

File Path                                PID    Runtime      # DAGs    # Errors  Last Runtime    Last Run
---------------------------------------  -----  ---------  --------  ----------  --------------  -------------------
/opt/airflow/dags/sakiga_ds_pipeline.py                           1           0  0.21s           2026-02-15T18:54:59
================================================================================
[2026-02-15T18:55:29.625+0000] {manager.py:879} INFO - 
================================================================================
DAG File Processing Stats

File Path                                PID    Runtime      # DAGs    # Errors  Last Runtime    Last Run
---------------------------------------  -----  ---------  --------  ----------  --------------  -------------------
/opt/airflow/dags/sakiga_ds_pipeline.py                           1           0  0.31s           2026-02-15T18:55:29
================================================================================
[2026-02-15T18:56:00.147+0000] {manager.py:879} INFO - 
================================================================================
DAG File Processing Stats

File Path                                PID    Runtime      # DAGs    # Errors  Last Runtime    Last Run
---------------------------------------  -----  ---------  --------  ----------  --------------  -------------------
/opt/airflow/dags/sakiga_ds_pipeline.py                           1           0  0.41s           2026-02-15T18:56:00
================================================================================
[2026-02-15T18:56:30.634+0000] {manager.py:879} INFO - 
================================================================================
DAG File Processing Stats

File Path                                PID    Runtime      # DAGs    # Errors  Last Runtime    Last Run
---------------------------------------  -----  ---------  --------  ----------  --------------  -------------------
/opt/airflow/dags/sakiga_ds_pipeline.py                           1           0  0.39s           2026-02-15T18:56:30
================================================================================
[2026-02-15T18:56:42.038+0000] {manager.py:738} INFO - Searching for files in /opt/airflow/dags
[2026-02-15T18:56:42.112+0000] {manager.py:741} INFO - There are 1 files in /opt/airflow/dags
[2026-02-15T18:57:01.158+0000] {manager.py:879} INFO - 
================================================================================
DAG File Processing Stats

File Path                                PID    Runtime      # DAGs    # Errors  Last Runtime    Last Run
---------------------------------------  -----  ---------  --------  ----------  --------------  -------------------
/opt/airflow/dags/sakiga_ds_pipeline.py                           1           0  0.41s           2026-02-15T18:57:01
================================================================================
[2026-02-15T18:57:31.593+0000] {manager.py:879} INFO - 
================================================================================
DAG File Processing Stats

File Path                                PID    Runtime      # DAGs    # Errors  Last Runtime    Last Run
---------------------------------------  -----  ---------  --------  ----------  --------------  -------------------
/opt/airflow/dags/sakiga_ds_pipeline.py                           1           0  0.31s           2026-02-15T18:57:31
================================================================================
[2026-02-15T18:58:01.904+0000] {manager.py:879} INFO - 
================================================================================
DAG File Processing Stats

File Path                                PID    Runtime      # DAGs    # Errors  Last Runtime    Last Run
---------------------------------------  -----  ---------  --------  ----------  --------------  -------------------
/opt/airflow/dags/sakiga_ds_pipeline.py                           1           0  0.21s           2026-02-15T18:58:01
================================================================================
[2026-02-15T18:58:34.432+0000] {manager.py:879} INFO - 
================================================================================
DAG File Processing Stats

File Path                                PID    Runtime      # DAGs    # Errors  Last Runtime    Last Run
---------------------------------------  -----  ---------  --------  ----------  --------------  -------------------
/opt/airflow/dags/sakiga_ds_pipeline.py                           1           0  1.11s           2026-02-15T18:58:34
================================================================================
[2026-02-15T18:59:05.221+0000] {manager.py:879} INFO - 
================================================================================
DAG File Processing Stats

File Path                                PID    Runtime      # DAGs    # Errors  Last Runtime    Last Run
---------------------------------------  -----  ---------  --------  ----------  --------------  -------------------
/opt/airflow/dags/sakiga_ds_pipeline.py                           1           0  0.27s           2026-02-15T18:59:05
================================================================================
[2026-02-15T18:59:35.727+0000] {manager.py:879} INFO - 
================================================================================
DAG File Processing Stats

File Path                                PID    Runtime      # DAGs    # Errors  Last Runtime    Last Run
---------------------------------------  -----  ---------  --------  ----------  --------------  -------------------
/opt/airflow/dags/sakiga_ds_pipeline.py                           1           0  0.39s           2026-02-15T18:59:35
================================================================================
[2026-02-15T19:00:06.153+0000] {manager.py:879} INFO - 
================================================================================
DAG File Processing Stats

File Path                                PID    Runtime      # DAGs    # Errors  Last Runtime    Last Run
---------------------------------------  -----  ---------  --------  ----------  --------------  -------------------
/opt/airflow/dags/sakiga_ds_pipeline.py                           1           0  0.32s           2026-02-15T19:00:06
================================================================================
[2026-02-15T19:00:36.458+0000] {manager.py:879} INFO - 
================================================================================
DAG File Processing Stats

File Path                                PID    Runtime      # DAGs    # Errors  Last Runtime    Last Run
---------------------------------------  -----  ---------  --------  ----------  --------------  -------------------
/opt/airflow/dags/sakiga_ds_pipeline.py                           1           0  0.21s           2026-02-15T19:00:36
================================================================================
[2026-02-15T19:01:07.061+0000] {manager.py:879} INFO - 
================================================================================
DAG File Processing Stats

File Path                                PID    Runtime      # DAGs    # Errors  Last Runtime    Last Run
---------------------------------------  -----  ---------  --------  ----------  --------------  -------------------
/opt/airflow/dags/sakiga_ds_pipeline.py                           1           0  0.44s           2026-02-15T19:01:07
================================================================================
[2026-02-15T19:01:37.651+0000] {manager.py:879} INFO - 
================================================================================
DAG File Processing Stats

File Path                                PID    Runtime      # DAGs    # Errors  Last Runtime    Last Run
---------------------------------------  -----  ---------  --------  ----------  --------------  -------------------
/opt/airflow/dags/sakiga_ds_pipeline.py                           1           0  0.48s           2026-02-15T19:01:37
================================================================================
[2026-02-15T19:01:42.326+0000] {manager.py:738} INFO - Searching for files in /opt/airflow/dags
[2026-02-15T19:01:42.377+0000] {manager.py:741} INFO - There are 1 files in /opt/airflow/dags
[2026-02-15T19:02:07.964+0000] {manager.py:879} INFO - 
================================================================================
DAG File Processing Stats

File Path                                PID    Runtime      # DAGs    # Errors  Last Runtime    Last Run
---------------------------------------  -----  ---------  --------  ----------  --------------  -------------------
/opt/airflow/dags/sakiga_ds_pipeline.py                           1           0  0.21s           2026-02-15T19:02:07
================================================================================
[2026-02-15T19:02:38.415+0000] {manager.py:879} INFO - 
================================================================================
DAG File Processing Stats

File Path                                PID    Runtime      # DAGs    # Errors  Last Runtime    Last Run
---------------------------------------  -----  ---------  --------  ----------  --------------  -------------------
/opt/airflow/dags/sakiga_ds_pipeline.py                           1           0  0.31s           2026-02-15T19:02:38
================================================================================
[2026-02-15T19:03:08.829+0000] {manager.py:879} INFO - 
================================================================================
DAG File Processing Stats

File Path                                PID    Runtime      # DAGs    # Errors  Last Runtime    Last Run
---------------------------------------  -----  ---------  --------  ----------  --------------  -------------------
/opt/airflow/dags/sakiga_ds_pipeline.py                           1           0  0.31s           2026-02-15T19:03:08
================================================================================
[2026-02-15T19:03:39.292+0000] {manager.py:879} INFO - 
================================================================================
DAG File Processing Stats

File Path                                PID    Runtime      # DAGs    # Errors  Last Runtime    Last Run
---------------------------------------  -----  ---------  --------  ----------  --------------  -------------------
/opt/airflow/dags/sakiga_ds_pipeline.py                           1           0  0.32s           2026-02-15T19:03:39
================================================================================
[2026-02-15T19:04:09.686+0000] {manager.py:879} INFO - 
================================================================================
DAG File Processing Stats

File Path                                PID    Runtime      # DAGs    # Errors  Last Runtime    Last Run
---------------------------------------  -----  ---------  --------  ----------  --------------  -------------------
/opt/airflow/dags/sakiga_ds_pipeline.py                           1           0  0.30s           2026-02-15T19:04:09
================================================================================
[2026-02-15T19:04:40.039+0000] {manager.py:879} INFO - 
================================================================================
DAG File Processing Stats

File Path                                PID    Runtime      # DAGs    # Errors  Last Runtime    Last Run
---------------------------------------  -----  ---------  --------  ----------  --------------  -------------------
/opt/airflow/dags/sakiga_ds_pipeline.py                           1           0  0.21s           2026-02-15T19:04:40
================================================================================
[2026-02-15T19:05:10.332+0000] {manager.py:879} INFO - 
================================================================================
DAG File Processing Stats

File Path                                PID    Runtime      # DAGs    # Errors  Last Runtime    Last Run
---------------------------------------  -----  ---------  --------  ----------  --------------  -------------------
/opt/airflow/dags/sakiga_ds_pipeline.py                           1           0  0.21s           2026-02-15T19:05:10
================================================================================
[2026-02-15T19:05:40.579+0000] {manager.py:879} INFO - 
================================================================================
DAG File Processing Stats

File Path                                PID    Runtime      # DAGs    # Errors  Last Runtime    Last Run
---------------------------------------  -----  ---------  --------  ----------  --------------  -------------------
/opt/airflow/dags/sakiga_ds_pipeline.py                           1           0  0.21s           2026-02-15T19:05:40
================================================================================
[2026-02-15T19:06:10.866+0000] {manager.py:879} INFO - 
================================================================================
DAG File Processing Stats

File Path                                PID    Runtime      # DAGs    # Errors  Last Runtime    Last Run
---------------------------------------  -----  ---------  --------  ----------  --------------  -------------------
/opt/airflow/dags/sakiga_ds_pipeline.py                           1           0  0.21s           2026-02-15T19:06:10
================================================================================
[2026-02-15T19:06:41.283+0000] {manager.py:879} INFO - 
================================================================================
DAG File Processing Stats

File Path                                PID    Runtime      # DAGs    # Errors  Last Runtime    Last Run
---------------------------------------  -----  ---------  --------  ----------  --------------  -------------------
/opt/airflow/dags/sakiga_ds_pipeline.py                           1           0  0.31s           2026-02-15T19:06:41
================================================================================
[2026-02-15T19:06:42.569+0000] {manager.py:738} INFO - Searching for files in /opt/airflow/dags
[2026-02-15T19:06:42.669+0000] {manager.py:741} INFO - There are 1 files in /opt/airflow/dags
[2026-02-15T19:07:11.673+0000] {manager.py:879} INFO - 
================================================================================
DAG File Processing Stats

File Path                                PID    Runtime      # DAGs    # Errors  Last Runtime    Last Run
---------------------------------------  -----  ---------  --------  ----------  --------------  -------------------
/opt/airflow/dags/sakiga_ds_pipeline.py                           1           0  0.31s           2026-02-15T19:07:11
================================================================================
[2026-02-15T19:07:42.131+0000] {manager.py:879} INFO - 
================================================================================
DAG File Processing Stats

File Path                                PID    Runtime      # DAGs    # Errors  Last Runtime    Last Run
---------------------------------------  -----  ---------  --------  ----------  --------------  -------------------
/opt/airflow/dags/sakiga_ds_pipeline.py                           1           0  0.33s           2026-02-15T19:07:42
================================================================================
[2026-02-15T19:08:12.417+0000] {manager.py:879} INFO - 
================================================================================
DAG File Processing Stats

File Path                                PID    Runtime      # DAGs    # Errors  Last Runtime    Last Run
---------------------------------------  -----  ---------  --------  ----------  --------------  -------------------
/opt/airflow/dags/sakiga_ds_pipeline.py                           1           0  0.21s           2026-02-15T19:08:12
================================================================================
[2026-02-15T19:08:42.740+0000] {manager.py:879} INFO - 
================================================================================
DAG File Processing Stats

File Path                                PID    Runtime      # DAGs    # Errors  Last Runtime    Last Run
---------------------------------------  -----  ---------  --------  ----------  --------------  -------------------
/opt/airflow/dags/sakiga_ds_pipeline.py                           1           0  0.21s           2026-02-15T19:08:42
================================================================================
[2026-02-15T19:09:13.014+0000] {manager.py:879} INFO - 
================================================================================
DAG File Processing Stats

File Path                                PID    Runtime      # DAGs    # Errors  Last Runtime    Last Run
---------------------------------------  -----  ---------  --------  ----------  --------------  -------------------
/opt/airflow/dags/sakiga_ds_pipeline.py                           1           0  0.21s           2026-02-15T19:09:13
================================================================================
[2026-02-15T19:09:43.408+0000] {manager.py:879} INFO - 
================================================================================
DAG File Processing Stats

File Path                                PID    Runtime      # DAGs    # Errors  Last Runtime    Last Run
---------------------------------------  -----  ---------  --------  ----------  --------------  -------------------
/opt/airflow/dags/sakiga_ds_pipeline.py                           1           0  0.31s           2026-02-15T19:09:43
================================================================================
[2026-02-15T19:10:13.865+0000] {manager.py:879} INFO - 
================================================================================
DAG File Processing Stats

File Path                                PID    Runtime      # DAGs    # Errors  Last Runtime    Last Run
---------------------------------------  -----  ---------  --------  ----------  --------------  -------------------
/opt/airflow/dags/sakiga_ds_pipeline.py                           1           0  0.34s           2026-02-15T19:10:13
================================================================================
[2026-02-15T19:10:44.188+0000] {manager.py:879} INFO - 
================================================================================
DAG File Processing Stats

File Path                                PID    Runtime      # DAGs    # Errors  Last Runtime    Last Run
---------------------------------------  -----  ---------  --------  ----------  --------------  -------------------
/opt/airflow/dags/sakiga_ds_pipeline.py                           1           0  0.21s           2026-02-15T19:10:44
================================================================================
[2026-02-15T19:11:14.432+0000] {manager.py:879} INFO - 
================================================================================
DAG File Processing Stats

File Path                                PID    Runtime      # DAGs    # Errors  Last Runtime    Last Run
---------------------------------------  -----  ---------  --------  ----------  --------------  -------------------
/opt/airflow/dags/sakiga_ds_pipeline.py                           1           0  0.21s           2026-02-15T19:11:14
================================================================================
[2026-02-15T19:11:42.849+0000] {manager.py:738} INFO - Searching for files in /opt/airflow/dags
[2026-02-15T19:11:42.902+0000] {manager.py:741} INFO - There are 1 files in /opt/airflow/dags
[2026-02-15T19:11:44.795+0000] {manager.py:879} INFO - 
================================================================================
DAG File Processing Stats

File Path                                PID    Runtime      # DAGs    # Errors  Last Runtime    Last Run
---------------------------------------  -----  ---------  --------  ----------  --------------  -------------------
/opt/airflow/dags/sakiga_ds_pipeline.py                           1           0  0.27s           2026-02-15T19:11:44
================================================================================
[2026-02-15T19:12:15.209+0000] {manager.py:879} INFO - 
================================================================================
DAG File Processing Stats

File Path                                PID    Runtime      # DAGs    # Errors  Last Runtime    Last Run
---------------------------------------  -----  ---------  --------  ----------  --------------  -------------------
/opt/airflow/dags/sakiga_ds_pipeline.py                           1           0  0.31s           2026-02-15T19:12:15
================================================================================
[2026-02-15T19:12:45.692+0000] {manager.py:879} INFO - 
================================================================================
DAG File Processing Stats

File Path                                PID    Runtime      # DAGs    # Errors  Last Runtime    Last Run
---------------------------------------  -----  ---------  --------  ----------  --------------  -------------------
/opt/airflow/dags/sakiga_ds_pipeline.py                           1           0  0.31s           2026-02-15T19:12:45
================================================================================
[2026-02-15T19:13:16.006+0000] {manager.py:879} INFO - 
================================================================================
DAG File Processing Stats

File Path                                PID    Runtime      # DAGs    # Errors  Last Runtime    Last Run
---------------------------------------  -----  ---------  --------  ----------  --------------  -------------------
/opt/airflow/dags/sakiga_ds_pipeline.py                           1           0  0.21s           2026-02-15T19:13:16
================================================================================
[2026-02-15T19:13:46.320+0000] {manager.py:879} INFO - 
================================================================================
DAG File Processing Stats

File Path                                PID    Runtime      # DAGs    # Errors  Last Runtime    Last Run
---------------------------------------  -----  ---------  --------  ----------  --------------  -------------------
/opt/airflow/dags/sakiga_ds_pipeline.py                           1           0  0.21s           2026-02-15T19:13:46
================================================================================
[2026-02-15T19:14:16.641+0000] {manager.py:879} INFO - 
================================================================================
DAG File Processing Stats

File Path                                PID    Runtime      # DAGs    # Errors  Last Runtime    Last Run
---------------------------------------  -----  ---------  --------  ----------  --------------  -------------------
/opt/airflow/dags/sakiga_ds_pipeline.py                           1           0  0.21s           2026-02-15T19:14:16
================================================================================
[2026-02-15T19:14:46.969+0000] {manager.py:879} INFO - 
================================================================================
DAG File Processing Stats

File Path                                PID    Runtime      # DAGs    # Errors  Last Runtime    Last Run
---------------------------------------  -----  ---------  --------  ----------  --------------  -------------------
/opt/airflow/dags/sakiga_ds_pipeline.py                           1           0  0.21s           2026-02-15T19:14:46
================================================================================
[2026-02-15T19:15:17.254+0000] {manager.py:879} INFO - 
================================================================================
DAG File Processing Stats

File Path                                PID    Runtime      # DAGs    # Errors  Last Runtime    Last Run
---------------------------------------  -----  ---------  --------  ----------  --------------  -------------------
/opt/airflow/dags/sakiga_ds_pipeline.py                           1           0  0.21s           2026-02-15T19:15:17
================================================================================
[2026-02-15T19:15:47.653+0000] {manager.py:879} INFO - 
================================================================================
DAG File Processing Stats

File Path                                PID    Runtime      # DAGs    # Errors  Last Runtime    Last Run
---------------------------------------  -----  ---------  --------  ----------  --------------  -------------------
/opt/airflow/dags/sakiga_ds_pipeline.py                           1           0  0.31s           2026-02-15T19:15:47
================================================================================
[2026-02-15T19:16:17.962+0000] {manager.py:879} INFO - 
================================================================================
DAG File Processing Stats

File Path                                PID    Runtime      # DAGs    # Errors  Last Runtime    Last Run
---------------------------------------  -----  ---------  --------  ----------  --------------  -------------------
/opt/airflow/dags/sakiga_ds_pipeline.py                           1           0  0.21s           2026-02-15T19:16:17
================================================================================
[2026-02-15T19:16:43.088+0000] {manager.py:738} INFO - Searching for files in /opt/airflow/dags
[2026-02-15T19:16:43.152+0000] {manager.py:741} INFO - There are 1 files in /opt/airflow/dags
[2026-02-15T19:16:48.263+0000] {manager.py:879} INFO - 
================================================================================
DAG File Processing Stats

File Path                                PID    Runtime      # DAGs    # Errors  Last Runtime    Last Run
---------------------------------------  -----  ---------  --------  ----------  --------------  -------------------
/opt/airflow/dags/sakiga_ds_pipeline.py                           1           0  0.22s           2026-02-15T19:16:48
================================================================================
[2026-02-15T19:17:18.688+0000] {manager.py:879} INFO - 
================================================================================
DAG File Processing Stats

File Path                                PID    Runtime      # DAGs    # Errors  Last Runtime    Last Run
---------------------------------------  -----  ---------  --------  ----------  --------------  -------------------
/opt/airflow/dags/sakiga_ds_pipeline.py                           1           0  0.31s           2026-02-15T19:17:18
================================================================================
[2026-02-15T19:17:49.159+0000] {manager.py:879} INFO - 
================================================================================
DAG File Processing Stats

File Path                                PID    Runtime      # DAGs    # Errors  Last Runtime    Last Run
---------------------------------------  -----  ---------  --------  ----------  --------------  -------------------
/opt/airflow/dags/sakiga_ds_pipeline.py                           1           0  0.31s           2026-02-15T19:17:49
================================================================================
[2026-02-15T19:18:19.474+0000] {manager.py:879} INFO - 
================================================================================
DAG File Processing Stats

File Path                                PID    Runtime      # DAGs    # Errors  Last Runtime    Last Run
---------------------------------------  -----  ---------  --------  ----------  --------------  -------------------
/opt/airflow/dags/sakiga_ds_pipeline.py                           1           0  0.22s           2026-02-15T19:18:19
================================================================================
[2026-02-15T19:18:50.075+0000] {manager.py:879} INFO - 
================================================================================
DAG File Processing Stats

File Path                                PID    Runtime      # DAGs    # Errors  Last Runtime    Last Run
---------------------------------------  -----  ---------  --------  ----------  --------------  -------------------
/opt/airflow/dags/sakiga_ds_pipeline.py                           1           0  0.48s           2026-02-15T19:18:50
================================================================================
[2026-02-15T19:19:22.899+0000] {manager.py:879} INFO - 
================================================================================
DAG File Processing Stats

File Path                                PID    Runtime      # DAGs    # Errors  Last Runtime    Last Run
---------------------------------------  -----  ---------  --------  ----------  --------------  -------------------
/opt/airflow/dags/sakiga_ds_pipeline.py                           1           0  0.22s           2026-02-15T19:19:22
================================================================================
[2026-02-15T19:21:47.526+0000] {manager.py:451} INFO - Exiting gracefully upon receiving signal 15
[2026-02-15T19:23:12.635+0000] {manager.py:469} INFO - Processing files using up to 1 processes at a time 
[2026-02-15T19:23:12.667+0000] {manager.py:470} INFO - Process each file at most once every 30 seconds
[2026-02-15T19:23:12.670+0000] {manager.py:471} INFO - Checking for new files in /opt/airflow/dags every 300 seconds
[2026-02-15T19:23:12.674+0000] {manager.py:738} INFO - Searching for files in /opt/airflow/dags
[2026-02-15T19:23:13.373+0000] {manager.py:741} INFO - There are 1 files in /opt/airflow/dags
[2026-02-15T19:23:27.959+0000] {manager.py:451} INFO - Exiting gracefully upon receiving signal 15
[2026-02-15T21:49:07.958+0000] {manager.py:469} INFO - Processing files using up to 1 processes at a time 
[2026-02-15T21:49:07.961+0000] {manager.py:470} INFO - Process each file at most once every 30 seconds
[2026-02-15T21:49:07.962+0000] {manager.py:471} INFO - Checking for new files in /opt/airflow/dags every 300 seconds
[2026-02-15T21:49:07.964+0000] {manager.py:738} INFO - Searching for files in /opt/airflow/dags
[2026-02-15T21:49:07.996+0000] {manager.py:741} INFO - There are 1 files in /opt/airflow/dags
[2026-02-15T21:49:08.393+0000] {manager.py:879} INFO - 
================================================================================
DAG File Processing Stats

File Path                                PID    Runtime      # DAGs    # Errors  Last Runtime    Last Run
---------------------------------------  -----  ---------  --------  ----------  --------------  -------------------
/opt/airflow/dags/sakiga_ds_pipeline.py                           1           0  0.31s           2026-02-15T21:49:08
================================================================================
[2026-02-15T21:50:55.951+0000] {manager.py:451} INFO - Exiting gracefully upon receiving signal 15
[2026-02-15T21:51:14.624+0000] {manager.py:469} INFO - Processing files using up to 1 processes at a time 
[2026-02-15T21:51:14.626+0000] {manager.py:470} INFO - Process each file at most once every 30 seconds
[2026-02-15T21:51:14.627+0000] {manager.py:471} INFO - Checking for new files in /opt/airflow/dags every 300 seconds
[2026-02-15T21:51:14.629+0000] {manager.py:738} INFO - Searching for files in /opt/airflow/dags
[2026-02-15T21:51:14.687+0000] {manager.py:741} INFO - There are 1 files in /opt/airflow/dags
[2026-02-15T21:51:22.480+0000] {manager.py:879} INFO - 
================================================================================
DAG File Processing Stats

File Path                                PID    Runtime      # DAGs    # Errors  Last Runtime    Last Run
---------------------------------------  -----  ---------  --------  ----------  --------------  -------------------
/opt/airflow/dags/sakiga_ds_pipeline.py                           1           0  0.61s           2026-02-15T21:51:22
================================================================================
[2026-02-15T21:52:32.255+0000] {manager.py:451} INFO - Exiting gracefully upon receiving signal 15
[2026-02-15T21:52:33.095+0000] {manager.py:469} INFO - Processing files using up to 1 processes at a time 
[2026-02-15T21:52:33.101+0000] {manager.py:470} INFO - Process each file at most once every 30 seconds
[2026-02-15T21:52:33.102+0000] {manager.py:471} INFO - Checking for new files in /opt/airflow/dags every 300 seconds
[2026-02-15T21:52:33.104+0000] {manager.py:738} INFO - Searching for files in /opt/airflow/dags
[2026-02-15T21:52:33.139+0000] {manager.py:741} INFO - There are 1 files in /opt/airflow/dags
[2026-02-15T21:52:33.637+0000] {manager.py:879} INFO - 
================================================================================
DAG File Processing Stats

File Path                                PID    Runtime      # DAGs    # Errors  Last Runtime    Last Run
---------------------------------------  -----  ---------  --------  ----------  --------------  -------------------
/opt/airflow/dags/sakiga_ds_pipeline.py                           1           0  0.41s           2026-02-15T21:52:33
================================================================================
[2026-02-15T21:53:45.223+0000] {manager.py:451} INFO - Exiting gracefully upon receiving signal 15
[2026-02-15T21:53:46.000+0000] {manager.py:469} INFO - Processing files using up to 1 processes at a time 
[2026-02-15T21:53:46.001+0000] {manager.py:470} INFO - Process each file at most once every 30 seconds
[2026-02-15T21:53:46.007+0000] {manager.py:471} INFO - Checking for new files in /opt/airflow/dags every 300 seconds
[2026-02-15T21:53:46.009+0000] {manager.py:738} INFO - Searching for files in /opt/airflow/dags
[2026-02-15T21:53:46.071+0000] {manager.py:741} INFO - There are 1 files in /opt/airflow/dags
[2026-02-15T21:53:46.532+0000] {manager.py:879} INFO - 
================================================================================
DAG File Processing Stats

File Path                                PID    Runtime      # DAGs    # Errors  Last Runtime    Last Run
---------------------------------------  -----  ---------  --------  ----------  --------------  -------------------
/opt/airflow/dags/sakiga_ds_pipeline.py                           1           0  0.31s           2026-02-15T21:53:46
================================================================================
[2026-02-15T21:54:16.889+0000] {manager.py:879} INFO - 
================================================================================
DAG File Processing Stats

File Path                                PID    Runtime      # DAGs    # Errors  Last Runtime    Last Run
---------------------------------------  -----  ---------  --------  ----------  --------------  -------------------
/opt/airflow/dags/sakiga_ds_pipeline.py                           1           0  0.21s           2026-02-15T21:54:16
================================================================================
[2026-02-15T21:54:47.417+0000] {manager.py:879} INFO - 
================================================================================
DAG File Processing Stats

File Path                                PID    Runtime      # DAGs    # Errors  Last Runtime    Last Run
---------------------------------------  -----  ---------  --------  ----------  --------------  -------------------
/opt/airflow/dags/sakiga_ds_pipeline.py                           1           0  0.21s           2026-02-15T21:54:47
================================================================================
[2026-02-15T21:55:44.328+0000] {manager.py:879} INFO - 
================================================================================
DAG File Processing Stats

File Path                                PID    Runtime      # DAGs    # Errors  Last Runtime    Last Run
---------------------------------------  -----  ---------  --------  ----------  --------------  -------------------
/opt/airflow/dags/sakiga_ds_pipeline.py                           1           0  0.21s           2026-02-15T21:55:44
================================================================================
[2026-02-15T21:56:15.110+0000] {manager.py:879} INFO - 
================================================================================
DAG File Processing Stats

File Path                                PID    Runtime      # DAGs    # Errors  Last Runtime    Last Run
---------------------------------------  -----  ---------  --------  ----------  --------------  -------------------
/opt/airflow/dags/sakiga_ds_pipeline.py                           1           0  0.21s           2026-02-15T21:56:15
================================================================================
[2026-02-15T21:56:45.776+0000] {manager.py:879} INFO - 
================================================================================
DAG File Processing Stats

File Path                                PID    Runtime      # DAGs    # Errors  Last Runtime    Last Run
---------------------------------------  -----  ---------  --------  ----------  --------------  -------------------
/opt/airflow/dags/sakiga_ds_pipeline.py                           1           0  0.32s           2026-02-15T21:56:45
================================================================================
[2026-02-15T21:57:16.110+0000] {manager.py:879} INFO - 
================================================================================
DAG File Processing Stats

File Path                                PID    Runtime      # DAGs    # Errors  Last Runtime    Last Run
---------------------------------------  -----  ---------  --------  ----------  --------------  -------------------
/opt/airflow/dags/sakiga_ds_pipeline.py                           1           0  0.21s           2026-02-15T21:57:16
================================================================================
[2026-02-15T21:57:46.425+0000] {manager.py:879} INFO - 
================================================================================
DAG File Processing Stats

File Path                                PID    Runtime      # DAGs    # Errors  Last Runtime    Last Run
---------------------------------------  -----  ---------  --------  ----------  --------------  -------------------
/opt/airflow/dags/sakiga_ds_pipeline.py                           1           0  0.21s           2026-02-15T21:57:46
================================================================================
[2026-02-15T21:58:16.757+0000] {manager.py:879} INFO - 
================================================================================
DAG File Processing Stats

File Path                                PID    Runtime      # DAGs    # Errors  Last Runtime    Last Run
---------------------------------------  -----  ---------  --------  ----------  --------------  -------------------
/opt/airflow/dags/sakiga_ds_pipeline.py                           1           0  0.21s           2026-02-15T21:58:16
================================================================================
[2026-02-15T21:58:46.869+0000] {manager.py:738} INFO - Searching for files in /opt/airflow/dags
[2026-02-15T21:58:46.893+0000] {manager.py:741} INFO - There are 1 files in /opt/airflow/dags
[2026-02-15T21:58:47.130+0000] {manager.py:879} INFO - 
================================================================================
DAG File Processing Stats

File Path                                PID    Runtime      # DAGs    # Errors  Last Runtime    Last Run
---------------------------------------  -----  ---------  --------  ----------  --------------  -------------------
/opt/airflow/dags/sakiga_ds_pipeline.py                           1           0  0.21s           2026-02-15T21:58:47
================================================================================
[2026-02-15T21:59:17.484+0000] {manager.py:879} INFO - 
================================================================================
DAG File Processing Stats

File Path                                PID    Runtime      # DAGs    # Errors  Last Runtime    Last Run
---------------------------------------  -----  ---------  --------  ----------  --------------  -------------------
/opt/airflow/dags/sakiga_ds_pipeline.py                           1           0  0.21s           2026-02-15T21:59:17
================================================================================
[2026-02-15T21:59:47.863+0000] {manager.py:879} INFO - 
================================================================================
DAG File Processing Stats

File Path                                PID    Runtime      # DAGs    # Errors  Last Runtime    Last Run
---------------------------------------  -----  ---------  --------  ----------  --------------  -------------------
/opt/airflow/dags/sakiga_ds_pipeline.py                           1           0  0.21s           2026-02-15T21:59:47
================================================================================
[2026-02-15T22:00:18.140+0000] {manager.py:879} INFO - 
================================================================================
DAG File Processing Stats

File Path                                PID    Runtime      # DAGs    # Errors  Last Runtime    Last Run
---------------------------------------  -----  ---------  --------  ----------  --------------  -------------------
/opt/airflow/dags/sakiga_ds_pipeline.py                           1           0  0.21s           2026-02-15T22:00:18
================================================================================
[2026-02-15T22:00:48.477+0000] {manager.py:879} INFO - 
================================================================================
DAG File Processing Stats

File Path                                PID    Runtime      # DAGs    # Errors  Last Runtime    Last Run
---------------------------------------  -----  ---------  --------  ----------  --------------  -------------------
/opt/airflow/dags/sakiga_ds_pipeline.py                           1           0  0.21s           2026-02-15T22:00:48
================================================================================
[2026-02-15T22:01:18.790+0000] {manager.py:879} INFO - 
================================================================================
DAG File Processing Stats

File Path                                PID    Runtime      # DAGs    # Errors  Last Runtime    Last Run
---------------------------------------  -----  ---------  --------  ----------  --------------  -------------------
/opt/airflow/dags/sakiga_ds_pipeline.py                           1           0  0.21s           2026-02-15T22:01:18
================================================================================
[2026-02-15T22:01:49.072+0000] {manager.py:879} INFO - 
================================================================================
DAG File Processing Stats

File Path                                PID    Runtime      # DAGs    # Errors  Last Runtime    Last Run
---------------------------------------  -----  ---------  --------  ----------  --------------  -------------------
/opt/airflow/dags/sakiga_ds_pipeline.py                           1           0  0.21s           2026-02-15T22:01:49
================================================================================
[2026-02-15T22:02:19.385+0000] {manager.py:879} INFO - 
================================================================================
DAG File Processing Stats

File Path                                PID    Runtime      # DAGs    # Errors  Last Runtime    Last Run
---------------------------------------  -----  ---------  --------  ----------  --------------  -------------------
/opt/airflow/dags/sakiga_ds_pipeline.py                           1           0  0.21s           2026-02-15T22:02:19
================================================================================
[2026-02-15T22:02:49.717+0000] {manager.py:879} INFO - 
================================================================================
DAG File Processing Stats

File Path                                PID    Runtime      # DAGs    # Errors  Last Runtime    Last Run
---------------------------------------  -----  ---------  --------  ----------  --------------  -------------------
/opt/airflow/dags/sakiga_ds_pipeline.py                           1           0  0.20s           2026-02-15T22:02:49
================================================================================
[2026-02-15T22:03:20.040+0000] {manager.py:879} INFO - 
================================================================================
DAG File Processing Stats

File Path                                PID    Runtime      # DAGs    # Errors  Last Runtime    Last Run
---------------------------------------  -----  ---------  --------  ----------  --------------  -------------------
/opt/airflow/dags/sakiga_ds_pipeline.py                           1           0  0.21s           2026-02-15T22:03:20
================================================================================
[2026-02-15T22:03:47.170+0000] {manager.py:738} INFO - Searching for files in /opt/airflow/dags
[2026-02-15T22:03:47.194+0000] {manager.py:741} INFO - There are 1 files in /opt/airflow/dags
[2026-02-15T22:03:50.506+0000] {manager.py:879} INFO - 
================================================================================
DAG File Processing Stats

File Path                                PID    Runtime      # DAGs    # Errors  Last Runtime    Last Run
---------------------------------------  -----  ---------  --------  ----------  --------------  -------------------
/opt/airflow/dags/sakiga_ds_pipeline.py                           1           0  0.31s           2026-02-15T22:03:50
================================================================================
[2026-02-15T22:04:20.869+0000] {manager.py:879} INFO - 
================================================================================
DAG File Processing Stats

File Path                                PID    Runtime      # DAGs    # Errors  Last Runtime    Last Run
---------------------------------------  -----  ---------  --------  ----------  --------------  -------------------
/opt/airflow/dags/sakiga_ds_pipeline.py                           1           0  0.21s           2026-02-15T22:04:20
================================================================================
[2026-02-15T22:05:25.950+0000] {manager.py:879} INFO - 
================================================================================
DAG File Processing Stats

File Path                                PID    Runtime      # DAGs    # Errors  Last Runtime    Last Run
---------------------------------------  -----  ---------  --------  ----------  --------------  -------------------
/opt/airflow/dags/sakiga_ds_pipeline.py                           1           0  0.21s           2026-02-15T22:05:25
================================================================================
[2026-02-15T22:05:56.481+0000] {manager.py:879} INFO - 
================================================================================
DAG File Processing Stats

File Path                                PID    Runtime      # DAGs    # Errors  Last Runtime    Last Run
---------------------------------------  -----  ---------  --------  ----------  --------------  -------------------
/opt/airflow/dags/sakiga_ds_pipeline.py                           1           0  0.21s           2026-02-15T22:05:56
================================================================================
[2026-02-15T22:06:26.991+0000] {manager.py:879} INFO - 
================================================================================
DAG File Processing Stats

File Path                                PID    Runtime      # DAGs    # Errors  Last Runtime    Last Run
---------------------------------------  -----  ---------  --------  ----------  --------------  -------------------
/opt/airflow/dags/sakiga_ds_pipeline.py                           1           0  0.21s           2026-02-15T22:06:26
================================================================================
[2026-02-15T22:06:58.206+0000] {manager.py:879} INFO - 
================================================================================
DAG File Processing Stats

File Path                                PID    Runtime      # DAGs    # Errors  Last Runtime    Last Run
---------------------------------------  -----  ---------  --------  ----------  --------------  -------------------
/opt/airflow/dags/sakiga_ds_pipeline.py                           1           0  0.21s           2026-02-15T22:06:58
================================================================================
[2026-02-15T22:07:28.493+0000] {manager.py:879} INFO - 
================================================================================
DAG File Processing Stats

File Path                                PID    Runtime      # DAGs    # Errors  Last Runtime    Last Run
---------------------------------------  -----  ---------  --------  ----------  --------------  -------------------
/opt/airflow/dags/sakiga_ds_pipeline.py                           1           0  0.21s           2026-02-15T22:07:28
================================================================================
[2026-02-15T22:07:58.801+0000] {manager.py:879} INFO - 
================================================================================
DAG File Processing Stats

File Path                                PID    Runtime      # DAGs    # Errors  Last Runtime    Last Run
---------------------------------------  -----  ---------  --------  ----------  --------------  -------------------
/opt/airflow/dags/sakiga_ds_pipeline.py                           1           0  0.21s           2026-02-15T22:07:58
================================================================================
[2026-02-15T22:08:29.125+0000] {manager.py:879} INFO - 
================================================================================
DAG File Processing Stats

File Path                                PID    Runtime      # DAGs    # Errors  Last Runtime    Last Run
---------------------------------------  -----  ---------  --------  ----------  --------------  -------------------
/opt/airflow/dags/sakiga_ds_pipeline.py                           1           0  0.21s           2026-02-15T22:08:29
================================================================================
[2026-02-15T22:08:48.072+0000] {manager.py:738} INFO - Searching for files in /opt/airflow/dags
[2026-02-15T22:08:48.097+0000] {manager.py:741} INFO - There are 1 files in /opt/airflow/dags
[2026-02-15T22:08:59.461+0000] {manager.py:879} INFO - 
================================================================================
DAG File Processing Stats

File Path                                PID    Runtime      # DAGs    # Errors  Last Runtime    Last Run
---------------------------------------  -----  ---------  --------  ----------  --------------  -------------------
/opt/airflow/dags/sakiga_ds_pipeline.py                           1           0  0.21s           2026-02-15T22:08:59
================================================================================
[2026-02-15T22:09:29.780+0000] {manager.py:879} INFO - 
================================================================================
DAG File Processing Stats

File Path                                PID    Runtime      # DAGs    # Errors  Last Runtime    Last Run
---------------------------------------  -----  ---------  --------  ----------  --------------  -------------------
/opt/airflow/dags/sakiga_ds_pipeline.py                           1           0  0.21s           2026-02-15T22:09:29
================================================================================
[2026-02-15T22:10:00.111+0000] {manager.py:879} INFO - 
================================================================================
DAG File Processing Stats

File Path                                PID    Runtime      # DAGs    # Errors  Last Runtime    Last Run
---------------------------------------  -----  ---------  --------  ----------  --------------  -------------------
/opt/airflow/dags/sakiga_ds_pipeline.py                           1           0  0.21s           2026-02-15T22:10:00
================================================================================
[2026-02-15T22:10:30.372+0000] {manager.py:879} INFO - 
================================================================================
DAG File Processing Stats

File Path                                PID    Runtime      # DAGs    # Errors  Last Runtime    Last Run
---------------------------------------  -----  ---------  --------  ----------  --------------  -------------------
/opt/airflow/dags/sakiga_ds_pipeline.py                           1           0  0.21s           2026-02-15T22:10:30
================================================================================
[2026-02-15T22:11:00.695+0000] {manager.py:879} INFO - 
================================================================================
DAG File Processing Stats

File Path                                PID    Runtime      # DAGs    # Errors  Last Runtime    Last Run
---------------------------------------  -----  ---------  --------  ----------  --------------  -------------------
/opt/airflow/dags/sakiga_ds_pipeline.py                           1           0  0.21s           2026-02-15T22:11:00
================================================================================
[2026-02-15T22:11:31.000+0000] {manager.py:879} INFO - 
================================================================================
DAG File Processing Stats

File Path                                PID    Runtime      # DAGs    # Errors  Last Runtime    Last Run
---------------------------------------  -----  ---------  --------  ----------  --------------  -------------------
/opt/airflow/dags/sakiga_ds_pipeline.py                           1           0  0.21s           2026-02-15T22:11:30
================================================================================
[2026-02-15T22:12:01.336+0000] {manager.py:879} INFO - 
================================================================================
DAG File Processing Stats

File Path                                PID    Runtime      # DAGs    # Errors  Last Runtime    Last Run
---------------------------------------  -----  ---------  --------  ----------  --------------  -------------------
/opt/airflow/dags/sakiga_ds_pipeline.py                           1           0  0.21s           2026-02-15T22:12:01
================================================================================
[2026-02-15T22:12:31.626+0000] {manager.py:879} INFO - 
================================================================================
DAG File Processing Stats

File Path                                PID    Runtime      # DAGs    # Errors  Last Runtime    Last Run
---------------------------------------  -----  ---------  --------  ----------  --------------  -------------------
/opt/airflow/dags/sakiga_ds_pipeline.py                           1           0  0.21s           2026-02-15T22:12:31
================================================================================
[2026-02-15T22:13:01.911+0000] {manager.py:879} INFO - 
================================================================================
DAG File Processing Stats

File Path                                PID    Runtime      # DAGs    # Errors  Last Runtime    Last Run
---------------------------------------  -----  ---------  --------  ----------  --------------  -------------------
/opt/airflow/dags/sakiga_ds_pipeline.py                           1           0  0.21s           2026-02-15T22:13:01
================================================================================
[2026-02-15T22:13:32.231+0000] {manager.py:879} INFO - 
================================================================================
DAG File Processing Stats

File Path                                PID    Runtime      # DAGs    # Errors  Last Runtime    Last Run
---------------------------------------  -----  ---------  --------  ----------  --------------  -------------------
/opt/airflow/dags/sakiga_ds_pipeline.py                           1           0  0.21s           2026-02-15T22:13:32
================================================================================
[2026-02-15T22:13:48.317+0000] {manager.py:738} INFO - Searching for files in /opt/airflow/dags
[2026-02-15T22:13:48.362+0000] {manager.py:741} INFO - There are 1 files in /opt/airflow/dags
[2026-02-15T22:14:02.541+0000] {manager.py:879} INFO - 
================================================================================
DAG File Processing Stats

File Path                                PID    Runtime      # DAGs    # Errors  Last Runtime    Last Run
---------------------------------------  -----  ---------  --------  ----------  --------------  -------------------
/opt/airflow/dags/sakiga_ds_pipeline.py                           1           0  0.21s           2026-02-15T22:14:02
================================================================================
[2026-02-15T22:14:32.858+0000] {manager.py:879} INFO - 
================================================================================
DAG File Processing Stats

File Path                                PID    Runtime      # DAGs    # Errors  Last Runtime    Last Run
---------------------------------------  -----  ---------  --------  ----------  --------------  -------------------
/opt/airflow/dags/sakiga_ds_pipeline.py                           1           0  0.21s           2026-02-15T22:14:32
================================================================================
[2026-02-15T22:15:03.163+0000] {manager.py:879} INFO - 
================================================================================
DAG File Processing Stats

File Path                                PID    Runtime      # DAGs    # Errors  Last Runtime    Last Run
---------------------------------------  -----  ---------  --------  ----------  --------------  -------------------
/opt/airflow/dags/sakiga_ds_pipeline.py                           1           0  0.21s           2026-02-15T22:15:03
================================================================================
[2026-02-15T22:15:33.480+0000] {manager.py:879} INFO - 
================================================================================
DAG File Processing Stats

File Path                                PID    Runtime      # DAGs    # Errors  Last Runtime    Last Run
---------------------------------------  -----  ---------  --------  ----------  --------------  -------------------
/opt/airflow/dags/sakiga_ds_pipeline.py                           1           0  0.21s           2026-02-15T22:15:33
================================================================================
[2026-02-15T22:16:03.792+0000] {manager.py:879} INFO - 
================================================================================
DAG File Processing Stats

File Path                                PID    Runtime      # DAGs    # Errors  Last Runtime    Last Run
---------------------------------------  -----  ---------  --------  ----------  --------------  -------------------
/opt/airflow/dags/sakiga_ds_pipeline.py                           1           0  0.21s           2026-02-15T22:16:03
================================================================================
[2026-02-15T22:16:34.120+0000] {manager.py:879} INFO - 
================================================================================
DAG File Processing Stats

File Path                                PID    Runtime      # DAGs    # Errors  Last Runtime    Last Run
---------------------------------------  -----  ---------  --------  ----------  --------------  -------------------
/opt/airflow/dags/sakiga_ds_pipeline.py                           1           0  0.21s           2026-02-15T22:16:34
================================================================================
[2026-02-15T22:17:04.403+0000] {manager.py:879} INFO - 
================================================================================
DAG File Processing Stats

File Path                                PID    Runtime      # DAGs    # Errors  Last Runtime    Last Run
---------------------------------------  -----  ---------  --------  ----------  --------------  -------------------
/opt/airflow/dags/sakiga_ds_pipeline.py                           1           0  0.21s           2026-02-15T22:17:04
================================================================================
[2026-02-15T22:17:34.684+0000] {manager.py:879} INFO - 
================================================================================
DAG File Processing Stats

File Path                                PID    Runtime      # DAGs    # Errors  Last Runtime    Last Run
---------------------------------------  -----  ---------  --------  ----------  --------------  -------------------
/opt/airflow/dags/sakiga_ds_pipeline.py                           1           0  0.21s           2026-02-15T22:17:34
================================================================================
[2026-02-15T22:18:04.972+0000] {manager.py:879} INFO - 
================================================================================
DAG File Processing Stats

File Path                                PID    Runtime      # DAGs    # Errors  Last Runtime    Last Run
---------------------------------------  -----  ---------  --------  ----------  --------------  -------------------
/opt/airflow/dags/sakiga_ds_pipeline.py                           1           0  0.21s           2026-02-15T22:18:04
================================================================================
[2026-02-15T22:18:35.278+0000] {manager.py:879} INFO - 
================================================================================
DAG File Processing Stats

File Path                                PID    Runtime      # DAGs    # Errors  Last Runtime    Last Run
---------------------------------------  -----  ---------  --------  ----------  --------------  -------------------
/opt/airflow/dags/sakiga_ds_pipeline.py                           1           0  0.21s           2026-02-15T22:18:35
================================================================================
[2026-02-15T22:18:48.453+0000] {manager.py:738} INFO - Searching for files in /opt/airflow/dags
[2026-02-15T22:18:48.477+0000] {manager.py:741} INFO - There are 1 files in /opt/airflow/dags
[2026-02-15T22:19:05.596+0000] {manager.py:879} INFO - 
================================================================================
DAG File Processing Stats

File Path                                PID    Runtime      # DAGs    # Errors  Last Runtime    Last Run
---------------------------------------  -----  ---------  --------  ----------  --------------  -------------------
/opt/airflow/dags/sakiga_ds_pipeline.py                           1           0  0.21s           2026-02-15T22:19:05
================================================================================
[2026-02-15T22:19:35.898+0000] {manager.py:879} INFO - 
================================================================================
DAG File Processing Stats

File Path                                PID    Runtime      # DAGs    # Errors  Last Runtime    Last Run
---------------------------------------  -----  ---------  --------  ----------  --------------  -------------------
/opt/airflow/dags/sakiga_ds_pipeline.py                           1           0  0.21s           2026-02-15T22:19:35
================================================================================
[2026-02-15T22:20:06.208+0000] {manager.py:879} INFO - 
================================================================================
DAG File Processing Stats

File Path                                PID    Runtime      # DAGs    # Errors  Last Runtime    Last Run
---------------------------------------  -----  ---------  --------  ----------  --------------  -------------------
/opt/airflow/dags/sakiga_ds_pipeline.py                           1           0  0.21s           2026-02-15T22:20:06
================================================================================
[2026-02-15T22:20:36.532+0000] {manager.py:879} INFO - 
================================================================================
DAG File Processing Stats

File Path                                PID    Runtime      # DAGs    # Errors  Last Runtime    Last Run
---------------------------------------  -----  ---------  --------  ----------  --------------  -------------------
/opt/airflow/dags/sakiga_ds_pipeline.py                           1           0  0.21s           2026-02-15T22:20:36
================================================================================
[2026-02-15T22:21:06.814+0000] {manager.py:879} INFO - 
================================================================================
DAG File Processing Stats

File Path                                PID    Runtime      # DAGs    # Errors  Last Runtime    Last Run
---------------------------------------  -----  ---------  --------  ----------  --------------  -------------------
/opt/airflow/dags/sakiga_ds_pipeline.py                           1           0  0.21s           2026-02-15T22:21:06
================================================================================
[2026-02-15T22:21:37.143+0000] {manager.py:879} INFO - 
================================================================================
DAG File Processing Stats

File Path                                PID    Runtime      # DAGs    # Errors  Last Runtime    Last Run
---------------------------------------  -----  ---------  --------  ----------  --------------  -------------------
/opt/airflow/dags/sakiga_ds_pipeline.py                           1           0  0.21s           2026-02-15T22:21:37
================================================================================
[2026-02-15T22:22:07.438+0000] {manager.py:879} INFO - 
================================================================================
DAG File Processing Stats

File Path                                PID    Runtime      # DAGs    # Errors  Last Runtime    Last Run
---------------------------------------  -----  ---------  --------  ----------  --------------  -------------------
/opt/airflow/dags/sakiga_ds_pipeline.py                           1           0  0.21s           2026-02-15T22:22:07
================================================================================
[2026-02-15T22:22:37.744+0000] {manager.py:879} INFO - 
================================================================================
DAG File Processing Stats

File Path                                PID    Runtime      # DAGs    # Errors  Last Runtime    Last Run
---------------------------------------  -----  ---------  --------  ----------  --------------  -------------------
/opt/airflow/dags/sakiga_ds_pipeline.py                           1           0  0.21s           2026-02-15T22:22:37
================================================================================
[2026-02-15T22:23:08.061+0000] {manager.py:879} INFO - 
================================================================================
DAG File Processing Stats

File Path                                PID    Runtime      # DAGs    # Errors  Last Runtime    Last Run
---------------------------------------  -----  ---------  --------  ----------  --------------  -------------------
/opt/airflow/dags/sakiga_ds_pipeline.py                           1           0  0.21s           2026-02-15T22:23:08
================================================================================
[2026-02-15T22:23:38.368+0000] {manager.py:879} INFO - 
================================================================================
DAG File Processing Stats

File Path                                PID    Runtime      # DAGs    # Errors  Last Runtime    Last Run
---------------------------------------  -----  ---------  --------  ----------  --------------  -------------------
/opt/airflow/dags/sakiga_ds_pipeline.py                           1           0  0.21s           2026-02-15T22:23:38
================================================================================
[2026-02-15T22:23:48.825+0000] {manager.py:738} INFO - Searching for files in /opt/airflow/dags
[2026-02-15T22:23:48.849+0000] {manager.py:741} INFO - There are 1 files in /opt/airflow/dags
[2026-02-15T22:24:08.662+0000] {manager.py:879} INFO - 
================================================================================
DAG File Processing Stats

File Path                                PID    Runtime      # DAGs    # Errors  Last Runtime    Last Run
---------------------------------------  -----  ---------  --------  ----------  --------------  -------------------
/opt/airflow/dags/sakiga_ds_pipeline.py                           1           0  0.21s           2026-02-15T22:24:08
================================================================================
[2026-02-15T22:24:38.957+0000] {manager.py:879} INFO - 
================================================================================
DAG File Processing Stats

File Path                                PID    Runtime      # DAGs    # Errors  Last Runtime    Last Run
---------------------------------------  -----  ---------  --------  ----------  --------------  -------------------
/opt/airflow/dags/sakiga_ds_pipeline.py                           1           0  0.21s           2026-02-15T22:24:38
================================================================================
[2026-02-15T22:25:09.244+0000] {manager.py:879} INFO - 
================================================================================
DAG File Processing Stats

File Path                                PID    Runtime      # DAGs    # Errors  Last Runtime    Last Run
---------------------------------------  -----  ---------  --------  ----------  --------------  -------------------
/opt/airflow/dags/sakiga_ds_pipeline.py                           1           0  0.21s           2026-02-15T22:25:09
================================================================================
[2026-02-15T22:25:39.536+0000] {manager.py:879} INFO - 
================================================================================
DAG File Processing Stats

File Path                                PID    Runtime      # DAGs    # Errors  Last Runtime    Last Run
---------------------------------------  -----  ---------  --------  ----------  --------------  -------------------
/opt/airflow/dags/sakiga_ds_pipeline.py                           1           0  0.21s           2026-02-15T22:25:39
================================================================================
[2026-02-15T22:26:09.836+0000] {manager.py:879} INFO - 
================================================================================
DAG File Processing Stats

File Path                                PID    Runtime      # DAGs    # Errors  Last Runtime    Last Run
---------------------------------------  -----  ---------  --------  ----------  --------------  -------------------
/opt/airflow/dags/sakiga_ds_pipeline.py                           1           0  0.21s           2026-02-15T22:26:09
================================================================================
[2026-02-15T22:26:40.144+0000] {manager.py:879} INFO - 
================================================================================
DAG File Processing Stats

File Path                                PID    Runtime      # DAGs    # Errors  Last Runtime    Last Run
---------------------------------------  -----  ---------  --------  ----------  --------------  -------------------
/opt/airflow/dags/sakiga_ds_pipeline.py                           1           0  0.21s           2026-02-15T22:26:40
================================================================================
[2026-02-15T22:27:10.428+0000] {manager.py:879} INFO - 
================================================================================
DAG File Processing Stats

File Path                                PID    Runtime      # DAGs    # Errors  Last Runtime    Last Run
---------------------------------------  -----  ---------  --------  ----------  --------------  -------------------
/opt/airflow/dags/sakiga_ds_pipeline.py                           1           0  0.21s           2026-02-15T22:27:10
================================================================================
[2026-02-15T22:27:40.733+0000] {manager.py:879} INFO - 
================================================================================
DAG File Processing Stats

File Path                                PID    Runtime      # DAGs    # Errors  Last Runtime    Last Run
---------------------------------------  -----  ---------  --------  ----------  --------------  -------------------
/opt/airflow/dags/sakiga_ds_pipeline.py                           1           0  0.21s           2026-02-15T22:27:40
================================================================================
[2026-02-15T22:28:11.006+0000] {manager.py:879} INFO - 
================================================================================
DAG File Processing Stats

File Path                                PID    Runtime      # DAGs    # Errors  Last Runtime    Last Run
---------------------------------------  -----  ---------  --------  ----------  --------------  -------------------
/opt/airflow/dags/sakiga_ds_pipeline.py                           1           0  0.21s           2026-02-15T22:28:11
================================================================================
[2026-02-15T22:28:41.305+0000] {manager.py:879} INFO - 
================================================================================
DAG File Processing Stats

File Path                                PID    Runtime      # DAGs    # Errors  Last Runtime    Last Run
---------------------------------------  -----  ---------  --------  ----------  --------------  -------------------
/opt/airflow/dags/sakiga_ds_pipeline.py                           1           0  0.21s           2026-02-15T22:28:41
================================================================================
[2026-02-15T22:28:49.495+0000] {manager.py:738} INFO - Searching for files in /opt/airflow/dags
[2026-02-15T22:28:49.520+0000] {manager.py:741} INFO - There are 1 files in /opt/airflow/dags
[2026-02-15T22:29:11.621+0000] {manager.py:879} INFO - 
================================================================================
DAG File Processing Stats

File Path                                PID    Runtime      # DAGs    # Errors  Last Runtime    Last Run
---------------------------------------  -----  ---------  --------  ----------  --------------  -------------------
/opt/airflow/dags/sakiga_ds_pipeline.py                           1           0  0.21s           2026-02-15T22:29:11
================================================================================
[2026-02-15T22:29:41.930+0000] {manager.py:879} INFO - 
================================================================================
DAG File Processing Stats

File Path                                PID    Runtime      # DAGs    # Errors  Last Runtime    Last Run
---------------------------------------  -----  ---------  --------  ----------  --------------  -------------------
/opt/airflow/dags/sakiga_ds_pipeline.py                           1           0  0.21s           2026-02-15T22:29:41
================================================================================
[2026-02-15T22:30:12.278+0000] {manager.py:879} INFO - 
================================================================================
DAG File Processing Stats

File Path                                PID    Runtime      # DAGs    # Errors  Last Runtime    Last Run
---------------------------------------  -----  ---------  --------  ----------  --------------  -------------------
/opt/airflow/dags/sakiga_ds_pipeline.py                           1           0  0.21s           2026-02-15T22:30:12
================================================================================
[2026-02-15T22:30:42.626+0000] {manager.py:879} INFO - 
================================================================================
DAG File Processing Stats

File Path                                PID    Runtime      # DAGs    # Errors  Last Runtime    Last Run
---------------------------------------  -----  ---------  --------  ----------  --------------  -------------------
/opt/airflow/dags/sakiga_ds_pipeline.py                           1           0  0.23s           2026-02-15T22:30:42
================================================================================
[2026-02-15T22:31:13.205+0000] {manager.py:879} INFO - 
================================================================================
DAG File Processing Stats

File Path                                PID    Runtime      # DAGs    # Errors  Last Runtime    Last Run
---------------------------------------  -----  ---------  --------  ----------  --------------  -------------------
/opt/airflow/dags/sakiga_ds_pipeline.py                           1           0  0.31s           2026-02-15T22:31:13
================================================================================
[2026-02-15T22:31:44.506+0000] {manager.py:879} INFO - 
================================================================================
DAG File Processing Stats

File Path                                PID    Runtime      # DAGs    # Errors  Last Runtime    Last Run
---------------------------------------  -----  ---------  --------  ----------  --------------  -------------------
/opt/airflow/dags/sakiga_ds_pipeline.py                           1           0  0.62s           2026-02-15T22:31:44
================================================================================
[2026-02-15T22:32:31.034+0000] {manager.py:879} INFO - 
================================================================================
DAG File Processing Stats

File Path                                PID    Runtime      # DAGs    # Errors  Last Runtime    Last Run
---------------------------------------  -----  ---------  --------  ----------  --------------  -------------------
/opt/airflow/dags/sakiga_ds_pipeline.py                           1           0  0.21s           2026-02-15T22:32:31
================================================================================
[2026-02-15T22:33:46.992+0000] {manager.py:451} INFO - Exiting gracefully upon receiving signal 15
[2026-02-15T22:34:30.257+0000] {manager.py:469} INFO - Processing files using up to 1 processes at a time 
[2026-02-15T22:34:30.259+0000] {manager.py:470} INFO - Process each file at most once every 30 seconds
[2026-02-15T22:34:30.261+0000] {manager.py:471} INFO - Checking for new files in /opt/airflow/dags every 300 seconds
[2026-02-15T22:34:30.263+0000] {manager.py:738} INFO - Searching for files in /opt/airflow/dags
[2026-02-15T22:34:30.903+0000] {manager.py:741} INFO - There are 1 files in /opt/airflow/dags
[2026-02-15T22:34:41.067+0000] {manager.py:879} INFO - 
================================================================================
DAG File Processing Stats

File Path                                PID    Runtime      # DAGs    # Errors  Last Runtime    Last Run
---------------------------------------  -----  ---------  --------  ----------  --------------  -------------------
/opt/airflow/dags/sakiga_ds_pipeline.py                           1           0  4.48s           2026-02-15T22:34:40
================================================================================
[2026-02-15T22:35:12.371+0000] {manager.py:879} INFO - 
================================================================================
DAG File Processing Stats

File Path                                PID    Runtime      # DAGs    # Errors  Last Runtime    Last Run
---------------------------------------  -----  ---------  --------  ----------  --------------  -------------------
/opt/airflow/dags/sakiga_ds_pipeline.py                           1           0  0.21s           2026-02-15T22:35:12
================================================================================
[2026-02-15T22:35:42.721+0000] {manager.py:879} INFO - 
================================================================================
DAG File Processing Stats

File Path                                PID    Runtime      # DAGs    # Errors  Last Runtime    Last Run
---------------------------------------  -----  ---------  --------  ----------  --------------  -------------------
/opt/airflow/dags/sakiga_ds_pipeline.py                           1           0  0.21s           2026-02-15T22:35:42
================================================================================
[2026-02-15T22:36:13.327+0000] {manager.py:879} INFO - 
================================================================================
DAG File Processing Stats

File Path                                PID    Runtime      # DAGs    # Errors  Last Runtime    Last Run
---------------------------------------  -----  ---------  --------  ----------  --------------  -------------------
/opt/airflow/dags/sakiga_ds_pipeline.py                           1           0  0.21s           2026-02-15T22:36:13
================================================================================
[2026-02-15T22:36:43.778+0000] {manager.py:879} INFO - 
================================================================================
DAG File Processing Stats

File Path                                PID    Runtime      # DAGs    # Errors  Last Runtime    Last Run
---------------------------------------  -----  ---------  --------  ----------  --------------  -------------------
/opt/airflow/dags/sakiga_ds_pipeline.py                           1           0  0.21s           2026-02-15T22:36:43
================================================================================
[2026-02-15T22:37:14.652+0000] {manager.py:879} INFO - 
================================================================================
DAG File Processing Stats

File Path                                PID    Runtime      # DAGs    # Errors  Last Runtime    Last Run
---------------------------------------  -----  ---------  --------  ----------  --------------  -------------------
/opt/airflow/dags/sakiga_ds_pipeline.py                           1           0  0.21s           2026-02-15T22:37:14
================================================================================
[2026-02-15T22:37:44.930+0000] {manager.py:879} INFO - 
================================================================================
DAG File Processing Stats

File Path                                PID    Runtime      # DAGs    # Errors  Last Runtime    Last Run
---------------------------------------  -----  ---------  --------  ----------  --------------  -------------------
/opt/airflow/dags/sakiga_ds_pipeline.py                           1           0  0.21s           2026-02-15T22:37:44
================================================================================
[2026-02-15T22:38:15.682+0000] {manager.py:879} INFO - 
================================================================================
DAG File Processing Stats

File Path                                PID    Runtime      # DAGs    # Errors  Last Runtime    Last Run
---------------------------------------  -----  ---------  --------  ----------  --------------  -------------------
/opt/airflow/dags/sakiga_ds_pipeline.py                           1           0  0.23s           2026-02-15T22:38:15
================================================================================
[2026-02-15T22:38:46.199+0000] {manager.py:879} INFO - 
================================================================================
DAG File Processing Stats

File Path                                PID    Runtime      # DAGs    # Errors  Last Runtime    Last Run
---------------------------------------  -----  ---------  --------  ----------  --------------  -------------------
/opt/airflow/dags/sakiga_ds_pipeline.py                           1           0  0.21s           2026-02-15T22:38:46
================================================================================
[2026-02-15T22:39:16.771+0000] {manager.py:879} INFO - 
================================================================================
DAG File Processing Stats

File Path                                PID    Runtime      # DAGs    # Errors  Last Runtime    Last Run
---------------------------------------  -----  ---------  --------  ----------  --------------  -------------------
/opt/airflow/dags/sakiga_ds_pipeline.py                           1           0  0.21s           2026-02-15T22:39:16
================================================================================
[2026-02-15T22:39:30.532+0000] {manager.py:738} INFO - Searching for files in /opt/airflow/dags
[2026-02-15T22:39:30.639+0000] {manager.py:741} INFO - There are 1 files in /opt/airflow/dags
[2026-02-15T22:39:47.316+0000] {manager.py:879} INFO - 
================================================================================
DAG File Processing Stats

File Path                                PID    Runtime      # DAGs    # Errors  Last Runtime    Last Run
---------------------------------------  -----  ---------  --------  ----------  --------------  -------------------
/opt/airflow/dags/sakiga_ds_pipeline.py                           1           0  0.21s           2026-02-15T22:39:47
================================================================================
[2026-02-15T22:40:17.876+0000] {manager.py:879} INFO - 
================================================================================
DAG File Processing Stats

File Path                                PID    Runtime      # DAGs    # Errors  Last Runtime    Last Run
---------------------------------------  -----  ---------  --------  ----------  --------------  -------------------
/opt/airflow/dags/sakiga_ds_pipeline.py                           1           0  0.21s           2026-02-15T22:40:17
================================================================================
[2026-02-15T22:40:48.126+0000] {manager.py:879} INFO - 
================================================================================
DAG File Processing Stats

File Path                                PID    Runtime      # DAGs    # Errors  Last Runtime    Last Run
---------------------------------------  -----  ---------  --------  ----------  --------------  -------------------
/opt/airflow/dags/sakiga_ds_pipeline.py                           1           0  0.21s           2026-02-15T22:40:48
================================================================================
[2026-02-15T22:41:18.533+0000] {manager.py:879} INFO - 
================================================================================
DAG File Processing Stats

File Path                                PID    Runtime      # DAGs    # Errors  Last Runtime    Last Run
---------------------------------------  -----  ---------  --------  ----------  --------------  -------------------
/opt/airflow/dags/sakiga_ds_pipeline.py                           1           0  0.22s           2026-02-15T22:41:18
================================================================================
[2026-02-15T22:41:49.206+0000] {manager.py:879} INFO - 
================================================================================
DAG File Processing Stats

File Path                                PID    Runtime      # DAGs    # Errors  Last Runtime    Last Run
---------------------------------------  -----  ---------  --------  ----------  --------------  -------------------
/opt/airflow/dags/sakiga_ds_pipeline.py                           1           0  0.21s           2026-02-15T22:41:49
================================================================================
[2026-02-15T22:42:19.620+0000] {manager.py:879} INFO - 
================================================================================
DAG File Processing Stats

File Path                                PID    Runtime      # DAGs    # Errors  Last Runtime    Last Run
---------------------------------------  -----  ---------  --------  ----------  --------------  -------------------
/opt/airflow/dags/sakiga_ds_pipeline.py                           1           0  0.21s           2026-02-15T22:42:19
================================================================================
[2026-02-15T22:42:50.141+0000] {manager.py:879} INFO - 
================================================================================
DAG File Processing Stats

File Path                                PID    Runtime      # DAGs    # Errors  Last Runtime    Last Run
---------------------------------------  -----  ---------  --------  ----------  --------------  -------------------
/opt/airflow/dags/sakiga_ds_pipeline.py                           1           0  0.21s           2026-02-15T22:42:50
================================================================================
[2026-02-15T22:43:20.670+0000] {manager.py:879} INFO - 
================================================================================
DAG File Processing Stats

File Path                                PID    Runtime      # DAGs    # Errors  Last Runtime    Last Run
---------------------------------------  -----  ---------  --------  ----------  --------------  -------------------
/opt/airflow/dags/sakiga_ds_pipeline.py                           1           0  0.21s           2026-02-15T22:43:20
================================================================================
[2026-02-15T22:43:51.212+0000] {manager.py:879} INFO - 
================================================================================
DAG File Processing Stats

File Path                                PID    Runtime      # DAGs    # Errors  Last Runtime    Last Run
---------------------------------------  -----  ---------  --------  ----------  --------------  -------------------
/opt/airflow/dags/sakiga_ds_pipeline.py                           1           0  0.21s           2026-02-15T22:43:51
================================================================================
[2026-02-15T22:44:36.246+0000] {manager.py:738} INFO - Searching for files in /opt/airflow/dags
[2026-02-15T22:44:36.275+0000] {manager.py:741} INFO - There are 1 files in /opt/airflow/dags
[2026-02-15T22:44:36.506+0000] {manager.py:879} INFO - 
================================================================================
DAG File Processing Stats

File Path                                PID    Runtime      # DAGs    # Errors  Last Runtime    Last Run
---------------------------------------  -----  ---------  --------  ----------  --------------  -------------------
/opt/airflow/dags/sakiga_ds_pipeline.py                           1           0  0.21s           2026-02-15T22:44:36
================================================================================
[2026-02-15T22:45:38.262+0000] {manager.py:451} INFO - Exiting gracefully upon receiving signal 15
[2026-02-15T22:45:38.759+0000] {manager.py:469} INFO - Processing files using up to 1 processes at a time 
[2026-02-15T22:45:38.761+0000] {manager.py:470} INFO - Process each file at most once every 30 seconds
[2026-02-15T22:45:38.762+0000] {manager.py:471} INFO - Checking for new files in /opt/airflow/dags every 300 seconds
[2026-02-15T22:45:38.764+0000] {manager.py:738} INFO - Searching for files in /opt/airflow/dags
[2026-02-15T22:45:38.812+0000] {manager.py:741} INFO - There are 1 files in /opt/airflow/dags
[2026-02-15T22:45:39.175+0000] {manager.py:879} INFO - 
================================================================================
DAG File Processing Stats

File Path                                PID    Runtime      # DAGs    # Errors  Last Runtime    Last Run
---------------------------------------  -----  ---------  --------  ----------  --------------  -------------------
/opt/airflow/dags/sakiga_ds_pipeline.py                           1           0  0.31s           2026-02-15T22:45:39
================================================================================
[2026-02-15T22:46:09.903+0000] {manager.py:879} INFO - 
================================================================================
DAG File Processing Stats

File Path                                PID    Runtime      # DAGs    # Errors  Last Runtime    Last Run
---------------------------------------  -----  ---------  --------  ----------  --------------  -------------------
/opt/airflow/dags/sakiga_ds_pipeline.py                           1           0  0.21s           2026-02-15T22:46:09
================================================================================
[2026-02-15T22:46:41.264+0000] {manager.py:879} INFO - 
================================================================================
DAG File Processing Stats

File Path                                PID    Runtime      # DAGs    # Errors  Last Runtime    Last Run
---------------------------------------  -----  ---------  --------  ----------  --------------  -------------------
/opt/airflow/dags/sakiga_ds_pipeline.py                           1           0  0.62s           2026-02-15T22:46:41
================================================================================
[2026-02-15T22:47:11.979+0000] {manager.py:879} INFO - 
================================================================================
DAG File Processing Stats

File Path                                PID    Runtime      # DAGs    # Errors  Last Runtime    Last Run
---------------------------------------  -----  ---------  --------  ----------  --------------  -------------------
/opt/airflow/dags/sakiga_ds_pipeline.py                           1           0  0.31s           2026-02-15T22:47:11
================================================================================
[2026-02-15T22:47:42.325+0000] {manager.py:879} INFO - 
================================================================================
DAG File Processing Stats

File Path                                PID    Runtime      # DAGs    # Errors  Last Runtime    Last Run
---------------------------------------  -----  ---------  --------  ----------  --------------  -------------------
/opt/airflow/dags/sakiga_ds_pipeline.py                           1           0  0.21s           2026-02-15T22:47:42
================================================================================
[2026-02-15T22:48:12.733+0000] {manager.py:879} INFO - 
================================================================================
DAG File Processing Stats

File Path                                PID    Runtime      # DAGs    # Errors  Last Runtime    Last Run
---------------------------------------  -----  ---------  --------  ----------  --------------  -------------------
/opt/airflow/dags/sakiga_ds_pipeline.py                           1           0  0.21s           2026-02-15T22:48:12
================================================================================
[2026-02-15T22:48:43.101+0000] {manager.py:879} INFO - 
================================================================================
DAG File Processing Stats

File Path                                PID    Runtime      # DAGs    # Errors  Last Runtime    Last Run
---------------------------------------  -----  ---------  --------  ----------  --------------  -------------------
/opt/airflow/dags/sakiga_ds_pipeline.py                           1           0  0.21s           2026-02-15T22:48:43
================================================================================
[2026-02-15T22:49:13.508+0000] {manager.py:879} INFO - 
================================================================================
DAG File Processing Stats

File Path                                PID    Runtime      # DAGs    # Errors  Last Runtime    Last Run
---------------------------------------  -----  ---------  --------  ----------  --------------  -------------------
/opt/airflow/dags/sakiga_ds_pipeline.py                           1           0  0.21s           2026-02-15T22:49:13
================================================================================
[2026-02-15T22:49:43.967+0000] {manager.py:879} INFO - 
================================================================================
DAG File Processing Stats

File Path                                PID    Runtime      # DAGs    # Errors  Last Runtime    Last Run
---------------------------------------  -----  ---------  --------  ----------  --------------  -------------------
/opt/airflow/dags/sakiga_ds_pipeline.py                           1           0  0.21s           2026-02-15T22:49:43
================================================================================
[2026-02-15T22:50:14.353+0000] {manager.py:879} INFO - 
================================================================================
DAG File Processing Stats

File Path                                PID    Runtime      # DAGs    # Errors  Last Runtime    Last Run
---------------------------------------  -----  ---------  --------  ----------  --------------  -------------------
/opt/airflow/dags/sakiga_ds_pipeline.py                           1           0  0.21s           2026-02-15T22:50:14
================================================================================
[2026-02-15T22:50:38.868+0000] {manager.py:738} INFO - Searching for files in /opt/airflow/dags
[2026-02-15T22:50:38.923+0000] {manager.py:741} INFO - There are 1 files in /opt/airflow/dags
[2026-02-15T22:50:44.705+0000] {manager.py:879} INFO - 
================================================================================
DAG File Processing Stats

File Path                                PID    Runtime      # DAGs    # Errors  Last Runtime    Last Run
---------------------------------------  -----  ---------  --------  ----------  --------------  -------------------
/opt/airflow/dags/sakiga_ds_pipeline.py                           1           0  0.21s           2026-02-15T22:50:44
================================================================================
[2026-02-15T22:51:15.076+0000] {manager.py:879} INFO - 
================================================================================
DAG File Processing Stats

File Path                                PID    Runtime      # DAGs    # Errors  Last Runtime    Last Run
---------------------------------------  -----  ---------  --------  ----------  --------------  -------------------
/opt/airflow/dags/sakiga_ds_pipeline.py                           1           0  0.21s           2026-02-15T22:51:15
================================================================================
[2026-02-15T22:51:45.413+0000] {manager.py:879} INFO - 
================================================================================
DAG File Processing Stats

File Path                                PID    Runtime      # DAGs    # Errors  Last Runtime    Last Run
---------------------------------------  -----  ---------  --------  ----------  --------------  -------------------
/opt/airflow/dags/sakiga_ds_pipeline.py                           1           0  0.21s           2026-02-15T22:51:45
================================================================================
[2026-02-15T22:52:15.742+0000] {manager.py:879} INFO - 
================================================================================
DAG File Processing Stats

File Path                                PID    Runtime      # DAGs    # Errors  Last Runtime    Last Run
---------------------------------------  -----  ---------  --------  ----------  --------------  -------------------
/opt/airflow/dags/sakiga_ds_pipeline.py                           1           0  0.21s           2026-02-15T22:52:15
================================================================================
[2026-02-15T22:52:46.083+0000] {manager.py:879} INFO - 
================================================================================
DAG File Processing Stats

File Path                                PID    Runtime      # DAGs    # Errors  Last Runtime    Last Run
---------------------------------------  -----  ---------  --------  ----------  --------------  -------------------
/opt/airflow/dags/sakiga_ds_pipeline.py                           1           0  0.21s           2026-02-15T22:52:46
================================================================================
[2026-02-15T22:53:16.417+0000] {manager.py:879} INFO - 
================================================================================
DAG File Processing Stats

File Path                                PID    Runtime      # DAGs    # Errors  Last Runtime    Last Run
---------------------------------------  -----  ---------  --------  ----------  --------------  -------------------
/opt/airflow/dags/sakiga_ds_pipeline.py                           1           0  0.21s           2026-02-15T22:53:16
================================================================================
[2026-02-15T22:53:46.763+0000] {manager.py:879} INFO - 
================================================================================
DAG File Processing Stats

File Path                                PID    Runtime      # DAGs    # Errors  Last Runtime    Last Run
---------------------------------------  -----  ---------  --------  ----------  --------------  -------------------
/opt/airflow/dags/sakiga_ds_pipeline.py                           1           0  0.21s           2026-02-15T22:53:46
================================================================================
[2026-02-15T22:54:17.131+0000] {manager.py:879} INFO - 
================================================================================
DAG File Processing Stats

File Path                                PID    Runtime      # DAGs    # Errors  Last Runtime    Last Run
---------------------------------------  -----  ---------  --------  ----------  --------------  -------------------
/opt/airflow/dags/sakiga_ds_pipeline.py                           1           0  0.21s           2026-02-15T22:54:17
================================================================================
[2026-02-15T22:54:47.446+0000] {manager.py:879} INFO - 
================================================================================
DAG File Processing Stats

File Path                                PID    Runtime      # DAGs    # Errors  Last Runtime    Last Run
---------------------------------------  -----  ---------  --------  ----------  --------------  -------------------
/opt/airflow/dags/sakiga_ds_pipeline.py                           1           0  0.21s           2026-02-15T22:54:47
================================================================================
[2026-02-15T22:55:17.738+0000] {manager.py:879} INFO - 
================================================================================
DAG File Processing Stats

File Path                                PID    Runtime      # DAGs    # Errors  Last Runtime    Last Run
---------------------------------------  -----  ---------  --------  ----------  --------------  -------------------
/opt/airflow/dags/sakiga_ds_pipeline.py                           1           0  0.21s           2026-02-15T22:55:17
================================================================================
[2026-02-15T22:55:39.104+0000] {manager.py:738} INFO - Searching for files in /opt/airflow/dags
[2026-02-15T22:55:39.202+0000] {manager.py:741} INFO - There are 1 files in /opt/airflow/dags
[2026-02-15T22:55:48.044+0000] {manager.py:879} INFO - 
================================================================================
DAG File Processing Stats

File Path                                PID    Runtime      # DAGs    # Errors  Last Runtime    Last Run
---------------------------------------  -----  ---------  --------  ----------  --------------  -------------------
/opt/airflow/dags/sakiga_ds_pipeline.py                           1           0  0.21s           2026-02-15T22:55:48
================================================================================
[2026-02-15T22:56:18.368+0000] {manager.py:879} INFO - 
================================================================================
DAG File Processing Stats

File Path                                PID    Runtime      # DAGs    # Errors  Last Runtime    Last Run
---------------------------------------  -----  ---------  --------  ----------  --------------  -------------------
/opt/airflow/dags/sakiga_ds_pipeline.py                           1           0  0.21s           2026-02-15T22:56:18
================================================================================
[2026-02-15T22:56:48.697+0000] {manager.py:879} INFO - 
================================================================================
DAG File Processing Stats

File Path                                PID    Runtime      # DAGs    # Errors  Last Runtime    Last Run
---------------------------------------  -----  ---------  --------  ----------  --------------  -------------------
/opt/airflow/dags/sakiga_ds_pipeline.py                           1           0  0.22s           2026-02-15T22:56:48
================================================================================
[2026-02-15T22:57:19.035+0000] {manager.py:879} INFO - 
================================================================================
DAG File Processing Stats

File Path                                PID    Runtime      # DAGs    # Errors  Last Runtime    Last Run
---------------------------------------  -----  ---------  --------  ----------  --------------  -------------------
/opt/airflow/dags/sakiga_ds_pipeline.py                           1           0  0.21s           2026-02-15T22:57:19
================================================================================
[2026-02-15T22:57:49.372+0000] {manager.py:879} INFO - 
================================================================================
DAG File Processing Stats

File Path                                PID    Runtime      # DAGs    # Errors  Last Runtime    Last Run
---------------------------------------  -----  ---------  --------  ----------  --------------  -------------------
/opt/airflow/dags/sakiga_ds_pipeline.py                           1           0  0.21s           2026-02-15T22:57:49
================================================================================
[2026-02-15T22:58:19.709+0000] {manager.py:879} INFO - 
================================================================================
DAG File Processing Stats

File Path                                PID    Runtime      # DAGs    # Errors  Last Runtime    Last Run
---------------------------------------  -----  ---------  --------  ----------  --------------  -------------------
/opt/airflow/dags/sakiga_ds_pipeline.py                           1           0  0.22s           2026-02-15T22:58:19
================================================================================
[2026-02-15T22:58:50.131+0000] {manager.py:879} INFO - 
================================================================================
DAG File Processing Stats

File Path                                PID    Runtime      # DAGs    # Errors  Last Runtime    Last Run
---------------------------------------  -----  ---------  --------  ----------  --------------  -------------------
/opt/airflow/dags/sakiga_ds_pipeline.py                           1           0  0.30s           2026-02-15T22:58:50
================================================================================
[2026-02-15T22:59:20.480+0000] {manager.py:879} INFO - 
================================================================================
DAG File Processing Stats

File Path                                PID    Runtime      # DAGs    # Errors  Last Runtime    Last Run
---------------------------------------  -----  ---------  --------  ----------  --------------  -------------------
/opt/airflow/dags/sakiga_ds_pipeline.py                           1           0  0.21s           2026-02-15T22:59:20
================================================================================
[2026-02-15T22:59:50.778+0000] {manager.py:879} INFO - 
================================================================================
DAG File Processing Stats

File Path                                PID    Runtime      # DAGs    # Errors  Last Runtime    Last Run
---------------------------------------  -----  ---------  --------  ----------  --------------  -------------------
/opt/airflow/dags/sakiga_ds_pipeline.py                           1           0  0.21s           2026-02-15T22:59:50
================================================================================
[2026-02-15T23:00:21.114+0000] {manager.py:879} INFO - 
================================================================================
DAG File Processing Stats

File Path                                PID    Runtime      # DAGs    # Errors  Last Runtime    Last Run
---------------------------------------  -----  ---------  --------  ----------  --------------  -------------------
/opt/airflow/dags/sakiga_ds_pipeline.py                           1           0  0.31s           2026-02-15T23:00:21
================================================================================
[2026-02-15T23:00:39.478+0000] {manager.py:738} INFO - Searching for files in /opt/airflow/dags
[2026-02-15T23:00:39.515+0000] {manager.py:741} INFO - There are 1 files in /opt/airflow/dags
[2026-02-15T23:00:51.565+0000] {manager.py:879} INFO - 
================================================================================
DAG File Processing Stats

File Path                                PID    Runtime      # DAGs    # Errors  Last Runtime    Last Run
---------------------------------------  -----  ---------  --------  ----------  --------------  -------------------
/opt/airflow/dags/sakiga_ds_pipeline.py                           1           0  0.33s           2026-02-15T23:00:51
================================================================================
[2026-02-15T23:01:21.887+0000] {manager.py:879} INFO - 
================================================================================
DAG File Processing Stats

File Path                                PID    Runtime      # DAGs    # Errors  Last Runtime    Last Run
---------------------------------------  -----  ---------  --------  ----------  --------------  -------------------
/opt/airflow/dags/sakiga_ds_pipeline.py                           1           0  0.21s           2026-02-15T23:01:21
================================================================================
[2026-02-15T23:01:52.201+0000] {manager.py:879} INFO - 
================================================================================
DAG File Processing Stats

File Path                                PID    Runtime      # DAGs    # Errors  Last Runtime    Last Run
---------------------------------------  -----  ---------  --------  ----------  --------------  -------------------
/opt/airflow/dags/sakiga_ds_pipeline.py                           1           0  0.21s           2026-02-15T23:01:52
================================================================================
[2026-02-15T23:02:22.488+0000] {manager.py:879} INFO - 
================================================================================
DAG File Processing Stats

File Path                                PID    Runtime      # DAGs    # Errors  Last Runtime    Last Run
---------------------------------------  -----  ---------  --------  ----------  --------------  -------------------
/opt/airflow/dags/sakiga_ds_pipeline.py                           1           0  0.21s           2026-02-15T23:02:22
================================================================================
[2026-02-15T23:02:52.805+0000] {manager.py:879} INFO - 
================================================================================
DAG File Processing Stats

File Path                                PID    Runtime      # DAGs    # Errors  Last Runtime    Last Run
---------------------------------------  -----  ---------  --------  ----------  --------------  -------------------
/opt/airflow/dags/sakiga_ds_pipeline.py                           1           0  0.21s           2026-02-15T23:02:52
================================================================================
[2026-02-15T23:03:23.113+0000] {manager.py:879} INFO - 
================================================================================
DAG File Processing Stats

File Path                                PID    Runtime      # DAGs    # Errors  Last Runtime    Last Run
---------------------------------------  -----  ---------  --------  ----------  --------------  -------------------
/opt/airflow/dags/sakiga_ds_pipeline.py                           1           0  0.21s           2026-02-15T23:03:23
================================================================================
[2026-02-15T23:03:53.433+0000] {manager.py:879} INFO - 
================================================================================
DAG File Processing Stats

File Path                                PID    Runtime      # DAGs    # Errors  Last Runtime    Last Run
---------------------------------------  -----  ---------  --------  ----------  --------------  -------------------
/opt/airflow/dags/sakiga_ds_pipeline.py                           1           0  0.21s           2026-02-15T23:03:53
================================================================================
[2026-02-15T23:04:23.750+0000] {manager.py:879} INFO - 
================================================================================
DAG File Processing Stats

File Path                                PID    Runtime      # DAGs    # Errors  Last Runtime    Last Run
---------------------------------------  -----  ---------  --------  ----------  --------------  -------------------
/opt/airflow/dags/sakiga_ds_pipeline.py                           1           0  0.21s           2026-02-15T23:04:23
================================================================================
[2026-02-15T23:04:54.044+0000] {manager.py:879} INFO - 
================================================================================
DAG File Processing Stats

File Path                                PID    Runtime      # DAGs    # Errors  Last Runtime    Last Run
---------------------------------------  -----  ---------  --------  ----------  --------------  -------------------
/opt/airflow/dags/sakiga_ds_pipeline.py                           1           0  0.21s           2026-02-15T23:04:54
================================================================================
[2026-02-15T23:05:24.989+0000] {manager.py:879} INFO - 
================================================================================
DAG File Processing Stats

File Path                                PID    Runtime      # DAGs    # Errors  Last Runtime    Last Run
---------------------------------------  -----  ---------  --------  ----------  --------------  -------------------
/opt/airflow/dags/sakiga_ds_pipeline.py                           1           0  0.84s           2026-02-15T23:05:24
================================================================================
[2026-02-15T23:05:39.712+0000] {manager.py:738} INFO - Searching for files in /opt/airflow/dags
[2026-02-15T23:05:39.733+0000] {manager.py:741} INFO - There are 1 files in /opt/airflow/dags
[2026-02-15T23:05:55.342+0000] {manager.py:879} INFO - 
================================================================================
DAG File Processing Stats

File Path                                PID    Runtime      # DAGs    # Errors  Last Runtime    Last Run
---------------------------------------  -----  ---------  --------  ----------  --------------  -------------------
/opt/airflow/dags/sakiga_ds_pipeline.py                           1           0  0.21s           2026-02-15T23:05:55
================================================================================
[2026-02-15T23:06:25.627+0000] {manager.py:879} INFO - 
================================================================================
DAG File Processing Stats

File Path                                PID    Runtime      # DAGs    # Errors  Last Runtime    Last Run
---------------------------------------  -----  ---------  --------  ----------  --------------  -------------------
/opt/airflow/dags/sakiga_ds_pipeline.py                           1           0  0.21s           2026-02-15T23:06:25
================================================================================
[2026-02-15T23:06:55.966+0000] {manager.py:879} INFO - 
================================================================================
DAG File Processing Stats

File Path                                PID    Runtime      # DAGs    # Errors  Last Runtime    Last Run
---------------------------------------  -----  ---------  --------  ----------  --------------  -------------------
/opt/airflow/dags/sakiga_ds_pipeline.py                           1           0  0.21s           2026-02-15T23:06:55
================================================================================
[2026-02-15T23:07:26.356+0000] {manager.py:879} INFO - 
================================================================================
DAG File Processing Stats

File Path                                PID    Runtime      # DAGs    # Errors  Last Runtime    Last Run
---------------------------------------  -----  ---------  --------  ----------  --------------  -------------------
/opt/airflow/dags/sakiga_ds_pipeline.py                           1           0  0.31s           2026-02-15T23:07:26
================================================================================
[2026-02-15T23:07:56.666+0000] {manager.py:879} INFO - 
================================================================================
DAG File Processing Stats

File Path                                PID    Runtime      # DAGs    # Errors  Last Runtime    Last Run
---------------------------------------  -----  ---------  --------  ----------  --------------  -------------------
/opt/airflow/dags/sakiga_ds_pipeline.py                           1           0  0.21s           2026-02-15T23:07:56
================================================================================
[2026-02-15T23:08:27.050+0000] {manager.py:879} INFO - 
================================================================================
DAG File Processing Stats

File Path                                PID    Runtime      # DAGs    # Errors  Last Runtime    Last Run
---------------------------------------  -----  ---------  --------  ----------  --------------  -------------------
/opt/airflow/dags/sakiga_ds_pipeline.py                           1           0  0.31s           2026-02-15T23:08:27
================================================================================
[2026-02-15T23:08:57.464+0000] {manager.py:879} INFO - 
================================================================================
DAG File Processing Stats

File Path                                PID    Runtime      # DAGs    # Errors  Last Runtime    Last Run
---------------------------------------  -----  ---------  --------  ----------  --------------  -------------------
/opt/airflow/dags/sakiga_ds_pipeline.py                           1           0  0.31s           2026-02-15T23:08:57
================================================================================
[2026-02-15T23:09:27.851+0000] {manager.py:879} INFO - 
================================================================================
DAG File Processing Stats

File Path                                PID    Runtime      # DAGs    # Errors  Last Runtime    Last Run
---------------------------------------  -----  ---------  --------  ----------  --------------  -------------------
/opt/airflow/dags/sakiga_ds_pipeline.py                           1           0  0.31s           2026-02-15T23:09:27
================================================================================
[2026-02-15T23:09:58.155+0000] {manager.py:879} INFO - 
================================================================================
DAG File Processing Stats

File Path                                PID    Runtime      # DAGs    # Errors  Last Runtime    Last Run
---------------------------------------  -----  ---------  --------  ----------  --------------  -------------------
/opt/airflow/dags/sakiga_ds_pipeline.py                           1           0  0.21s           2026-02-15T23:09:58
================================================================================
[2026-02-15T23:10:28.439+0000] {manager.py:879} INFO - 
================================================================================
DAG File Processing Stats

File Path                                PID    Runtime      # DAGs    # Errors  Last Runtime    Last Run
---------------------------------------  -----  ---------  --------  ----------  --------------  -------------------
/opt/airflow/dags/sakiga_ds_pipeline.py                           1           0  0.21s           2026-02-15T23:10:28
================================================================================
[2026-02-15T23:10:39.852+0000] {manager.py:738} INFO - Searching for files in /opt/airflow/dags
[2026-02-15T23:10:39.916+0000] {manager.py:741} INFO - There are 1 files in /opt/airflow/dags
[2026-02-15T23:10:58.862+0000] {manager.py:879} INFO - 
================================================================================
DAG File Processing Stats

File Path                                PID    Runtime      # DAGs    # Errors  Last Runtime    Last Run
---------------------------------------  -----  ---------  --------  ----------  --------------  -------------------
/opt/airflow/dags/sakiga_ds_pipeline.py                           1           0  0.31s           2026-02-15T23:10:58
================================================================================
[2026-02-15T23:11:29.201+0000] {manager.py:879} INFO - 
================================================================================
DAG File Processing Stats

File Path                                PID    Runtime      # DAGs    # Errors  Last Runtime    Last Run
---------------------------------------  -----  ---------  --------  ----------  --------------  -------------------
/opt/airflow/dags/sakiga_ds_pipeline.py                           1           0  0.22s           2026-02-15T23:11:29
================================================================================
[2026-02-15T23:11:59.490+0000] {manager.py:879} INFO - 
================================================================================
DAG File Processing Stats

File Path                                PID    Runtime      # DAGs    # Errors  Last Runtime    Last Run
---------------------------------------  -----  ---------  --------  ----------  --------------  -------------------
/opt/airflow/dags/sakiga_ds_pipeline.py                           1           0  0.21s           2026-02-15T23:11:59
================================================================================
[2026-02-15T23:12:30.024+0000] {manager.py:879} INFO - 
================================================================================
DAG File Processing Stats

File Path                                PID    Runtime      # DAGs    # Errors  Last Runtime    Last Run
---------------------------------------  -----  ---------  --------  ----------  --------------  -------------------
/opt/airflow/dags/sakiga_ds_pipeline.py                           1           0  0.41s           2026-02-15T23:12:30
================================================================================
[2026-02-15T23:13:00.395+0000] {manager.py:879} INFO - 
================================================================================
DAG File Processing Stats

File Path                                PID    Runtime      # DAGs    # Errors  Last Runtime    Last Run
---------------------------------------  -----  ---------  --------  ----------  --------------  -------------------
/opt/airflow/dags/sakiga_ds_pipeline.py                           1           0  0.21s           2026-02-15T23:13:00
================================================================================
[2026-02-15T23:13:30.680+0000] {manager.py:879} INFO - 
================================================================================
DAG File Processing Stats

File Path                                PID    Runtime      # DAGs    # Errors  Last Runtime    Last Run
---------------------------------------  -----  ---------  --------  ----------  --------------  -------------------
/opt/airflow/dags/sakiga_ds_pipeline.py                           1           0  0.21s           2026-02-15T23:13:30
================================================================================
[2026-02-15T23:14:00.961+0000] {manager.py:879} INFO - 
================================================================================
DAG File Processing Stats

File Path                                PID    Runtime      # DAGs    # Errors  Last Runtime    Last Run
---------------------------------------  -----  ---------  --------  ----------  --------------  -------------------
/opt/airflow/dags/sakiga_ds_pipeline.py                           1           0  0.21s           2026-02-15T23:14:00
================================================================================
[2026-02-15T23:14:32.255+0000] {manager.py:879} INFO - 
================================================================================
DAG File Processing Stats

File Path                                PID    Runtime      # DAGs    # Errors  Last Runtime    Last Run
---------------------------------------  -----  ---------  --------  ----------  --------------  -------------------
/opt/airflow/dags/sakiga_ds_pipeline.py                           1           0  1.21s           2026-02-15T23:14:32
================================================================================
[2026-02-15T23:15:02.592+0000] {manager.py:879} INFO - 
================================================================================
DAG File Processing Stats

File Path                                PID    Runtime      # DAGs    # Errors  Last Runtime    Last Run
---------------------------------------  -----  ---------  --------  ----------  --------------  -------------------
/opt/airflow/dags/sakiga_ds_pipeline.py                           1           0  0.21s           2026-02-15T23:15:02
================================================================================
[2026-02-15T23:15:52.448+0000] {manager.py:738} INFO - Searching for files in /opt/airflow/dags
[2026-02-15T23:15:52.475+0000] {manager.py:741} INFO - There are 1 files in /opt/airflow/dags
[2026-02-15T23:15:53.411+0000] {manager.py:879} INFO - 
================================================================================
DAG File Processing Stats

File Path                                PID    Runtime      # DAGs    # Errors  Last Runtime    Last Run
---------------------------------------  -----  ---------  --------  ----------  --------------  -------------------
/opt/airflow/dags/sakiga_ds_pipeline.py                           1           0  0.91s           2026-02-15T23:15:53
================================================================================
