id;gender;masterCategory;subCategory;articleType;baseColour;season;year;usage;productDisplayName;filename;link;gender_group
59975;Women;Apparel;Dress;Dresses;Black;Fall;2012;Casual;Avirate Black & Purple Dress;59975.jpg;http://assets.myntassets.com/v1/images/style/properties/Avirate-Black---Purple-Dress_f957a7507df7b5ca858ca99770717c93_images.jpg;WOMEN
34935;Women;Apparel;Topwear;Dupatta;Purple;Summer;2012;Ethnic;Fabindia Purple Dupatta;34935.jpg;http://assets.myntassets.com/v1/images/style/properties/7a385798c94d7a667ba69224c0803897_images.jpg;WOMEN
22233;Men;Accessories;Shoe Accessories;Shoe Accessories;Black;Fall;2012;;Timberland Men Black Shoe Laces;22233.jpg;http://assets.myntassets.com/v1/images/style/properties/Timberland-Men-Black-Shoe-Accessories_ac619c70bf0d495ae2978178595647ac_images.jpg;MEN
19491;Men;Apparel;Innerwear;Trunk;Green;Summer;2016;Casual;Levis Men Jazz Stripes Green Trunks;19491.jpg;http://assets.myntassets.com/v1/images/style/properties/5f6d34b8c14985fc65c9a5522ccd762f_images.jpg;MEN
59568;Men;Accessories;Cufflinks;Cufflinks;Steel;Summer;2012;Casual;Revv Men Black Cufflinks;59568.jpg;http://assets.myntassets.com/v1/images/style/properties/Revv-Men-Black-Cufflinks_6ba78bcf9f117fac040fc16337f05231_images.jpg;MEN
13469;Men;Apparel;Topwear;Tshirts;Pink;Fall;2011;Casual;United Colors of Benetton Men Printed Pink Tops;13469.jpg;http://assets.myntassets.com/v1/images/style/properties/b196a5478adf63e891da00e7cf930358_images.jpg;MEN
54742;Men;Footwear;Shoes;Casual Shoes;Brown;Summer;2012;Casual;Vans Men Brown Shoes;54742.jpg;http://assets.myntassets.com/v1/images/style/properties/Vans-Men-Brown-Zapato-Del-Barco-Shoes_9ea6a3994edcef75b8dfad3017fa6d82_images.jpg;MEN
37131;Men;Apparel;Topwear;Shirts;Lavender;Summer;2012;Formal;Wills Lifestyle Men Striped Lavender Shirt;37131.jpg;http://assets.myntassets.com/v1/images/style/properties/3dd3f649c8bbb316430e98b75ac5e58e_images.jpg;MEN
57961;Women;Apparel;Saree;Sarees;Black;Fall;2012;Ethnic;Prafful Women Black & Grren Sari;57961.jpg;http://assets.myntassets.com/v1/images/style/properties/Prafful-Women-Multi-Coloured-Sari_82607f83f133913af4167094b5354247_images.jpg;WOMEN
46185;Women;Accessories;Jewellery;Jewellery Set;Multi;Winter;2015;Casual;Adrika  Multi Coloured Teracotta Jewellery Set;46185.jpg;http://assets.myntassets.com/v1/images/style/properties/e23ea1b706b27c013accbea12a21a58f_images.jpg;WOMEN
44223;Men;Apparel;Topwear;Tshirts;Black;Summer;2012;Casual;Nike Men Black Football T-shirt;44223.jpg;http://assets.myntassets.com/v1/images/style/properties/f79e80ac53f1ddb6008310d19c7b61c2_images.jpg;MEN
42313;Women;Apparel;Saree;Sarees;Beige;Summer;2010;Ethnic;Prafful Belge & Red Crepe Printed Saree;42313.jpg;http://assets.myntassets.com/v1/images/style/properties/1f94f40cbe6bd1cd3a1df0049c9e7c16_images.jpg;WOMEN
4456;Men;Apparel;Topwear;Tshirts;White;Summer;2011;Sports;Nike Men's Kobe Epic White T-shirt;4456.jpg;http://assets.myntassets.com/v1/images/style/properties/4d07f0ca4a5ea2293fdb80ca2c87a0f9_images.jpg;MEN
57860;Women;Personal Care;Skin Care;Toner;Green;Spring;2017;;Biotique Bio Cucumber Pore Tightening Freshener;57860.jpg;http://assets.myntassets.com/v1/images/style/properties/Biotique-Bio-Cucumber-Pore-Tightening-Freshener_15956de9bb5283d98843a581242c800d_images.jpg;WOMEN
12625;Men;Apparel;Topwear;Tshirts;Orange;Fall;2011;Casual;Probase Men Printed Orange Tshirts;12625.jpg;http://assets.myntassets.com/v1/images/style/properties/3ecb04a852fe3408812fd029b74faf3b_images.jpg;MEN
54976;Women;Apparel;Dress;Dresses;Pink;Summer;2012;Casual;Femella Women Pink Dress;54976.jpg;http://assets.myntassets.com/v1/images/style/properties/Femella-Women-Multi-Coloured-Dress_f927f3fcdc8a626f621374a272b99b17_images.jpg;WOMEN
48089;Women;Apparel;Topwear;Tops;Burgundy;Summer;2012;Casual;French Connection Women Burgundy Top;48089.jpg;http://assets.myntassets.com/v1/images/style/properties/432cf98d81c0d1041f0e97d243c2442a_images.jpg;WOMEN
53914;Women;Accessories;Bags;Handbags;White;Summer;2012;Casual;Kiara Women White Handbag;53914.jpg;http://assets.myntassets.com/v1/images/style/properties/KIARA-Women-White-Handbag_96b347d3aa53bcce0daca0b46fccfd27_images.jpg;WOMEN
22228;Women;Apparel;Topwear;Tshirts;Yellow;Fall;2011;Casual;Little Miss Women Sunshine Yellow T-shirt;22228.jpg;http://assets.myntassets.com/v1/images/style/properties/bcc29aa88b5c750e19b6ce6184cca1f6_images.jpg;WOMEN
3062;Men;Apparel;Topwear;Tshirts;Blue;Summer;2011;Casual;Tantra Men's Vegetarian Blue T-shirt;3062.jpg;http://assets.myntassets.com/v1/images/style/properties/a0a103cd4e88eb72695791e772b65c1f_images.jpg;MEN
53520;Women;Apparel;Innerwear;Bra;Black;Winter;2015;Casual;Amante Black Full-Coverage Lace Bra BGBR11;53520.jpg;http://assets.myntassets.com/v1/images/style/properties/Amante-Black-Bra_4dcfbcc6bc05dbff60ef3f00a575b4eb_images.jpg;WOMEN
28384;Men;Accessories;Eyewear;Sunglasses;Black;Winter;2016;Casual;Idee Men Black Sunglasses;28384.jpg;http://assets.myntassets.com/v1/images/style/properties/IDEE-Men-Black-Sunglasses85f318933db873ac18b44b4c6574fea5_images.jpg;MEN
30760;Men;Apparel;Topwear;Kurtas;Red;Summer;2012;Ethnic;Fabindia Men Printed Red Kurta;30760.jpg;http://assets.myntassets.com/v1/images/style/properties/ff45a83d1f9108d1e380a9541bcb16fb_images.jpg;MEN
19812;Men;Apparel;Topwear;Sweatshirts;Navy Blue;Fall;2011;Casual;U.S. Polo Assn. Men Solid Navy Blue Sweatshirt;19812.jpg;http://assets.myntassets.com/v1/images/style/properties/59099d2419bae5e05b13cc1c793efba7_images.jpg;MEN
36459;Men;Footwear;Shoes;Sports Shoes;White;Spring;2013;Sports;Spinn Men Texan White Sports Shoes;36459.jpg;http://assets.myntassets.com/v1/images/style/properties/c2182402de46d750c38fd759dd564d4a_images.jpg;MEN
3859;Men;Apparel;Topwear;Tshirts;White;Summer;2011;Casual;Ed Hardy Men's White Skull Rider T-shirt;3859.jpg;http://assets.myntassets.com/v1/images/style/properties/51653d50022db81cbc6133ad171c4efb_images.jpg;MEN
39869;Women;Footwear;Shoes;Heels;Grey;Spring;2013;Casual;Catwalk Women Grey & Blue Flats;39869.jpg;http://assets.myntassets.com/v1/images/style/properties/79d4c1a3f9f0c79934b8cb929e5875c0_images.jpg;WOMEN
56314;Women;Accessories;Watches;Watches;Red;Winter;2016;Casual;Fastrack Women Red Dial Watch;56314.jpg;http://assets.myntassets.com/v1/images/style/properties/Fastrack-Women-Red-Dial-Watch_d96b70f17c56abd101e81a2b37c7771e_images.jpg;WOMEN
4656;Women;Footwear;Sandal;Sports Sandals;Black;Summer;2011;Casual;ADIDAS Women Receptor Grey Black Sandals;4656.jpg;http://assets.myntassets.com/v1/images/style/properties/db94c2679255b7b9feecc0941f111ccf_images.jpg;WOMEN
11275;Men;Apparel;Bottomwear;Track Pants;Black;Fall;2011;Sports;Nike Men Crickt Black Track Pants;11275.jpg;http://assets.myntassets.com/v1/images/style/properties/2dba7927343efe1070bbe8d666746a31_images.jpg;MEN
3895;Girls;Apparel;Topwear;Tshirts;White;Summer;2011;Casual;Disney Kids Girl's White Minnie With Pink Lace Kidswear;3895.jpg;http://assets.myntassets.com/v1/images/style/properties/e15fe7417d72174ec8747a27c004b5bf_images.jpg;WOMEN
8457;Women;Apparel;Topwear;Tops;Pink;Fall;2011;Casual;Jealous 21 Women jealous Surf Island Forever Pink top Pink Tops;8457.jpg;http://assets.myntassets.com/v1/images/style/properties/a70477fa3aa51cf9812bda0c2a457e7a_images.jpg;WOMEN
41382;Women;Apparel;Topwear;Tops;Pink;Summer;2012;Casual;Wrangler Women Blossom Pink Top;41382.jpg;http://assets.myntassets.com/v1/images/style/properties/c64d41d2fecd65e5499a6c8506a8973b_images.jpg;WOMEN
45875;Men;Accessories;Watches;Watches;White;Winter;2016;Casual;Maxima Men White Dial Watch;45875.jpg;http://assets.myntassets.com/v1/images/style/properties/2c2151f4f44e0e40993a8dda56227635_images.jpg;MEN
38000;Men;Footwear;Flip Flops;Flip Flops;Red;Summer;2012;Casual;Kelme Men Red & Blue Flip Flops;38000.jpg;http://assets.myntassets.com/v1/images/style/properties/01872d498c2bc40b564d1fbdf4ab2b99_images.jpg;MEN
19439;Men;Accessories;Headwear;Caps;Black;Summer;2012;Casual;Quiksilver Men Black Qsacc Cap;19439.jpg;http://assets.myntassets.com/v1/images/style/properties/aa26252d7556ac26b6e0b5e0a25e11cd_images.jpg;MEN
29823;Men;Apparel;Topwear;Shirts;Red;Summer;2012;Casual;Basics Men Red Checked Shirt;29823.jpg;http://assets.myntassets.com/v1/images/style/properties/20e0ff63e4b95b7ca85214dea6621de1_images.jpg;MEN
4778;Women;Apparel;Topwear;Tshirts;White;Summer;2011;Sports;ADIDAS Women's Flora White T-shirt;4778.jpg;http://assets.myntassets.com/v1/images/style/properties/a464395147f74c5dbdbf0a984cbbc51e_images.jpg;WOMEN
42392;Women;Apparel;Topwear;Tshirts;Black;Summer;2012;Casual;Flying Machine Women Black T-shirt;42392.jpg;http://assets.myntassets.com/v1/images/style/properties/e1dfc4b710f03f4b4f09da34a879c0aa_images.jpg;WOMEN
13596;Men;Apparel;Innerwear;Innerwear Vests;Black;Summer;2016;Casual;Hanes Men Black Crew Pack Of 3 Innerwear T-Shirts;13596.jpg;http://assets.myntassets.com/v1/images/style/properties/Hanes-Men-Black-Crew-Pack-Of-3-Innerwear-T-Shirts_210bc97f6eb186970aec64330b2d6978_images.jpg;MEN
38573;Men;Apparel;Bottomwear;Track Pants;Navy Blue;Fall;2012;Sports;Nike Men AD Striker Navy Blue Track Pants;38573.jpg;http://assets.myntassets.com/v1/images/style/properties/db5c0bd6fe5607bd4058153e927136a5_images.jpg;MEN
23144;Women;Apparel;Topwear;Sweatshirts;Brown;Fall;2011;Casual;Quechua Women  Fleece Brown Sweatshirt;23144.jpg;http://assets.myntassets.com/v1/images/style/properties/c87eeb21f56461b390fa1a7ca53e306e_images.jpg;WOMEN
21186;Men;Footwear;Flip Flops;Flip Flops;Blue;Fall;2011;Casual;ADIDAS Men Star Story Blue Flip Flops;21186.jpg;http://assets.myntassets.com/v1/images/style/properties/e62c55a04b18b09939898571a2cc9258_images.jpg;MEN
25299;Women;Accessories;Bags;Handbags;Brown;Winter;2015;Casual;Lino Perros Women Sporty Brown Pouch;25299.jpg;http://assets.myntassets.com/v1/images/style/properties/078956de8706488b40f0799927910ca3_images.jpg;WOMEN
27841;Men;Accessories;Belts;Belts;White;Summer;2012;Casual;Bulchee Men Plain Jeans White Belt;27841.jpg;http://assets.myntassets.com/v1/images/style/properties/8e033a452f0390d83a7c343f07177be0_images.jpg;MEN
4628;Men;Footwear;Sandal;Sandals;Brown;Summer;2011;Casual;ADIDAS Men Terra Lea Brown Sandal;4628.jpg;http://assets.myntassets.com/v1/images/style/properties/679d8ded48c4f48179fb02c8a033c941_images.jpg;MEN
24306;Men;Apparel;Bottomwear;Tracksuits;Grey;Fall;2012;Casual;ADIDAS Men Grey & Red Tracksuit;24306.jpg;http://assets.myntassets.com/v1/images/style/properties/Adidas-Men-Grey---Red-Tracksuit_cfb8542c1db6cf3e0d1a6094c39d33b2_images.jpg;MEN
33393;Women;Accessories;Bags;Handbags;Brown;Summer;2012;Casual;Baggit Women Faltu Taj Brown Handbag;33393.jpg;http://assets.myntassets.com/v1/images/style/properties/007fbebd13437c65fb57c1653ed6159f_images.jpg;WOMEN
34550;Women;Accessories;Bags;Handbags;Multi;Summer;2012;Casual;Puma Women Dizzy Shopper Multi Colour Handbag;34550.jpg;http://assets.myntassets.com/v1/images/style/properties/2418c69b38c2072926d39cc13ee4fe40_images.jpg;WOMEN
28769;Women;Apparel;Topwear;Kurtis;White;Summer;2012;Ethnic;Aurelia Women Printed White & Red Kurti;28769.jpg;http://assets.myntassets.com/v1/images/style/properties/9216ab88e35eefebf0b64206e0ba0e5d_images.jpg;WOMEN
44916;Men;Apparel;Loungewear and Nightwear;Lounge Pants;Black;Summer;2012;Casual;Puma Men Black 3/4 Length Pants;44916.jpg;http://assets.myntassets.com/v1/images/style/properties/4d89eac093805bed87cc8f1d40ae7b67_images.jpg;MEN
9237;Men;Apparel;Topwear;Shirts;Blue;Fall;2011;Formal;Mark Taylor Men Blue Striped Shirt;9237.jpg;http://assets.myntassets.com/v1/images/style/properties/6e5f417d65cfb80e1b62ade89d4fd5be_images.jpg;MEN
45338;Women;Footwear;Shoes;Heels;Grey;Summer;2016;Casual;Cobblerz Women Grey & Peach Sandals;45338.jpg;http://assets.myntassets.com/v1/images/style/properties/121d0e3bce30f9f668e898f294f6fecd_images.jpg;WOMEN
43940;Women;Footwear;Shoes;Heels;Gold;Winter;2012;Casual;Catwalk Women Gold Heels;43940.jpg;http://assets.myntassets.com/v1/images/style/properties/85cc7e1aa0c77f9d7effe71d360d200e_images.jpg;WOMEN
3922;Men;Apparel;Bottomwear;Track Pants;Grey;Summer;2011;Casual;Urban Yoga Men Bottom Grey Melange Yoga Pants;3922.jpg;http://assets.myntassets.com/v1/images/style/properties/5fdc61d2ee1ba275fa719db73cccce47_images.jpg;MEN
31660;Men;Apparel;Topwear;Shirts;Black;Summer;2012;Casual;Indigo Nation Men Printed Black Shirt;31660.jpg;http://assets.myntassets.com/v1/images/style/properties/333004b882f19b36eace7f9128660010_images.jpg;MEN
38416;Women;Accessories;Belts;Belts;Purple;Summer;2012;Casual;Baggit Women Chotu Sandwichtost Purple Belt;38416.jpg;http://assets.myntassets.com/v1/images/style/properties/912bf472108f7453d4a1423b6c4f7468_images.jpg;WOMEN
53679;Women;Accessories;Bags;Handbags;Pink;Summer;2012;Casual;Kiara Women Pink Handbag;53679.jpg;http://assets.myntassets.com/v1/images/style/properties/Kiara-Women-Pink-Handbag_00c4f5364f9baa654f02d6be6f2b63d5_images.jpg;WOMEN
17440;Men;Accessories;Watches;Watches;Steel;Winter;2016;Casual;Casio Men Steel Watch EX045 EFR-502D-7AVDF;17440.jpg;http://assets.myntassets.com/v1/images/style/properties/Casio-Men-Edifice-Steel-Watchbdb224d4012ceaa15130c65d353a3d87_images.jpg;MEN
5969;Men;Apparel;Topwear;Shirts;Red;Summer;2011;Casual;Locomotive Men Red Blue Checked Shirt;5969.jpg;http://assets.myntassets.com/v1/images/style/properties/fc946dde022a5cb7b64b7c64705afa8e_images.jpg;MEN
23125;Men;Footwear;Flip Flops;Flip Flops;Red;Summer;2013;Casual;Converse Men Red Flip Flops;23125.jpg;http://assets.myntassets.com/v1/images/style/properties/Converse-Men-Liv-Life-Laugh-Red-Flip-Flops_aa0861dd4359c8640bdb7f1188c3c6ed_images.jpg;MEN
27839;Men;Accessories;Belts;Belts;Navy Blue;Summer;2013;Casual;Bulchee Men Navy Blue Leather Belt;27839.jpg;http://assets.myntassets.com/v1/images/style/properties/Bulchee-Men-Navy-Blue-Leather-Belt44d592b8c6482134dfc4874c566d9b1c_images.jpg;MEN
2397;Men;Footwear;Shoes;Casual Shoes;Brown;Winter;2018;Casual;Red Tape Men's Brown Casual Shoe;2397.jpg;http://assets.myntassets.com/v1/images/style/properties/8f9307ab2dfebec13927ad6801a3f24f_images.jpg;MEN
43215;Women;Accessories;Watches;Watches;White;Winter;2016;Casual;Fastrack Women White Dial Watch;43215.jpg;http://assets.myntassets.com/v1/images/style/properties/1ade1b445544b265a79eec30006bc8a0_images.jpg;WOMEN
6747;Men;Footwear;Shoes;Sports Shoes;White;Summer;2011;Sports;Nike Men's Streetgato White Shoe;6747.jpg;http://assets.myntassets.com/v1/images/style/properties/7490291f90c4e68990abe550f33161db_images.jpg;MEN
17961;Men;Footwear;Sandal;Sandals;Grey;Fall;2011;Casual;Puma Men Scuba Grey Slipper;17961.jpg;http://assets.myntassets.com/v1/images/style/properties/c97d15b0fc89a009cb1008c7296bd91c_images.jpg;MEN
54595;Women;Apparel;Topwear;Kurtas;Multi;Summer;2012;Ethnic;Sushilas Women Multi Coloured Kurta;54595.jpg;http://assets.myntassets.com/v1/images/style/properties/Sushilas-Women-Multi-Coloured-Kurta_c3adf515c39496b7bfefd060afef340b_images.jpg;WOMEN
26960;Women;Apparel;Topwear;Shirts;Purple;Summer;2012;Casual;Jealous 21 Women Purple Shirt;26960.jpg;http://assets.myntassets.com/v1/images/style/properties/45ddbc6a15140556214e15923244755b_images.jpg;WOMEN
33018;Women;Apparel;Topwear;Kurtas;Green;Summer;2012;Ethnic;Mother Earth Women Striped Green Kurta;33018.jpg;http://assets.myntassets.com/v1/images/style/properties/a327e840683a7a170b38cf41fbfa0de8_images.jpg;WOMEN
57817;Women;Apparel;Topwear;Tops;Green;Fall;2012;Casual;United Colors of Benetton Women Green Top;57817.jpg;http://assets.myntassets.com/v1/images/style/properties/United-Colors-of-Benetton-Women-Green-Top_4cc4ef18735406fc02a2a1e005007924_images.jpg;WOMEN
45590;Men;Footwear;Shoes;Formal Shoes;Black;Summer;2013;Formal;Arrow Men Black Formal Shoes;45590.jpg;http://assets.myntassets.com/v1/images/style/properties/c8ee49882dd92a10bec19b2da3becda6_images.jpg;MEN
38041;Men;Accessories;Watches;Watches;Navy Blue;Winter;2016;Casual;Q&Q Men Navy Dial Watch DD02J004Y;38041.jpg;http://assets.myntassets.com/v1/images/style/properties/29fb293d8ed68d94e8d8c2537286443c_images.jpg;MEN
5976;Men;Apparel;Topwear;Shirts;Red;Summer;2011;Casual;Highlander Men White Red Checked Shirt;5976.jpg;http://assets.myntassets.com/v1/images/style/properties/8c1bf58b6bf8bf6a318a2573569ce140_images.jpg;MEN
57103;Women;Apparel;Topwear;Tops;Blue;Summer;2012;Casual;Elle Women Blue Top;57103.jpg;http://assets.myntassets.com/v1/images/style/properties/Elle-Women-Blue-Top_c51705fc6c68666428962c7f6b8ac1df_images.jpg;WOMEN
32317;Women;Accessories;Watches;Watches;Red;Winter;2016;Casual;Q&Q Women Red Dial Watch GS97J322Y;32317.jpg;http://assets.myntassets.com/v1/images/style/properties/Q-Q-Women-Watches_d364afea8ddb4ff1dbe086cda02f0b0c_images.jpg;WOMEN
41874;Men;Footwear;Sandal;Sandals;Navy Blue;Fall;2014;Casual;Estd. 1977 Men Navy Blue & Brown Sandals;41874.jpg;http://assets.myntassets.com/v1/images/style/properties/130dfe9666edacd46c8b7fae1b64380e_images.jpg;MEN
45259;Men;Accessories;Watches;Watches;Black;Winter;2016;Casual;Casio EDIFICE Men Chronograph Watch ED61 EF-305D-1AVDF;45259.jpg;http://assets.myntassets.com/v1/images/style/properties/ad0cfc667aefe900b563e82d83794653_images.jpg;MEN
25489;Men;Footwear;Shoes;Casual Shoes;White;Summer;2012;Casual;Nike Men Backboard White Casual Shoes;25489.jpg;http://assets.myntassets.com/v1/images/style/properties/77d868baff626bc5025f61c2632f000b_images.jpg;MEN
34276;Women;Apparel;Topwear;Dupatta;Olive;Summer;2012;Ethnic;Fabindia Women Olive Kota Tepchi Dupatta;34276.jpg;http://assets.myntassets.com/v1/images/style/properties/3c406361d3e273fcf67a0b4746122438_images.jpg;WOMEN
7209;Women;Apparel;Topwear;Tshirts;White;Fall;2011;Casual;Jealous 21 Women Purple Printed White T-shirt;7209.jpg;http://assets.myntassets.com/v1/images/style/properties/88311578934dd19cd4550b9ba36386ec_images.jpg;WOMEN
23469;Men;Accessories;Scarves;Scarves;Grey;Winter;2015;Casual;Lino Perros Men  Grey Striped Scarf;23469.jpg;http://assets.myntassets.com/v1/images/style/properties/Lino-Perros-Men-Grey-Striped-Scarffb05a77c2a551aab57ccbcfd634a877b_images.jpg;MEN
32541;Men;Personal Care;Fragrance;Perfume and Body Mist;Black;Spring;2017;Casual;Playboy Men Vegas Perfume 100 ml;32541.jpg;http://assets.myntassets.com/v1/images/style/properties/39a671a15e12d324dc1e5d09ec41c00c_images.jpg;MEN
34548;Men;Accessories;Belts;Belts;Brown;Summer;2012;Casual;Puma Men Leather Brown Belt;34548.jpg;http://assets.myntassets.com/v1/images/style/properties/762ca56bbe4b292291ea74c5bc164098_images.jpg;MEN
50765;Men;Footwear;Sandal;Sandals;Tan;Winter;2018;Casual;Red Chief Men Tan Sandals;50765.jpg;http://assets.myntassets.com/v1/images/style/properties/ba7ab82e2221905f8e360d2b7fe8e330_images.jpg;MEN
18528;Boys;Accessories;Watches;Watches;Green;Winter;2016;Casual;Chhota Bheem Kids-Boys Green Digital Pop Watch;18528.jpg;http://assets.myntassets.com/v1/images/style/properties/3dd2151af0f493a6c5f30ae7d962afa7_images.jpg;MEN
58687;Women;Apparel;Topwear;Kurtas;White;Summer;2012;Ethnic;ALayna Women Printed White Kurta;58687.jpg;http://assets.myntassets.com/v1/images/style/properties/ALayna-Women-Printed-White-Kurta_e0b4212b001fe9bf4257f90641b38814_images.jpg;WOMEN
10605;Women;Accessories;Watches;Watches;Pink;Winter;2016;Casual;Esprit Women Houston Funny Pink Watches;10605.jpg;http://assets.myntassets.com/v1/images/style/properties/ae3f2d4e106385269dc73c79896d8065_images.jpg;WOMEN
39033;Men;Accessories;Cufflinks;Cufflinks;Steel;Summer;2012;Formal;Belmonte Men Steel Bright Assorted Cufflinks;39033.jpg;http://assets.myntassets.com/v1/images/style/properties/7b5d0474ebde2bde9e52da65a7ef6f2a_images.jpg;MEN
56000;Women;Personal Care;Lips;Lipstick;Brown;Spring;2017;Casual;Colorbar Velvet Matte Misty Cocoa Lipstick 15 BR;56000.jpg;http://assets.myntassets.com/assets/images/56000/2019/1/11/fc22bc0e-8ccd-4439-807b-dc03a320e2701547190456107-Colorbar-Velvet-Matte-Misty-Cocoa-Lipstick-15-BR-34615471904-1.jpg;WOMEN
32167;Women;Accessories;Socks;Socks;Blue;Summer;2017;Casual;Playboy Women Playmate Blue Ankle Socks;32167.jpg;http://assets.myntassets.com/v1/images/style/properties/4822115536aee867d9c20865f392b95b_images.jpg;WOMEN
10388;Women;Accessories;Watches;Watches;Pink;Winter;2016;Casual;Puma Women Pliancy 199 Pink Watches;10388.jpg;http://assets.myntassets.com/v1/images/style/properties/bdbe795c8ecbd156f1c2a40b53091e24_images.jpg;WOMEN
10495;Women;Apparel;Topwear;Shirts;Blue;Fall;2011;Casual;Flying Machine Women HS Blue Shirt;10495.jpg;http://assets.myntassets.com/v1/images/style/properties/59d9fae9996bab8958491b84c2353af1_images.jpg;WOMEN
33929;Women;Accessories;Watches;Watches;Silver;Winter;2016;Casual;Citizen Women White Dial Watch;33929.jpg;http://assets.myntassets.com/v1/images/style/properties/0f19a96b85e401551bf74fa8dc022d9e_images.jpg;WOMEN
13700;Men;Footwear;Shoes;Sports Shoes;White;Spring;2013;Sports;ADIDAS Men Elite Speed White Sports Shoes;13700.jpg;http://assets.myntassets.com/v1/images/style/properties/d22edbddfdc9cf6a5c6703a33138bc4f_images.jpg;MEN
22765;Women;Apparel;Topwear;Kurtas;Navy Blue;Fall;2011;Ethnic;BIBA Women Solid Navy Blue Kurta;22765.jpg;http://assets.myntassets.com/v1/images/style/properties/2f118fffc101e1d7f64abd371f54e5d8_images.jpg;WOMEN
57045;Women;Apparel;Dress;Dresses;Black;Summer;2012;Casual;Elle Women Black Dress;57045.jpg;http://assets.myntassets.com/v1/images/style/properties/Elle-Women-Black-Dress_0493a7ff2ce537de9f11c79c20ebb4e3_images.jpg;WOMEN
18033;Women;Accessories;Bags;Handbags;Brown;Winter;2015;Casual;Lino Perros Women Solid Brown Handbag;18033.jpg;http://assets.myntassets.com/v1/images/style/properties/Lino-Perros-Women-Solid-Brown-Handbag8315dfefd4ac9ed0b34395a7db70bf4c_images.jpg;WOMEN
19005;Women;Apparel;Topwear;Sweatshirts;Grey;Summer;2011;Casual;ADIDAS Originals Women F Sleek Trf Grey Sweatshirt;19005.jpg;http://assets.myntassets.com/v1/images/style/properties/523e55702410d0ae9ab8979c657da9e0_images.jpg;WOMEN
23339;Men;Footwear;Shoes;Sports Shoes;Grey;Fall;2010;Sports;Reebok Men Negotiator Grey Sport Shoes;23339.jpg;http://assets.myntassets.com/v1/images/style/properties/a4d29bac2078faabf8a4bda3758dd2b0_images.jpg;MEN
47303;Women;Accessories;Bags;Clutches;Black;Fall;2012;Casual;Baggit Women Black Purse;47303.jpg;http://assets.myntassets.com/v1/images/style/properties/1c6cfa45b11629741f75401a429092c3_images.jpg;WOMEN
48172;Women;Accessories;Wallets;Wallets;Cream;Winter;2016;Casual;Fossil Women Multi coloured Wallet;48172.jpg;http://assets.myntassets.com/v1/images/style/properties/0a481ed92c0d1fc364d822b2ddf68f96_images.jpg;WOMEN
23262;Men;Accessories;Watches;Watches;Black;Winter;2016;Casual;Maxima Ssteele Men Black Watch;23262.jpg;http://assets.myntassets.com/v1/images/style/properties/da1dd97ac615ffcfa05f247e96f01488_images.jpg;MEN
18487;Men;Apparel;Bottomwear;Jeans;Blue;Fall;2011;Casual;Puma Men Washed Blue Jeans;18487.jpg;http://assets.myntassets.com/v1/images/style/properties/79b03ea2a9ff575251fffe024a83cde3_images.jpg;MEN
4152;Men;Footwear;Shoes;Sports Shoes;White;Summer;2011;Sports;Nike Men's Air Max White Red Black Shoe;4152.jpg;http://assets.myntassets.com/v1/images/style/properties/ad3b4bf50f656914f8e7bbfe718a6778_images.jpg;MEN
12509;Men;Footwear;Shoes;Casual Shoes;Brown;Winter;2018;Casual;Red Tape Men Casual Brown Casual Shoes;12509.jpg;http://assets.myntassets.com/v1/images/style/properties/7f5bf1bfc926e96373823989b1c4f420_images.jpg;MEN
43956;Women;Footwear;Sandal;Sports Sandals;Purple;Summer;2012;Casual;Puma Women Purple Techno Sandals;43956.jpg;http://assets.myntassets.com/v1/images/style/properties/ab1244dde780b3a3275ff5ace796ecf3_images.jpg;WOMEN
19047;Women;Footwear;Shoes;Heels;Multi;Winter;2015;Casual;Catwalk Women Multi Flats;19047.jpg;http://assets.myntassets.com/v1/images/style/properties/45f9dc8d358c90336a38c5635c8dd686_images.jpg;WOMEN
36372;Men;Accessories;Socks;Socks;Brown;Summer;2016;Casual;Reid & Taylor Men Brown Socks;36372.jpg;http://assets.myntassets.com/v1/images/style/properties/d3c3e9f5165e6db20368b8d889daad3c_images.jpg;MEN
38947;Girls;Apparel;Topwear;Tops;Green;Summer;2012;Casual;Gini and Jony Girls Printed Green Top;38947.jpg;http://assets.myntassets.com/v1/images/style/properties/73a5142004af33e2e57bc6dfd086be88_images.jpg;WOMEN
28151;Men;Apparel;Innerwear;Innerwear Vests;Black;Summer;2016;Casual;Jockey SPORT Men Power Back Basic Black Innerwear Vest 9925;28151.jpg;http://assets.myntassets.com/v1/images/style/properties/be04e3420b76ccc828f66469c0305058_images.jpg;MEN
30925;Women;Apparel;Bottomwear;Skirts;Black;Summer;2012;Ethnic;Fabindia Women Printed Black Ghera Skirt;30925.jpg;http://assets.myntassets.com/v1/images/style/properties/7474d5aa6939485b4c8e10cc8b9e634a_images.jpg;WOMEN
39172;Women;Apparel;Topwear;Kurtas;Grey;Summer;2012;Ethnic;Aneri Women Grey & Black Printed Kurta;39172.jpg;http://assets.myntassets.com/v1/images/style/properties/90e32f766480fd0c1ac5680e7666bde8_images.jpg;WOMEN
46822;Women;Footwear;Shoes;Heels;Multi;Winter;2015;Casual;Catwalk Women Multicoloured Heels;46822.jpg;http://assets.myntassets.com/v1/images/style/properties/1b785de656d1888c3166afd572d06564_images.jpg;WOMEN
39658;Men;Footwear;Shoes;Casual Shoes;Black;Summer;2012;Casual;Lotto Men Black Shoes;39658.jpg;http://assets.myntassets.com/v1/images/style/properties/b5af693ba83c5cdf81e645aaddf3bf07_images.jpg;MEN
33162;Women;Apparel;Topwear;Tunics;Purple;Summer;2012;Casual;Sepia Women Purple Tunic;33162.jpg;http://assets.myntassets.com/v1/images/style/properties/9b7d6f6202c08d8cc0f83d1980424552_images.jpg;WOMEN
43917;Women;Apparel;Bottomwear;Trousers;Blue;Summer;2012;Casual;Femella Women Blue Trousers;43917.jpg;http://assets.myntassets.com/v1/images/style/properties/e781f5a250d65bce8992e3c902ad0d96_images.jpg;WOMEN
11078;Men;Apparel;Topwear;Sweaters;Grey;Fall;2011;Casual;Scullers Men Stripes Grey Sweaters;11078.jpg;http://assets.myntassets.com/v1/images/style/properties/5b78cbb93e8ec11f851aa0c94cf3b071_images.jpg;MEN
46999;Women;Apparel;Topwear;Kurtas;Orange;Summer;2012;Ethnic;Shree Women Orange Kurta;46999.jpg;http://assets.myntassets.com/v1/images/style/properties/d51029bc4421858b503adf5f6c8797cd_images.jpg;WOMEN
55172;Women;Personal Care;Nails;Nail Polish;Magenta;Spring;2017;Casual;Lakme Absolute Fast & Fabulous Crimson Crush Magenta Nail Polish 25;55172.jpg;http://assets.myntassets.com/v1/images/style/properties/Lakme-Absolute-Fast---Fabulous-Crimson-Crush-Magenta-Nail-Polish-25_fb0425fab67430b901b80e437bb4a6b5_images.jpg;WOMEN
30935;Women;Apparel;Topwear;Kurtis;Blue;Summer;2012;Ethnic;Fabindia Women Blue Printed Kurti;30935.jpg;http://assets.myntassets.com/v1/images/style/properties/Fabindia-Women-Printed-Orange-Kurta_b68a87c74068634f5bae711e3b40a127_images.jpg;WOMEN
39059;Men;Accessories;Cufflinks;Cufflinks;Blue;Summer;2012;Formal;Belmonte Men Blue Button Cover;39059.jpg;http://assets.myntassets.com/v1/images/style/properties/a9ae24b5a3a9a356e78d08974c0b52f5_images.jpg;MEN
54602;Men;Apparel;Innerwear;Briefs;Navy Blue;Summer;2016;Casual;Jockey ELANCE Men Navy Blue Briefs 1004;54602.jpg;http://assets.myntassets.com/v1/images/style/properties/2f6b0f7ecb667e0e5d9133d0cb1306ed_images.jpg;MEN
15234;Men;Footwear;Shoes;Casual Shoes;Blue;Fall;2011;Casual;ADIDAS Originals Men Ciero Low St Blue Casual Shoes;15234.jpg;http://assets.myntassets.com/v1/images/style/properties/5b37d926eacbcd2c5fb1b8455bc63f5a_images.jpg;MEN
19901;Women;Footwear;Shoes;Flats;Red;Fall;2011;Casual;Lotto Women Virtue Red Sandal;19901.jpg;http://assets.myntassets.com/v1/images/style/properties/2b1d2bec7682bbae352edaf83e2a1a39_images.jpg;WOMEN
27749;Men;Accessories;Wallets;Wallets;Black;Winter;2015;Casual;Bulchee Men Black Wallet;27749.jpg;http://assets.myntassets.com/v1/images/style/properties/Bulchee-Men-Black-Wallet0f3c4a3635d0ee42b5f07103bfa04e36_images.jpg;MEN
38179;Women;Accessories;Eyewear;Sunglasses;Brown;Winter;2016;Casual;Miami Blues Women Sunglasses;38179.jpg;http://assets.myntassets.com/v1/images/style/properties/75ba1a6012e5cd09151b193680cff52e_images.jpg;WOMEN
46776;Men;Personal Care;Fragrance;Perfume and Body Mist;White;Spring;2017;Casual;Euroluxe Men Blue Ink Perfume;46776.jpg;http://assets.myntassets.com/v1/images/style/properties/1815985d9765ddc0e21ac1d0d63e40ef_images.jpg;MEN
54410;Women;Accessories;Wallets;Wallets;Pink;Summer;2012;Casual;Baggit Women Pink Wallet;54410.jpg;http://assets.myntassets.com/v1/images/style/properties/Baggit-Women-Pink-Wallet_dd3e874b8bcf66867619297d153ee9b6_images.jpg;WOMEN
54081;Women;Apparel;Topwear;Kurtis;Red;Summer;2012;Ethnic;Mumbai Slang Women Red Kurti;54081.jpg;http://assets.myntassets.com/v1/images/style/properties/Mumbai-Slang-Women-Red-Kurta_f8a2078da13c376725352844b5e81d31_images.jpg;WOMEN
49680;Men;Accessories;Eyewear;Sunglasses;Grey;Winter;2016;Casual;United Colors of Benetton Men Sunglass;49680.jpg;http://assets.myntassets.com/v1/images/style/properties/2d698664d636611ffa2cae4545f8ae90_images.jpg;MEN
41906;Women;Personal Care;Fragrance;Fragrance Gift Set;Pink;Spring;2017;Casual;Playboy Women Play It Sexy Fragrance Gift Set;41906.jpg;http://assets.myntassets.com/v1/images/style/properties/Playboy-Play-It-Sexy-For-Women-Fragrance-Gift-Set_abb6b43802a99106625051bf92162072_images.jpg;WOMEN
28162;Men;Accessories;Eyewear;Sunglasses;Copper;Winter;2016;Casual;Ray-Ban Men Aviator Sunglasses;28162.jpg;http://assets.myntassets.com/v1/images/style/properties/13d8f5e310e177d316e5c4933e87c7a8_images.jpg;MEN
32809;Women;Footwear;Shoes;Heels;Navy Blue;Winter;2012;Casual;iPanema Women Ritmos Navy Blue Flats;32809.jpg;http://assets.myntassets.com/v1/images/style/properties/da02d634eb48be1482894e47917ce21d_images.jpg;WOMEN
43975;Women;Personal Care;Fragrance;Perfume and Body Mist;Brown;Spring;2017;Casual;DKNY Women Be Delicious Perfume;43975.jpg;http://assets.myntassets.com/v1/images/style/properties/486c801151814d8865c72f687a7bad91_images.jpg;WOMEN
51797;Women;Apparel;Loungewear and Nightwear;Nightdress;Turquoise Blue;Summer;2016;Casual;Bwitch Turquiose Blue Nightdress;51797.jpg;http://assets.myntassets.com/v1/images/style/properties/e6061e03e9c9a45c2cc883cd12400896_images.jpg;WOMEN
44582;Men;Apparel;Bottomwear;Jeans;Navy Blue;Summer;2017;Casual;Lee Men Bern Navy Blue Jeans;44582.jpg;http://assets.myntassets.com/v1/images/style/properties/56ab5348a8931ac4ba0aa1ccf8632fa2_images.jpg;MEN
49820;Women;Footwear;Flip Flops;Flip Flops;Blue;Winter;2012;Casual;iPanema Women Blue Flip Flops;49820.jpg;http://assets.myntassets.com/v1/images/style/properties/71c6d132790423677f8c4d0a5218f4ff_images.jpg;WOMEN
51363;Women;Apparel;Bottomwear;Jeans;Blue;Summer;2012;Casual;Spykar  Women Jeans;51363.jpg;http://assets.myntassets.com/v1/images/style/properties/f4ebe9c208abdf11075fe83791538491_images.jpg;WOMEN
19870;Men;Footwear;Flip Flops;Flip Flops;White;Fall;2011;Casual;ADIDAS Men Wires White Flip Flops;19870.jpg;http://assets.myntassets.com/v1/images/style/properties/312c924884287b56664fcfc2171e824c_images.jpg;MEN
58520;Women;Apparel;Dress;Dresses;Black;Fall;2012;Casual;Tonga Women Black Dress;58520.jpg;http://assets.myntassets.com/v1/images/style/properties/Tonga-Women-Black-Top_1f9016d79fa8c47555d536dd3e0fb575_images.jpg;WOMEN
12975;Men;Footwear;Shoes;Sports Shoes;Grey;Fall;2011;Sports;ADIDAS Men Allegra Grey Sports Shoes;12975.jpg;http://assets.myntassets.com/v1/images/style/properties/bd415f1e10b8caa07cb82bc3d05c0a83_images.jpg;MEN
57656;Women;Personal Care;Nails;Nail Polish;Pink;Spring;2017;Casual;Lotus Herbals Make-Up Colour Dew Candy Drop Nail Enamel 92;57656.jpg;http://assets.myntassets.com/v1/image/style/properties/57656/Lotus-Herbals-Colour-Dew-Candy-Drop-Nail-Polish-92_1_422e0df1ef20c012999646801510592e.jpg;WOMEN
10285;Men;Footwear;Shoes;Formal Shoes;Black;Fall;2012;Formal;Clarks Men Goya Rates Leather Black Formal Shoes;10285.jpg;http://assets.myntassets.com/v1/images/style/properties/529042a64528869749c663da6e714a96_images.jpg;MEN
51805;Women;Apparel;Innerwear;Bra;Pink;Summer;2016;Casual;Bwitch Light Pink Bra;51805.jpg;http://assets.myntassets.com/v1/images/style/properties/1d52084824d2d5fe5172db50db398e63_images.jpg;WOMEN
16609;Men;Apparel;Bottomwear;Trousers;Grey;Fall;2011;Formal;Genesis Men Stripes Grey Trouser;16609.jpg;http://assets.myntassets.com/v1/images/style/properties/0e9568af22b80d482611ea9e0fa3476a_images.jpg;MEN
12679;Men;Apparel;Bottomwear;Trousers;Black;Fall;2011;Casual;Probase Men Solid Black Trousers;12679.jpg;http://assets.myntassets.com/v1/images/style/properties/1f097e04e0c913f68da82cd69cf9f338_images.jpg;MEN
45960;Women;Apparel;Topwear;Tshirts;Red;Fall;2012;Casual;Tokyo Talkies Women Red T-shirt;45960.jpg;http://assets.myntassets.com/v1/images/style/properties/Tokyo-Talkies-Women-Red-T-shirt_43469a1866a7cb5d1a8b68dc95885cbb_images.jpg;WOMEN
20597;Women;Accessories;Wallets;Wallets;Beige;Winter;2015;Casual;Baggit Women Lallu Jhuti Beige Wallet;20597.jpg;http://assets.myntassets.com/v1/images/style/properties/Baggit-Women-Lallu-Jhuti-Beige-Wallet84740e3a4e8527c6475d0719d7109639_images.jpg;WOMEN
14839;Men;Accessories;Wallets;Wallets;Black;Summer;2011;Casual;United Colors of Benetton Men Solid Black Wallets;14839.jpg;http://assets.myntassets.com/v1/images/style/properties/df4fa72794eab93c17afff5988ec3aaf_images.jpg;MEN
57039;Women;Apparel;Dress;Dresses;Black;Summer;2012;Casual;Elle Women Black Dress;57039.jpg;http://assets.myntassets.com/v1/images/style/properties/Elle-Women-Black-Dress_99c868929c321637e5fd3a7994ee5b1f_images.jpg;WOMEN
51471;Men;Apparel;Bottomwear;Jeans;Black;Summer;2012;Casual;Denizen Men Black Jeans;51471.jpg;http://assets.myntassets.com/v1/images/style/properties/6167df36d7973067dab519179e323865_images.jpg;MEN
17208;Men;Accessories;Eyewear;Sunglasses;Grey;Winter;2016;Casual;United Colors of Benetton Men Funky Eyewear Blue Sunglasses;17208.jpg;http://assets.myntassets.com/v1/images/style/properties/7b857514c2bc514f6a755b859675a1eb_images.jpg;MEN
36279;Women;Apparel;Loungewear and Nightwear;Night suits;Pink;Summer;2017;Casual;SDL by Sweet Dreams Women Pink Night suits;36279.jpg;http://assets.myntassets.com/v1/images/style/properties/3a23bf50d380c6fcd6b767ff37aa657d_images.jpg;WOMEN
2117;Men;Apparel;Bottomwear;Shorts;Grey;Fall;2010;Sports;ADIDAS Men Grey  Capris;2117.jpg;http://assets.myntassets.com/v1/images/style/properties/f954624a31586477d07be0b1236ab56a_images.jpg;MEN
51881;Women;Accessories;Wallets;Wallets;Grey;Summer;2016;Casual;Nyk Women Grey Wallet;51881.jpg;http://assets.myntassets.com/v1/images/style/properties/a03db6f23b64c03b787bc49478283c55_images.jpg;WOMEN
24090;Men;Apparel;Topwear;Sweatshirts;Red;Fall;2011;Casual;Manchester United Men Red Sweatshirt;24090.jpg;http://assets.myntassets.com/v1/images/style/properties/5f839c6ddca34d8c417e1833e7fc0839_images.jpg;MEN
43515;Women;Apparel;Dress;Dresses;Blue;Summer;2012;Casual;French Connection Women Blue Dress;43515.jpg;http://assets.myntassets.com/v1/images/style/properties/34de79e29101647e67aeb0b53a98fa1d_images.jpg;WOMEN
34310;Women;Accessories;Stoles;Stoles;Black;Summer;2012;Ethnic;Fabindia Women Black Silk & Wool Stole;34310.jpg;http://assets.myntassets.com/v1/images/style/properties/13004c155ff9921b5487e72568018abd_images.jpg;WOMEN
40371;Women;Apparel;Bottomwear;Jeans;Navy Blue;Summer;2012;Casual;Tokyo Talkies Women Navy Slim Fit Jeans;40371.jpg;http://assets.myntassets.com/v1/images/style/properties/a6ea6713bae041ef4f62d3612586d1ef_images.jpg;WOMEN
28882;Women;Apparel;Innerwear;Briefs;Skin;Summer;2014;Casual;Enamor Women Beige Mid-Rise Bikini Brief;28882.jpg;http://assets.myntassets.com/v1/images/style/properties/2b10b8eed0431eefad996aac355ae5aa_images.jpg;WOMEN
20065;Women;Accessories;Belts;Belts;Black;Fall;2011;Casual;United Colors of Benetton Women Solid Black Belt;20065.jpg;http://assets.myntassets.com/v1/images/style/properties/fc39d3373c6a8d5dfe5e0d8ac58ca91c_images.jpg;WOMEN
42035;Women;Footwear;Shoes;Casual Shoes;White;Summer;2012;Casual;Nike Women White Double Team Lite Casual Shoes;42035.jpg;http://assets.myntassets.com/v1/images/style/properties/b4b20e7d74cc30023e5ec0323cec0981_images.jpg;WOMEN
41523;Men;Accessories;Socks;Socks;White;Summer;2016;Casual;Basics Men Set of 3 Socks;41523.jpg;http://assets.myntassets.com/v1/images/style/properties/f161ae6ff3a6d91a22700d24aa0836e8_images.jpg;MEN
25528;Women;Apparel;Topwear;Shirts;Navy Blue;Summer;2012;Casual;Wrangler Women Salena Navy Blue Check Shirt;25528.jpg;http://assets.myntassets.com/v1/images/style/properties/2c243f70519d020e2cd384daaa3859aa_images.jpg;WOMEN
47220;Men;Footwear;Shoes;Formal Shoes;Brown;Summer;2012;Formal;Franco Leone Men Brown Formal Shoes;47220.jpg;http://assets.myntassets.com/v1/images/style/properties/d27f23b3f3923cea6e6e734bb38ec9a5_images.jpg;MEN
4565;Women;Footwear;Shoes;Sports Shoes;Purple;Summer;2011;Sports;Nike Women Air Mir Ma Purple Blue Shoe;4565.jpg;http://assets.myntassets.com/v1/images/style/properties/483e727847597a990d48d387f2b5bcce_images.jpg;WOMEN
55005;Women;Personal Care;Lips;Lip Gloss;White;Spring;2017;Casual;Lakme Sheer Satin Lip Gloss 61;55005.jpg;http://assets.myntassets.com/v1/images/style/properties/Lakme-Sheer-Satin-Lip-Gloss-61_c211e706b619db6eaca81f47b8ac2e93_images.jpg;WOMEN
27944;Men;Apparel;Innerwear;Briefs;Grey;Summer;2016;Casual;Jockey Men Comfort Stretch Grey Bikini Brief;27944.jpg;http://assets.myntassets.com/v1/images/style/properties/d1b8bc69de1a560c7c0ff3206503fe0c_images.jpg;MEN
47321;Women;Accessories;Bags;Mobile Pouch;Brown;Summer;2012;Casual;Baggit Women Brown Aandhi Parina Crush Mobile Pouch;47321.jpg;http://assets.myntassets.com/v1/images/style/properties/b010df80d12dfb0a5bedf369e883d52e_images.jpg;WOMEN
18221;Men;Accessories;Socks;Socks;Black;Fall;2011;Casual;Manchester United Men Stripes Black Socks;18221.jpg;http://assets.myntassets.com/v1/images/style/properties/145ded55cbe60d07ec2784ae98e7506f_images.jpg;MEN
46635;Women;Personal Care;Fragrance;Deodorant;Grey;Spring;2017;Casual;Rasasi Women Emotion Deo;46635.jpg;http://assets.myntassets.com/v1/images/style/properties/3d97299a16765e06cea3e44d18689982_images.jpg;WOMEN
13998;Men;Apparel;Topwear;Sweatshirts;White;Fall;2011;Sports;Nike Men Printed White Sweatshirts;13998.jpg;http://assets.myntassets.com/v1/images/style/properties/9211d4674ec2de7a18b28be501914929_images.jpg;MEN
16100;Women;Accessories;Eyewear;Sunglasses;Maroon;Winter;2016;Casual;M tv Women My Fab Eyewear Maroon Sunglasses;16100.jpg;http://assets.myntassets.com/v1/images/style/properties/efee3f96d151a0cbd994363dee77b83e_images.jpg;WOMEN
55124;Women;Personal Care;Nails;Nail Polish;Peach;Spring;2017;Casual;Lakme Truewear Color Crush Nail Polish 16;55124.jpg;http://assets.myntassets.com/v1/images/style/properties/Lakme-Truewear-Color-Crush-Nail-Polish-16_8ac49bdbb85cde418255546f8fc3fa17_images.jpg;WOMEN
50613;Men;Apparel;Innerwear;Briefs;Charcoal;Summer;2016;Casual;Chromozome Men Charcoal Melange Briefs;50613.jpg;http://assets.myntassets.com/v1/images/style/properties/Chromozome-Men-Charcoal-Melange-Briefs_17b878d0dfe263b9fe52c2a847f03586_images.jpg;MEN
55463;Women;Personal Care;Lips;Lipstick;Maroon;Spring;2017;Casual;Revlon Super Lusterous Perfectly Plum Lipstick 325;55463.jpg;http://assets.myntassets.com/v1/images/style/properties/Revlon-Super-Lusterous-Perfectly-Plum-Lipstick-325_2134745f51796904026ccbcb0cc9bfde_images.jpg;WOMEN
2255;Men;Apparel;Bottomwear;Track Pants;Brown;Fall;2010;Sports;ADIDAS Men Brown Track Pant;2255.jpg;http://assets.myntassets.com/v1/images/style/properties/858b2133d3bff26a32ea081e8928a73a_images.jpg;MEN
59466;Women;Accessories;Jewellery;Ring;Silver;Summer;2015;Casual;Lucera Silver Ring;59466.jpg;http://assets.myntassets.com/v1/images/style/properties/Lucera-Silver-Ring_827931c1a79c368583b67fe89e462e7a_images.jpg;WOMEN
28356;Men;Accessories;Eyewear;Sunglasses;Steel;Winter;2016;Casual;Idee Men Steel Sunglasses;28356.jpg;http://assets.myntassets.com/v1/images/style/properties/9f8af6bcd1bc3116ba4a6bdf1cbf9135_images.jpg;MEN
4284;Men;Footwear;Shoes;Formal Shoes;Black;Summer;2011;Formal;Rockport Men Arratoon Black Shoe;4284.jpg;http://assets.myntassets.com/v1/images/style/properties/e48d6770ce64237c6373ce4549223578_images.jpg;MEN
3910;Women;Apparel;Bottomwear;Capris;Green;Summer;2011;Casual;Urban Yoga Women Yoga Green Capri;3910.jpg;http://assets.myntassets.com/v1/images/style/properties/d5540111ac190d7ae6b8537fa975526b_images.jpg;WOMEN
27955;Men;Apparel;Innerwear;Briefs;Green;Summer;2016;Casual;Jockey Sport Performance  Men Green Brief SP02;27955.jpg;http://assets.myntassets.com/v1/images/style/properties/34aebaa0e851a5fc4a3ad7e9613825d4_images.jpg;MEN
17962;Men;Footwear;Sandal;Sandals;Black;Fall;2011;Casual;Puma Men Tango Black Slipper;17962.jpg;http://assets.myntassets.com/v1/images/style/properties/2ac5b7d4828ab075a39fc25081605316_images.jpg;MEN
48721;Women;Accessories;Jewellery;Earrings;Silver;Summer;2013;Casual;Lucera Women Silver Earrings;48721.jpg;http://assets.myntassets.com/v1/images/style/properties/cd9f2a476f1a9127130699a37e340c01_images.jpg;WOMEN
15349;Men;Free Items;Free Gifts;Free Gifts;Blue;Winter;2012;Sports;Nike Men Blue Team India Cricket Jersey;15349.jpg;http://assets.myntassets.com/assets/images/15349/2018/10/29/8b9efbe9-c217-4674-af85-3c1b61a59c841540803068958-Nike-Men-Blue-Team-India-Cricket-Jersey-7111540803067242-1.jpg;MEN
48160;Women;Accessories;Wallets;Wallets;Yellow;Winter;2016;Casual;Fossil Women Yellow Wallet;48160.jpg;http://assets.myntassets.com/v1/images/style/properties/312cd4191294350e1d835825768e3c78_images.jpg;WOMEN
56542;Women;Personal Care;Eyes;Mascara;Black;Spring;2017;;Streetwear Wonder Lash Mascara;56542.jpg;http://assets.myntassets.com/v1/images/style/properties/Streetwear-Wonder-Lash-Mascara_451cef8b43007186eb05409f73f95e9d_images.jpg;WOMEN
30746;Men;Apparel;Topwear;Kurtas;Maroon;Summer;2012;Ethnic;Fabindia Men Printed Maroon Kurta;30746.jpg;http://assets.myntassets.com/v1/images/style/properties/133a6d2059a83636fb04f41b840b6356_images.jpg;MEN
22912;Women;Footwear;Shoes;Casual Shoes;Black;Fall;2011;Casual;Puma Women Future Cat Remix Black Shoes;22912.jpg;http://assets.myntassets.com/v1/images/style/properties/2ca51fd6e218ca84984daf0e751b6bff_images.jpg;WOMEN
53732;Women;Footwear;Shoes;Casual Shoes;Green;Winter;2014;Casual;Puma Women Green Supersuede Eco Casual Shoes;53732.jpg;http://assets.myntassets.com/v1/image/style/properties/53732/Puma-Women-Casual-Shoes_1_e7954babd7649c82849cb85ccd2b1477.jpg;WOMEN
54874;Women;Accessories;Jewellery;Necklace and Chains;Gold;Fall;2012;Casual;Ivory Tag Women Cluttered Aqua Cream and Green Necklace;54874.jpg;http://assets.myntassets.com/v1/images/style/properties/Ivory-Tag-Women-Cluttered-Aqua-Cream-and-Green-Necklace_e4df35dbdc25879c25b79fb83cd6f39f_images.jpg;WOMEN
18688;Women;Apparel;Innerwear;Briefs;Brown;Winter;2015;Casual;Hanes Women Pack of Three 100% Cotton Plain Hipsters;18688.jpg;http://assets.myntassets.com/v1/images/style/properties/Hanes-Women-Pack-of-Three-100-Cotton-Plain-Hipsters_7a78aa9925e5a591501f5bbb91e00324_images.jpg;WOMEN
51365;Women;Apparel;Bottomwear;Jeans;Blue;Summer;2012;Casual;Spykar  Women Blue Jeans;51365.jpg;http://assets.myntassets.com/v1/images/style/properties/bad4db201a52611b2f24323ea753a727_images.jpg;WOMEN
27609;Men;Apparel;Bottomwear;Trousers;Black;Summer;2012;Casual;Scullers Men Black Trousers;27609.jpg;http://assets.myntassets.com/v1/images/style/properties/25129ed3d2bb9d6a74e9346dd9840d72_images.jpg;MEN
23544;Men;Personal Care;Fragrance;Deodorant;Black;Spring;2017;Casual;Police Men Original Deo;23544.jpg;http://assets.myntassets.com/v1/images/style/properties/9e1caf565e8790875782a09dc3f44b28_images.jpg;MEN
37447;Men;Accessories;Belts;Belts;Black;Summer;2012;Casual;Turtle Men Black Belt;37447.jpg;http://assets.myntassets.com/v1/images/style/properties/a9476cf07b789f5455b8a3e2a3ea9b5c_images.jpg;MEN
36025;Men;Accessories;Belts;Belts;Black;Summer;2015;Casual;OTLS Men Brown & Black Reversible Leather Belt;36025.jpg;http://assets.myntassets.com/v1/images/style/properties/cc4393c4371c331be2ff6fe2d1c01e68_images.jpg;MEN
57744;Women;Personal Care;Makeup;Foundation and Primer;Skin;Spring;2017;Casual;Lotus Herbals Pure Radiance Fresh Ivory Daily Foundation 350;57744.jpg;http://assets.myntassets.com/v1/images/style/properties/Lotus-Herbals-Pure-Radiance-Fresh-Ivory-Daily-Foundation-350_2fa528b2a2ab590adb69666815209b64_images.jpg;WOMEN
56156;Women;Personal Care;Eyes;Kajal and Eyeliner;Blue;Spring;2017;Casual;Colorbar I-Glide Flirty Turq Eye Pencil 07;56156.jpg;http://assets.myntassets.com/assets/images/56156/2019/1/11/74db1eda-b58b-47eb-a8ef-ac72e5d2d7971547198481938-Colorbar-I-Glide-Flirty-Turq-Eye-Pencil-07-9751547198481867-1.jpg;WOMEN
47585;Women;Footwear;Shoes;Flats;Brown;Winter;2012;Ethnic;Portia Women Maroon Flats;47585.jpg;http://assets.myntassets.com/v1/images/style/properties/7b9431953ce0504e498d5a0103aceb71_images.jpg;WOMEN
7493;Women;Apparel;Bottomwear;Capris;Purple;Summer;2011;Sports;Nike Women Squad Purple Capri;7493.jpg;http://assets.myntassets.com/v1/images/style/properties/aeb2f299f6d19d96d5c1bc0b84342b7e_images.jpg;WOMEN
25484;Women;Footwear;Flip Flops;Flip Flops;Turquoise Blue;Summer;2012;Casual;Nike Women Solarsoft Thong Turquoise Blue Flip Flops;25484.jpg;http://assets.myntassets.com/v1/images/style/properties/761079fe4f03639598f67d56f5851f16_images.jpg;WOMEN
49116;Women;Personal Care;Lips;Lipstick;Brown;Spring;2017;Casual;Deborah 24 Ore Power 02 Lipstick;49116.jpg;http://assets.myntassets.com/v1/images/style/properties/Deborah-Chocolate-Light-24-Ore-Power-02-Lipstick_ce5a6955b316b0a37ff078b04c468bfe_images.jpg;WOMEN
52348;Women;Apparel;Loungewear and Nightwear;Nightdress;Blue;Winter;2015;Casual;Red Rose Women Blue Nightdress;52348.jpg;http://assets.myntassets.com/v1/images/style/properties/Red-Rose-Women-Blue-Nightdress_1cb2c6f87a50ed8df3b50b176dedeb45_images.jpg;WOMEN
8703;Women;Accessories;Eyewear;Sunglasses;Black;Winter;2016;Casual;Fastrack Women Hip Hop Sunglasses;8703.jpg;http://assets.myntassets.com/v1/images/style/properties/Fastrack-Women-Hip-Hop-Black-Sunglasses25ddd9dba89be886217550937b0b1904_images.jpg;WOMEN
23455;Men;Apparel;Bottomwear;Jeans;Blue;Summer;2012;Casual;Deni Yo Men Blue Washed Slim Fit Jeans;23455.jpg;http://assets.myntassets.com/v1/images/style/properties/dc15afc498ddaf7f7cce720fde76ab38_images.jpg;MEN
47179;Men;Footwear;Sandal;Sandals;Black;Summer;2012;Casual;Ganuchi Men Black Sandals;47179.jpg;http://assets.myntassets.com/v1/images/style/properties/c0c2d9af4c11425cee7f08c8b3b7dfd4_images.jpg;MEN
56509;Women;Personal Care;Lips;Lipstick;Pink;Spring;2017;Casual;Streetwear Lusicious Lips Hint of Pink Lipcolor 14;56509.jpg;http://assets.myntassets.com/v1/images/style/properties/Streetwear-Lusicious-Lips-Hint-of-Pink-Lipstick-14_894ed768fed73edcb7e4c3ee954595dc_images.jpg;WOMEN
43404;Men;Accessories;Socks;Socks;Multi;Summer;2012;Casual;Lino Perros Men Monday to Friday Socks;43404.jpg;http://assets.myntassets.com/v1/images/style/properties/e53994789bf70991aa8dd7e07fa04710_images.jpg;MEN
29882;Men;Accessories;Eyewear;Sunglasses;Brown;Winter;2016;Casual;Mayhem Men Aviator Sunglasses 1019-201;29882.jpg;http://assets.myntassets.com/v1/images/style/properties/41daadfd8d9cbcd0b3ca066b639246b4_images.jpg;MEN
49109;Women;Personal Care;Makeup;Foundation and Primer;Skin;Spring;2017;Casual;Deborah Age Reset Anti Ageing Foundation 01;49109.jpg;http://assets.myntassets.com/v1/images/style/properties/Deborah-Age-Reset-Anti--Ageing-Foundation_b380cc7751b1e8d0b333c0176e71ccd6_images.jpg;WOMEN
32444;Men;Apparel;Bottomwear;Shorts;Navy Blue;Winter;2015;Sports;ADIDAS Men Navy Blue Shorts;32444.jpg;http://assets.myntassets.com/v1/images/style/properties/efa062b802497e6a1bb76ce2025f2035_images.jpg;MEN
15412;Women;Footwear;Shoes;Sports Shoes;White;Fall;2012;Sports;Fila Women Hex II White And Black Sports Shoes;15412.jpg;http://assets.myntassets.com/v1/images/style/properties/FILA-Women-Sports-Shoes_305b6c5bdc7ecca7e0ca8dddc738be66_images.jpg;WOMEN
34604;Men;Apparel;Innerwear;Briefs;Grey;Summer;2016;Casual;Hanes Men Grey Boxer Brief;34604.jpg;http://assets.myntassets.com/v1/images/style/properties/6e8a832e12d3a5e56d6650e09a8c4b35_images.jpg;MEN
34069;Women;Footwear;Shoes;Flats;Black;Fall;2012;Formal;Clarks Women Black Leather Flat Shoes;34069.jpg;http://assets.myntassets.com/v1/images/style/properties/39b54ebcec4ccbdbdd5a4b7787faa4f5_images.jpg;WOMEN
15112;Men;Apparel;Bottomwear;Trousers;Olive;Fall;2011;Formal;Arrow Men TR Finish Olive Trousers;15112.jpg;http://assets.myntassets.com/v1/images/style/properties/3d7794d5630013dd3fdcb91ee7ecec9f_images.jpg;MEN
35334;Women;Accessories;Jewellery;Earrings;Silver;Winter;2016;Ethnic;Fabindia Women Anusuya Silver Earrings;35334.jpg;http://assets.myntassets.com/v1/images/style/properties/08392195ed2f10992c8e34e3a0908ba8_images.jpg;WOMEN
19522;Men;Apparel;Topwear;Sweaters;Navy Blue;Fall;2011;Casual;United Colors of Benetton Men Check Navy Blue Sweater;19522.jpg;http://assets.myntassets.com/v1/images/style/properties/fdebe4ead02b815ca8469aec76b27b4e_images.jpg;MEN
31898;Women;Apparel;Innerwear;Briefs;Black;Summer;2015;Casual;Heart 2 Heart Women Black Briefs H2H-10-2011;31898.jpg;http://assets.myntassets.com/v1/images/style/properties/e02b831f39a8bb74a19b374b5a278f96_images.jpg;WOMEN
8685;Women;Accessories;Eyewear;Sunglasses;Brown;Winter;2016;Casual;Fastrack Women Sunglasses;8685.jpg;http://assets.myntassets.com/v1/images/style/properties/Fastrack-Women-Sunglasses_dddc7ee9ed6bf6d26c76327d08aebeb4_images.jpg;WOMEN
11233;Women;Apparel;Bottomwear;Jeans;Black;Fall;2011;Casual;Flying Machine Women Low Rise Black Jeans;11233.jpg;http://assets.myntassets.com/v1/images/style/properties/3fb6a63d9d644b1ab4ee84e83af711bc_images.jpg;WOMEN
47263;Men;Apparel;Innerwear;Briefs;White;Summer;2016;Casual;FCUK Underwear Men White & Black Brief;47263.jpg;http://assets.myntassets.com/v1/images/style/properties/94149e122c061e66c5af85f1c5346c49_images.jpg;MEN
58850;Men;Accessories;Cufflinks;Cufflinks;Blue;Summer;2017;Casual;Hakashi Men Blue Cufflinks;58850.jpg;http://assets.myntassets.com/v1/images/style/properties/Hakashi-Men-Blue-Cufflinks_b2c9a47d99965e8e6f44503676856dc1_images.jpg;MEN
32803;Women;Footwear;Flip Flops;Flip Flops;Purple;Winter;2012;Casual;iPanema Women Neo Purple Flip Flops;32803.jpg;http://assets.myntassets.com/v1/images/style/properties/c9fba076f9c3ed300369769af57035f0_images.jpg;WOMEN
34999;Women;Accessories;Stoles;Stoles;Black;Summer;2012;Casual;Fabindia Women Black & Mustard Stole;34999.jpg;http://assets.myntassets.com/v1/images/style/properties/44135729acc70ea13036d227e97ffb57_images.jpg;WOMEN
20588;Women;Accessories;Wallets;Wallets;Green;Winter;2015;Casual;Baggit Women Kungfu Hoor Green Wallet;20588.jpg;http://assets.myntassets.com/v1/images/style/properties/55b4c9922d9a1bd913d403f040c3403a_images.jpg;WOMEN
13111;Men;Apparel;Bottomwear;Shorts;Black;Fall;2011;Sports;ADIDAS Men F 50 Style Black Shorts;13111.jpg;http://assets.myntassets.com/v1/images/style/properties/1e9fdb2e9fb1e0d624f47b1c33881c92_images.jpg;MEN
43753;Women;Accessories;Jewellery;Bangle;Gold;Summer;2012;Casual;Royal Diadem Set of 2 Golden Bangles;43753.jpg;http://assets.myntassets.com/v1/images/style/properties/24bb54dc08e190b95df528bb97ec06ff_images.jpg;WOMEN
16556;Men;Apparel;Topwear;Sweatshirts;Grey;Fall;2011;Casual;Basics Men Grey Printed Sweatshirt;16556.jpg;http://assets.myntassets.com/v1/images/style/properties/939b57f30f765b6dfb03b2e00d58d850_images.jpg;MEN
46679;Women;Personal Care;Fragrance;Perfume and Body Mist;Peach;Spring;2017;Casual;Rasasi Women Pack of 3 Perfumes;46679.jpg;http://assets.myntassets.com/v1/images/style/properties/Rasasi-Women-Pack-of-3-Perfumes_acd89cf05a9c6dc5ea7328ab0d07cab0_images.jpg;WOMEN
5351;Women;Footwear;Shoes;Sports Shoes;Beige;Fall;2011;Sports;Quechua Arpenaz Sandal 50 L Beige;5351.jpg;http://assets.myntassets.com/v1/images/style/properties/162c883f4042200e27227a8b5ca80550_images.jpg;WOMEN
38562;Men;Apparel;Bottomwear;Shorts;Black;Summer;2012;Sports;Nike Men Varsity Black Shorts;38562.jpg;http://assets.myntassets.com/v1/images/style/properties/9624b1b617feca424bef63551d75df5f_images.jpg;MEN
16508;Men;Apparel;Bottomwear;Jeans;Blue;Fall;2011;Casual;Locomotive Men Washed Blue Jeans;16508.jpg;http://assets.myntassets.com/v1/images/style/properties/6cb6a14583b044dca0a0bd9efc2fc4c7_images.jpg;MEN
44042;Men;Personal Care;Fragrance;Perfume and Body Mist;Grey;Spring;2017;Casual;Hugo Men XY Perfume;44042.jpg;http://assets.myntassets.com/v1/images/style/properties/52ed02d136695b22bb6babe4307f41ad_images.jpg;MEN
42814;Women;Apparel;Innerwear;Briefs;Grey;Summer;2012;Casual;Little Miss Intimates Women Grey Brief;42814.jpg;http://assets.myntassets.com/v1/images/style/properties/cd7b5866562001eaf0e6e965b1a2e42a_images.jpg;WOMEN
18483;Women;Footwear;Shoes;Casual Shoes;Black;Fall;2011;Casual;Puma Women Soleil Cat Black Casual Shoes;18483.jpg;http://assets.myntassets.com/v1/images/style/properties/a5cdbfba239389df5f0ca483cf6e2d32_images.jpg;WOMEN
51331;Men;Apparel;Topwear;Rain Jacket;Black;Summer;2015;Casual;Wildcraft Men Black Rain Cheater'13;51331.jpg;http://assets.myntassets.com/v1/images/style/properties/Wildcraft-Men-Black-Rain-Jacket_0c500a1062558ed9e5d16dc967b548b3_images.jpg;MEN
44029;Women;Personal Care;Fragrance;Perfume and Body Mist;White;Spring;2017;Casual;Boss Women Perfume;44029.jpg;http://assets.myntassets.com/v1/images/style/properties/826e9ba779de81f9bea1d982c7adf2a1_images.jpg;WOMEN
15670;Men;Apparel;Bottomwear;Jeans;Blue;Fall;2011;Casual;Locomotive Men Loco Denims Blue Jeans;15670.jpg;http://assets.myntassets.com/v1/images/style/properties/e57efcf192fd194b7f930d16a650f3d1_images.jpg;MEN
52958;Women;Apparel;Saree;Sarees;Red;Fall;2012;Ethnic;FNF Red Sari;52958.jpg;http://assets.myntassets.com/v1/images/style/properties/Fashion-N-Fabrics-Red-Sari_3a1ab847180c24adafff4390a5a4ee02_images.jpg;WOMEN
13350;Women;Apparel;Bottomwear;Jeans;Blue;Fall;2011;Casual;Spykar Blue Washed Jeans;13350.jpg;http://assets.myntassets.com/v1/images/style/properties/9b19c8f2fef89de0b58697e6ffaf14cd_images.jpg;WOMEN
6502;Men;Footwear;Shoes;Formal Shoes;Black;Winter;2018;Formal;Red Tape Men Black Formal Shoes;6502.jpg;http://assets.myntassets.com/v1/images/style/properties/Red-Tape-Men-Black-Formal-Shoes_f162b84ed06af6f7d4e4fcbec5a0801d_images.jpg;MEN
38483;Women;Accessories;Belts;Belts;White;Summer;2012;Casual;Baggit Women White Belt;38483.jpg;http://assets.myntassets.com/v1/images/style/properties/0894c1398e60604eafdae2ff2eb96ae4_images.jpg;WOMEN
12703;Women;Footwear;Shoes;Sports Shoes;White;Fall;2011;Sports;Nike Women Downshifter White Sports Shoes;12703.jpg;http://assets.myntassets.com/v1/images/style/properties/8134f87644fb5617381cc4657f69ab51_images.jpg;WOMEN
53751;Women;Apparel;Bottomwear;Track Pants;Mauve;Summer;2012;Casual;ADIDAS Women Mauve Track Pant;53751.jpg;http://assets.myntassets.com/v1/images/style/properties/Adidas-Women-Mauve-Track-Pant_c28dfbac2c30b0ea0273671c45fd7a0d_images.jpg;WOMEN
43673;Women;Apparel;Topwear;Jackets;Blue;Summer;2012;Casual;ONLY Women Blue Jacket;43673.jpg;http://assets.myntassets.com/v1/images/style/properties/ONLY-Women-Blue-Jacket_9c5273984a67acda1a5eea151c4c1fd6_images.jpg;WOMEN
54703;Women;Apparel;Apparel Set;Kurta Sets;Black;Fall;2012;Ethnic;Shree Women Black & Pink Salwar Suit with Dupatta;54703.jpg;http://assets.myntassets.com/v1/images/style/properties/Shree-Women-Black-and-Pink-Salwar-Suit_31fdce0b1d6a4fb09477d39cd8bf5970_images.jpg;WOMEN
57331;Women;Apparel;Innerwear;Bra;Peach;Winter;2015;Casual;Amante Peach-Coloured Demi-Cup Balconette Bra BCPP01;57331.jpg;http://assets.myntassets.com/v1/images/style/properties/Amante-Peach-Floral-Romance-Bra_68ee433641589d708dd8bf36a5bf1cfb_images.jpg;WOMEN
4830;Men;Apparel;Bottomwear;Track Pants;Navy Blue;Summer;2011;Sports;ADIDAS Men's Navy White Track Pant;4830.jpg;http://assets.myntassets.com/v1/images/style/properties/60b8847556860d3ceb1931ec18313431_images.jpg;MEN
47632;Women;Footwear;Shoes;Casual Shoes;Red;Spring;2013;Casual;Carlton London Women Red Shoes;47632.jpg;http://assets.myntassets.com/v1/images/style/properties/8049246753386e84a69059c12ea5b333_images.jpg;WOMEN
46334;Women;Footwear;Shoes;Sports Shoes;White;Summer;2012;Sports;Reebok Women White Zignano Race Sports Shoes;46334.jpg;http://assets.myntassets.com/v1/images/style/properties/2d4cfe868e2140cf089ea0761ea18335_images.jpg;WOMEN
25059;Men;Accessories;Accessories;Accessory Gift Set;Purple;Winter;2015;Formal;Lino Perros Men Formal Purple Accessory Gift Set;25059.jpg;http://assets.myntassets.com/v1/images/style/properties/e787db53223fa820e3df9f07dc62d175_images.jpg;MEN
58464;Men;Accessories;Belts;Belts;Brown;Summer;2012;Casual;Fossil Men Brown Belt;58464.jpg;http://assets.myntassets.com/v1/images/style/properties/Fossil-Men-Brown-Belt_0bc284870e2b5868ea85ec71ff6dc6f4_images.jpg;MEN
25779;Men;Apparel;Topwear;Suspenders;Black;Summer;2012;Formal;Arrow Men Black Suspenders;25779.jpg;http://assets.myntassets.com/v1/images/style/properties/Arrow-Men-Black-Suspenders_2a714cdf9e938316c8724277446e746d_images.jpg;MEN
24661;Men;Accessories;Socks;Socks;Black;Fall;2011;Casual;ADIDAS Originals Men White Casual Socks;24661.jpg;http://assets.myntassets.com/v1/images/style/properties/4a55bfe6e63f2b0d19f016b012487893_images.jpg;MEN
46259;Women;Apparel;Topwear;Tunics;Cream;Summer;2012;Casual;109F Women Cream-Coloured & Green Printed Tunic;46259.jpg;http://assets.myntassets.com/v1/images/style/properties/882c5709758523f3600f1bb1f1cffd74_images.jpg;WOMEN
27891;Women;Apparel;Topwear;Shirts;Purple;Summer;2012;Formal;Scullers For Her Purple Striped Shirt;27891.jpg;http://assets.myntassets.com/v1/images/style/properties/9764a62895329e8b6a6e9a396de30cb4_images.jpg;WOMEN
47207;Men;Footwear;Shoes;Formal Shoes;Brown;Summer;2012;Casual;Franco Leone Men Brown Shoes;47207.jpg;http://assets.myntassets.com/v1/images/style/properties/79da23dbbd21ac66596cb36cebd2fd6f_images.jpg;MEN
19032;Women;Footwear;Shoes;Flats;Beige;Winter;2015;Casual;Catwalk Women Beige Spectator Shoes;19032.jpg;http://assets.myntassets.com/v1/images/style/properties/b1a0d0b8c741f8f1e263622e2aeb2a9c_images.jpg;WOMEN
12422;Women;Footwear;Shoes;Casual Shoes;Pink;Fall;2011;Casual;Timberland Women Casual Pink Casual Shoes;12422.jpg;http://assets.myntassets.com/v1/images/style/properties/cc8683c2c9aca0fb1d259b3568d68787_images.jpg;WOMEN
32526;Men;Personal Care;Fragrance;Perfume and Body Mist;Red;Spring;2017;Casual;Tonino Lamborghini Men Feroce Perfume;32526.jpg;http://assets.myntassets.com/v1/images/style/properties/017cd14c536585b4a94ea63171e9c8dd_images.jpg;MEN
36113;Men;Accessories;Wallets;Wallets;Brown;Summer;2012;Casual;OTLS Men Brown Drake Wallet;36113.jpg;http://assets.myntassets.com/v1/images/style/properties/OTLS-Men-Brown-Wallet_509cb00a138763ec69fbd9446bdaf7da_images.jpg;MEN
48784;Women;Accessories;Jewellery;Pendant;Silver;Summer;2013;Casual;Lucera Women Silver Pendant;48784.jpg;http://assets.myntassets.com/v1/images/style/properties/d48c79ebb6b295dbce92b124e66e97df_images.jpg;WOMEN
39470;Women;Apparel;Topwear;Kurtis;Red;Summer;2012;Ethnic;Diva Women Red Kurti;39470.jpg;http://assets.myntassets.com/v1/images/style/properties/bd0c90d2ff2ed8fdb9ee288086ef3de2_images.jpg;WOMEN
15277;Men;Accessories;Socks;Socks;Black;Fall;2011;Sports;Nike Men pack of 3 Sports Socks;15277.jpg;http://assets.myntassets.com/v1/images/style/properties/5936096b3ea707a2da349211395d3393_images.jpg;MEN
57753;Women;Personal Care;Makeup;Foundation and Primer;Skin;Spring;2017;Casual;Lotus Herbals Sand Naturalblend Comfort Liquid Foundation 310;57753.jpg;http://assets.myntassets.com/v1/images/style/properties/Lotus-Herbals-Sand-Naturalblend-Comfort-Liquid-Foundation-310_5d32a583b56a2cfbe9c6711bfd37fc82_images.jpg;WOMEN
52465;Women;Apparel;Innerwear;Camisoles;Black;Winter;2015;Casual;Red Rose Black Camisole;52465.jpg;http://assets.myntassets.com/v1/images/style/properties/Red-Rose-Black-Bra_776671f2764c53f338d3c34bbff28172_images.jpg;WOMEN
55967;Women;Personal Care;Lips;Lipstick;Red;Spring;2017;Casual;Colorbar Velvet Matte All Fired Lipstick 83V;55967.jpg;http://assets.myntassets.com/assets/images/55967/2019/1/11/9d38a613-74bc-43a0-b675-fbde6d5850c01547189338569-Colorbar-Velvet-Matte-All-Fired-Lipstick-83V-956154718933808-1.jpg;WOMEN
39126;Women;Apparel;Bottomwear;Leggings;Yellow;Fall;2012;Casual;Aneri Women Yellow Leggings;39126.jpg;http://assets.myntassets.com/v1/images/style/properties/7995676edd8916b582bcbab4b96992c1_images.jpg;WOMEN
17205;Women;Accessories;Eyewear;Sunglasses;Black;Winter;2016;Casual;United Colors of Benetton Women Funky Eyewear Black Sunglass;17205.jpg;http://assets.myntassets.com/v1/images/style/properties/e3efa20d09136acef3cb2f777bc1e7c8_images.jpg;WOMEN
59112;Men;Apparel;Topwear;Jackets;Olive;Summer;2012;Casual;Just Natural Men Olive Jacket;59112.jpg;http://assets.myntassets.com/v1/images/style/properties/Just-Natural-Men-Olive-Jacket_f5611f6139262d6313a528e6682f9442_images.jpg;MEN
53078;Women;Accessories;Bags;Clutches;Pink;Summer;2012;Casual;Rocia Women Purple Clutch;53078.jpg;http://assets.myntassets.com/v1/images/style/properties/4dfe11fc1112c88c2989cd330e32fbb5_images.jpg;WOMEN
18792;Men;Accessories;Wallets;Wallets;Brown;Fall;2010;Casual;Peter England Men Elements Brown Wallet;18792.jpg;http://assets.myntassets.com/v1/images/style/properties/02b1b3b105e9a40fb11204a3ea6947ed_images.jpg;MEN
48340;Women;Accessories;Jewellery;Necklace and Chains;Silver;Fall;2012;Casual;Pitaraa Silver Ball Necklace;48340.jpg;http://assets.myntassets.com/v1/images/style/properties/3ac18cca7963bdc6cbe729b65d49e384_images.jpg;WOMEN
5001;Women;Apparel;Bottomwear;Capris;Blue;Summer;2011;Casual;Gini and Jony Girl's Tamira Blue Kidswear;5001.jpg;http://assets.myntassets.com/v1/images/style/properties/7c3faf4c0db9cf2c1fcc33b0819e56da_images.jpg;WOMEN
27755;Men;Accessories;Wallets;Wallets;Black;Winter;2015;Casual;Bulchee Men Black Wallet;27755.jpg;http://assets.myntassets.com/v1/images/style/properties/Bulchee-Men-Black-Wallet6756a66773ebfbf2943a4145017c5d47_images.jpg;MEN
59463;Women;Accessories;Jewellery;Ring;Silver;Summer;2015;Casual;Lucera Women Silver Ring;59463.jpg;http://assets.myntassets.com/v1/images/style/properties/Lucera-Women-Silver-Ring_4bac7a62324c00a0322f7368ad7048f7_images.jpg;WOMEN
27466;Women;Apparel;Innerwear;Briefs;Black;Winter;2017;Casual;Jockey Women Black Bikini Brief 1803-0105;27466.jpg;http://assets.myntassets.com/assets/images/27466/2019/1/17/0aa3c12f-5c2d-4cca-9f52-44125765f2591547707740088-Jockey-Women-Black-Bikini-Briefs-1803-0105-6481547707738991-1.jpg;WOMEN
33972;Women;Apparel;Topwear;Shirts;Blue;Summer;2012;Casual;Femella Women Blue Checked Shirt;33972.jpg;http://assets.myntassets.com/v1/images/style/properties/d446264cded5dfa82a76e2bd84b08de6_images.jpg;WOMEN
50021;Women;Apparel;Bottomwear;Leggings;Brown;Winter;2015;Casual;Hanes Women Brown Comfortsoft Waistband Cotton - Stretch Lace Capri Leggings;50021.jpg;http://assets.myntassets.com/v1/images/style/properties/7dc73cff668d2530f82e2a505526387f_images.jpg;WOMEN
44011;Men;Personal Care;Fragrance;Perfume and Body Mist;Black;Spring;2017;Casual;Police Men Pure Perfume;44011.jpg;http://assets.myntassets.com/v1/images/style/properties/4c8612116c18c88098168f58ffb86198_images.jpg;MEN
24607;Women;Apparel;Bottomwear;Jeans;Blue;Fall;2011;Casual;Spykar Women Blue Washed Jeans;24607.jpg;http://assets.myntassets.com/v1/images/style/properties/3be404ee2bf152880b89d71b866277c7_images.jpg;WOMEN
19355;Women;Apparel;Innerwear;Briefs;Blue;Summer;2017;Casual;Beyouty Women B01 Combo1 Fashion  Low-Rise Pack of 3 Breifs;19355.jpg;http://assets.myntassets.com/v1/images/style/properties/701f436c5d8e26d3e6782181249a1dc0_images.jpg;WOMEN
25104;Women;Accessories;Belts;Belts;Brown;Winter;2015;Casual;Lino Perros Women Brown Belts;25104.jpg;http://assets.myntassets.com/v1/images/style/properties/Lino-Perros-Women-Brown-Belts0deac57f3f2d5259669c622fcfc315b8_images.jpg;WOMEN
55443;Women;Personal Care;Lips;Lipstick;Brown;Spring;2017;Casual;Revlon Color Burst Chocolate Lipstick 60;55443.jpg;http://assets.myntassets.com/v1/images/style/properties/Revlon-Color-Brust-Chocolate-Lipstick-60_374ccfd805732c2bc0da78922e972b8e_images.jpg;WOMEN
20221;Men;Apparel;Topwear;Sweaters;Charcoal;Fall;2011;Casual;Wrangler Men Rib Charcoal Sweater;20221.jpg;http://assets.myntassets.com/v1/images/style/properties/d3001cdb5783354fcf49cfebcbf4c442_images.jpg;MEN
45993;Women;Apparel;Saree;Sarees;Maroon;Summer;2012;Ethnic;Fabindia Maroon Mangalgiri Saree;45993.jpg;http://assets.myntassets.com/v1/images/style/properties/61b4dd9a5f00d528bfde769b5b594143_images.jpg;WOMEN
48946;Men;Accessories;Jewellery;Ring;Steel;Summer;2012;Casual;Revv Men Steel Ring;48946.jpg;http://assets.myntassets.com/v1/images/style/properties/63e242c6b3fdd3af2f28c532a7573adb_images.jpg;MEN
49810;Women;Footwear;Flip Flops;Flip Flops;Brown;Winter;2012;Casual;iPanema Women Brown Flip Flops;49810.jpg;http://assets.myntassets.com/v1/images/style/properties/2b9a7392ab6e6ab2defa2c7c23db5367_images.jpg;WOMEN
44726;Women;Footwear;Flip Flops;Flip Flops;Grey;Summer;2010;Casual;Lotto Women Grey Flip Flop;44726.jpg;http://assets.myntassets.com/v1/images/style/properties/bb696c132737a3f9f9af2a63fe3f0630_images.jpg;WOMEN
42238;Women;Apparel;Topwear;Tunics;Grey;Summer;2012;Casual;Sepia Women Grey Tunic;42238.jpg;http://assets.myntassets.com/v1/images/style/properties/53ff8a56c25496d8e3d5d8f441d40431_images.jpg;WOMEN
47584;Women;Footwear;Shoes;Flats;Brown;Winter;2012;Casual;Portia Women Silver Flats;47584.jpg;http://assets.myntassets.com/v1/images/style/properties/554141aa70f84f9d6814d0eec1730d42_images.jpg;WOMEN
23822;Men;Footwear;Flip Flops;Flip Flops;Red;Summer;2012;Casual;Puma Men Breeze Red Flip Flops;23822.jpg;http://assets.myntassets.com/v1/images/style/properties/982e0bf3c351aa407d629531c0a249cc_images.jpg;MEN
58151;Men;Accessories;Headwear;Caps;Black;Summer;2012;Casual;Puma Men Black Cap;58151.jpg;http://assets.myntassets.com/v1/images/style/properties/Puma-Men-Black-Cap_c4e2b74e1ba6eeeb5adbb4f975eb2a20_images.jpg;MEN
49837;Women;Footwear;Flip Flops;Flip Flops;Blue;Winter;2012;Casual;iPanema Women Blue Flip Flops;49837.jpg;http://assets.myntassets.com/v1/images/style/properties/7a1e785e8f20a59d8262680cfc1bc808_images.jpg;WOMEN
55237;Women;Personal Care;Makeup;Foundation and Primer;Skin;Spring;2017;Casual;Lakme Invisible Finish Foundation 05;55237.jpg;http://assets.myntassets.com/assets/images/55237/2018/5/3/11525323499822-Lakme-Invisible-Finish-Foundation-05-2741525323499792-1.jpg;WOMEN
25000;Women;Apparel;Bottomwear;Capris;Black;Summer;2012;Casual;United Colors of Benetton Women Black Capris;25000.jpg;http://assets.myntassets.com/v1/images/style/properties/ed16099ddffac72b7f5fd58e2159c817_images.jpg;WOMEN
21310;Women;Accessories;Eyewear;Sunglasses;Brown;Winter;2016;Casual;Celine Dion Women Brown Frame Sunglasses;21310.jpg;http://assets.myntassets.com/v1/images/style/properties/10687ee6ee3fc5e5b514ee34fbc3403d_images.jpg;WOMEN
15043;Men;Apparel;Topwear;Jackets;Black;Fall;2011;Sports;ADIDAS Men Solid Black Jackets;15043.jpg;http://assets.myntassets.com/v1/images/style/properties/473586b9c3a796a01524f697aab5fbb5_images.jpg;MEN
51590;Women;Apparel;Bottomwear;Jeggings;Navy Blue;Summer;2012;Casual;Wrangler Women Navy Blue Jeggings;51590.jpg;http://assets.myntassets.com/v1/images/style/properties/13ba6b2f911e3ae85dafe246cc6a8734_images.jpg;WOMEN
35310;Women;Accessories;Jewellery;Earrings;Silver;Winter;2016;Ethnic;Fabindia Women Anusuya Silver Earrings;35310.jpg;http://assets.myntassets.com/v1/images/style/properties/eb4df97552b232240c17207fbf9bf3ee_images.jpg;WOMEN
48747;Women;Accessories;Jewellery;Bangle;Silver;Summer;2013;Casual;Lucera Women Silver Bangle;48747.jpg;http://assets.myntassets.com/v1/images/style/properties/Lucera-Women-Silver-Bangle_98fbeb5285cb443c3503a20a33276b39_images.jpg;WOMEN
44913;Men;Apparel;Bottomwear;Track Pants;White;Summer;2012;Casual;Puma Men White Track Pants;44913.jpg;http://assets.myntassets.com/v1/images/style/properties/48dd520bbca9b3d03065be7cc821087b_images.jpg;MEN
46940;Women;Personal Care;Fragrance;Perfume and Body Mist;Yellow;Spring;2017;Casual;York Women Miss No 1 Perfume;46940.jpg;http://assets.myntassets.com/v1/images/style/properties/e3334b1243bd3a969f1228b2d7b06247_images.jpg;WOMEN
51594;Women;Apparel;Bottomwear;Jeggings;Blue;Summer;2012;Casual;Wrangler Women Blue Jeggings;51594.jpg;http://assets.myntassets.com/v1/images/style/properties/46451539dcb26e6e922e07c9a691d2bf_images.jpg;WOMEN
52475;Women;Apparel;Loungewear and Nightwear;Bath Robe;White;Winter;2015;;Red Rose White & Red Dot Print Bath Robe;52475.jpg;http://assets.myntassets.com/assets/images/52475/2016/1/4/11451906716090-Red-Rose-Women-White--Red-Polka-Dot-Print-Bath-Robe-8241451906713582-1.jpg;WOMEN
43300;Men;Footwear;Flip Flops;Flip Flops;Yellow;Summer;2012;Casual;United Colors of Benetton Men Yellow & Black Flip Flop;43300.jpg;http://assets.myntassets.com/v1/images/style/properties/f6a19a985bfec69fea0eacd4f2a8a67e_images.jpg;MEN
17975;Women;Footwear;Sandal;Sports Sandals;Navy Blue;Fall;2011;Casual;Puma Women Navy Blue Sandal;17975.jpg;http://assets.myntassets.com/v1/images/style/properties/ad5d657ef6defbd129be9208e3f26a98_images.jpg;WOMEN
54090;Women;Apparel;Topwear;Kurtis;White;Summer;2012;Ethnic;Mumbai Slang Women White Kurti;54090.jpg;http://assets.myntassets.com/v1/images/style/properties/Mumbai-Slang-Women-White-Kurta_94e770acf5b819636c07118a70ef84a6_images.jpg;WOMEN
47560;Women;Footwear;Shoes;Flats;Maroon;Winter;2014;Casual;Portia Women Maroon Flats;47560.jpg;http://assets.myntassets.com/v1/images/style/properties/0df3ac5f053b7214ab96a4247ac646bf_images.jpg;WOMEN
56109;Women;Personal Care;Lips;Lip Gloss;Red;Spring;2017;Casual;ColorBar Temptress Lip Pot 018;56109.jpg;http://assets.myntassets.com/assets/images/56109/2019/1/11/05d2cecf-a178-4c98-b233-52eb068879a61547196907936-ColorBar-Temptress-Lip-Pot-018-2621547196907871-1.jpg;WOMEN
25770;Men;Apparel;Topwear;Suspenders;Black;Summer;2012;Formal;Lino Perros Men Black Suspenders;25770.jpg;http://assets.myntassets.com/v1/images/style/properties/Lino-Perros-Men-Black-Suspenders_88ddb91433d9bbaf7c3779eb903f4a5d_images.jpg;MEN
57733;Women;Personal Care;Lips;Lip Care;Brown;Spring;2017;;Lotus Herbals Cocoa Lip Balm;57733.jpg;http://assets.myntassets.com/v1/images/style/properties/Lotus-Herbals-Cocoa-Lip-Balm_5dc9840118510ce07ab88df756f8f622_images.jpg;WOMEN
56059;Women;Personal Care;Lips;Lip Gloss;Brown;Spring;2017;Casual;Colorbar Extra Durable Cosmo Lip Color 10;56059.jpg;http://assets.myntassets.com/v1/images/style/properties/Colorbar-Extra-Durable-Cosmo-Lip-Color-10_5ebca8063459c4131f4a24637ffffc5d_images.jpg;WOMEN
59616;Women;Apparel;Saree;Sarees;Purple;Summer;2012;Ethnic;FNF Purple Wedding Collection Sari;59616.jpg;http://assets.myntassets.com/v1/images/style/properties/FNF-Purple---Bronze-Collection-for-Wedding-Sari_9638313583f0762bf81fd5162bc9a68d_images.jpg;WOMEN
50321;Women;Apparel;Topwear;Kurtis;Black;Summer;2012;Ethnic;Aurelia Women Black Kurti;50321.jpg;http://assets.myntassets.com/v1/images/style/properties/Aurelia-Women-Black-Kurta_2c653aff6557df87eba31b9986d6a574_images.jpg;WOMEN
12676;Men;Apparel;Bottomwear;Trousers;Brown;Fall;2011;Casual;Probase Men Solid Brown Trousers;12676.jpg;http://assets.myntassets.com/v1/images/style/properties/c1578fbd420510090285e87cbc66b98e_images.jpg;MEN
32746;Women;Footwear;Shoes;Sports Shoes;Black;Summer;2012;Sports;FILA Women Skeletoes Slide Black Shoes;32746.jpg;http://assets.myntassets.com/v1/images/style/properties/5c5b86ab99b13188339fc2c658d32ecb_images.jpg;WOMEN
28216;Women;Personal Care;Fragrance;Deodorant;Green;Spring;2017;Casual;YARDLEY Women Jasmine Deodorant;28216.jpg;http://assets.myntassets.com/v1/images/style/properties/Yardley-London-Women-Jasmine-Deo_3ba1dad8bbdfa2f12d6b6f0bce6e99c2_images.jpg;WOMEN
48741;Men;Accessories;Jewellery;Bangle;Steel;Summer;2012;Casual;Revv Men Steel Bangle;48741.jpg;http://assets.myntassets.com/v1/images/style/properties/ad5c8f8903f763faf1891673067b854c_images.jpg;MEN
55398;Women;Personal Care;Eyes;Mascara;Black;Spring;2017;Casual;Revlon Lash Fantasy Blackest Black Mascara And Primer;55398.jpg;http://assets.myntassets.com/v1/images/style/properties/Revlon-Lash-Fantasy-Blackest-Black-Mascara-And-Primer_081656b2e0a84871d47b1b40930f1e0f_images.jpg;WOMEN
43704;Women;Accessories;Jewellery;Jewellery Set;Green;Summer;2012;Casual;Royal Diadem Green Earring & Pendant Set;43704.jpg;http://assets.myntassets.com/v1/images/style/properties/b5a164f634a692a5a81295e47b37f818_images.jpg;WOMEN
19955;Men;Apparel;Topwear;Sweaters;Purple;Fall;2011;Casual;United Colors Of Benetton Men Purple Sweater;19955.jpg;http://assets.myntassets.com/v1/images/style/properties/757c274d532e0dae0c5f705e50978f22_images.jpg;MEN
18791;Men;Accessories;Wallets;Wallets;Black;Summer;2011;Casual;Peter England Men Elements Black Wallet;18791.jpg;http://assets.myntassets.com/v1/images/style/properties/3ff6d379741825cf1f33437252fed861_images.jpg;MEN
49704;Men;Accessories;Ties;Ties;Blue;Summer;2012;Casual;Park Avenue Men Blue Tie;49704.jpg;http://assets.myntassets.com/v1/images/style/properties/d9590a22a0417ca6a38fcde931f7034f_images.jpg;MEN
28505;Men;Apparel;Bottomwear;Shorts;Grey;Summer;2012;Sports;Nike Men Tempo Grey Shorts;28505.jpg;http://assets.myntassets.com/v1/images/style/properties/87568f1035443333fcb90f93bab8ad73_images.jpg;MEN
49956;Men;Apparel;Bottomwear;Shorts;Black;Summer;2016;Casual;Hanes Men Black Panelled 3/4th Pants;49956.jpg;http://assets.myntassets.com/v1/images/style/properties/Hanes-Men-Black-34-Length-Pants_dfde6adbd6e94538191985b20d4f8971_images.jpg;MEN
30780;Men;Apparel;Topwear;Kurtas;Blue;Summer;2012;Ethnic;Fabindia Men Striped Blue Striped Kurta;30780.jpg;http://assets.myntassets.com/v1/images/style/properties/3149b0c9d91b4f46c3fb7046b39315d4_images.jpg;MEN
30709;Women;Accessories;Bags;Clutches;Red;Summer;2012;Ethnic;Fabindia Red Silk Sling Purse;30709.jpg;http://assets.myntassets.com/v1/images/style/properties/3e9a0744249bda2bdaa6617e82e6481d_images.jpg;WOMEN
32203;Men;Apparel;Topwear;Kurtas;Blue;Summer;2012;Ethnic;Fabindia Men Printed Blue Kurta;32203.jpg;http://assets.myntassets.com/v1/images/style/properties/7305a2b9162f656bf8f315ba7e67a1ac_images.jpg;MEN
5575;Girls;Apparel;Bottomwear;Skirts;Green;Summer;2011;Casual;Ant Kids Girl's Green Kidswear;5575.jpg;http://assets.myntassets.com/v1/images/style/properties/f2ec93a92dc6cc6c41e9442f3e1f7d7a_images.jpg;WOMEN
43098;Women;Personal Care;Fragrance;Deodorant;Purple;Spring;2017;Casual;Reebok Women Pack of 3 Deo;43098.jpg;http://assets.myntassets.com/v1/images/style/properties/Reebok-Women-Pack-of-3-Deo_b0a734de8513ad707df2d94a3f395934_images.jpg;WOMEN
48760;Women;Accessories;Jewellery;Jewellery Set;White;Summer;2012;Casual;Miki Pearl Women Ivory Jewellery Set;48760.jpg;http://assets.myntassets.com/v1/images/style/properties/861323fe736fa1bfdaeeb75a2be31bfa_images.jpg;WOMEN
44016;Men;Personal Care;Bath and Body;Body Wash and Scrub;Silver;Spring;2017;Casual;BOSS Men Selection Shower Gel;44016.jpg;http://assets.myntassets.com/v1/images/style/properties/dddab7caab3a41b87fd45ce09be7f445_images.jpg;MEN
19333;Women;Apparel;Topwear;Jackets;Navy Blue;Fall;2011;Casual;United Colors of Benetton Women Solid Navy Blue Jacket;19333.jpg;http://assets.myntassets.com/v1/images/style/properties/53b6f0bc86a1fad24287fc5eda84bd60_images.jpg;WOMEN
52408;Women;Apparel;Loungewear and Nightwear;Nightdress;Maroon;Winter;2015;Casual;Red Rose Women Maroon Nightdress;52408.jpg;http://assets.myntassets.com/v1/images/style/properties/Red-Rose-Women-Maroon-Nightdress_d0b099f8ee10a63587c518140470fd8d_images.jpg;WOMEN
34901;Women;Apparel;Topwear;Dupatta;Olive;Summer;2012;Ethnic;Fabindia Olive Green Hand Printed Kota Dupatta;34901.jpg;http://assets.myntassets.com/v1/images/style/properties/e4f33a9741fb3146a6fe191f040ded6d_images.jpg;WOMEN
52500;Women;Apparel;Loungewear and Nightwear;Baby Dolls;Purple;Winter;2015;Casual;Red Rose Purple Nightdress;52500.jpg;http://assets.myntassets.com/v1/images/style/properties/Red-Rose-Purple-Nightdress_275a60de7e4a398770892c9b8185d3c8_images.jpg;WOMEN
44133;Women;Personal Care;Fragrance;Perfume and Body Mist;Silver;Spring;2017;Casual;DKNY Women Perfume;44133.jpg;http://assets.myntassets.com/v1/images/style/properties/1b547d4866136662b456abc6399870be_images.jpg;WOMEN
34908;Women;Apparel;Topwear;Dupatta;Black;Summer;2012;Ethnic;Fabindia Women Black Dupatta;34908.jpg;http://assets.myntassets.com/v1/images/style/properties/f4f9110b8cf3f3f92be9b7d61c63d943_images.jpg;WOMEN
14598;Women;Apparel;Bottomwear;Stockings;Purple;Summer;2011;Casual;United Colors of Benetton Women Solid Purple Stockings;14598.jpg;http://assets.myntassets.com/v1/images/style/properties/e9493dfcf2bdbf356a2b47021ef0d8da_images.jpg;WOMEN
48728;Women;Accessories;Jewellery;Earrings;Silver;Summer;2015;Casual;Lucera Women Silver Earrings;48728.jpg;http://assets.myntassets.com/v1/images/style/properties/b43abda6bdec9a91404041f3488e7413_images.jpg;WOMEN
27964;Men;Apparel;Innerwear;Innerwear Vests;Black;Summer;2016;Casual;Jockey Men Black Innerwear Vest;27964.jpg;http://assets.myntassets.com/v1/images/style/properties/b18a804f8f6fd6921436bfe7090a0756_images.jpg;MEN
52472;Women;Apparel;Loungewear and Nightwear;Bath Robe;Pink;Winter;2015;Casual;Red Rose Women White & Pink Polka Dot Print Bath Robe;52472.jpg;http://assets.myntassets.com/v1/images/style/properties/Red-Rose-Women-Bath-Robe_b47ef24153050e66fce7429a01204ca9_images.jpg;WOMEN
3323;Men;Apparel;Topwear;Jackets;Blue;Summer;2011;Sports;KKR Mens Fangear Tee;3323.jpg;http://assets.myntassets.com/v1/images/style/properties/KKR-Mens-Fangear-Tee_446ccb02da172860b4b5f414c2da146d_images.jpg;MEN
39011;Girls;Apparel;Bottomwear;Leggings;Blue;Summer;2012;Casual;Gini and Jony Girls Happy Style Blue Leggings;39011.jpg;http://assets.myntassets.com/v1/images/style/properties/9f7f2477e61d460ddfee2f7ad37010f4_images.jpg;WOMEN
6353;Girls;Footwear;Sandal;Sandals;Pink;Summer;2015;Casual;Crocs Girls Pink Clogs;6353.jpg;http://assets.myntassets.com/v1/images/style/properties/8e0abca225635f72605f2a7e3b5cff85_images.jpg;WOMEN
56065;Women;Personal Care;Lips;Lip Gloss;Maroon;Spring;2017;Casual;Colorbar Extra Durable Sauve Lip Color 001;56065.jpg;http://assets.myntassets.com/assets/images/56065/2019/1/11/74f9ac2c-0709-43e3-9e1f-ca52e5560d151547191412610-Colorbar-Extra-Durable-Sauve-Lip-Color-001-5271547191412540-1.jpg;WOMEN
49769;Women;Apparel;Topwear;Tunics;White;Summer;2012;Casual;Alma Women White Tunic;49769.jpg;http://assets.myntassets.com/v1/images/style/properties/Alma-Women-White-Kurta_93a676fa1d399e91898ebcbb78ee05cf_images.jpg;WOMEN
59523;Women;Accessories;Jewellery;Earrings;Silver;Summer;2015;Casual;Lucera Silver Earrings;59523.jpg;http://assets.myntassets.com/v1/images/style/properties/Lucera-Silver-Earrings_7ea068c0af4d348c2271017173fc8fd2_images.jpg;WOMEN
58112;Women;Accessories;Jewellery;Earrings;Brown;Fall;2012;Casual;Rreverie Dark Brown & Turquoise Earrings;58112.jpg;http://assets.myntassets.com/v1/images/style/properties/Rreverie-Black---Turquoise-Earrings_6bab6b10ecd4fae20a2bc6a96efa46c7_images.jpg;WOMEN
28878;Women;Apparel;Bottomwear;Leggings;Lavender;Summer;2012;Casual;BIBA OUTLET Women Lavender Leggings;28878.jpg;http://assets.myntassets.com/v1/images/style/properties/a433f29ac78e2dd25a1684266eb1359c_images.jpg;WOMEN
25106;Women;Accessories;Belts;Belts;Brown;Winter;2015;Casual;Lino Perros Women Brown Belt;25106.jpg;http://assets.myntassets.com/v1/images/style/properties/Lino-Perros-Women-Casual-Brown-Beltf93aaff6a86baecfe8f0b57475f648e3_images.jpg;WOMEN
40427;Women;Apparel;Dress;Jumpsuit;Olive;Summer;2012;Casual;Tonga Women Beige Jumpsuit;40427.jpg;http://assets.myntassets.com/v1/images/style/properties/3814f9020b5c74c8412be1c07babfb99_images.jpg;WOMEN
35209;Women;Accessories;Bags;Backpacks;Pink;Spring;2013;Casual;Wildcraft Women Pink & Grey Backpack;35209.jpg;http://assets.myntassets.com/v1/images/style/properties/Wildcraft-Women-Polyester-Pink-Backpack_fbbb26b958f7c4d317330f59e4834072_images.jpg;WOMEN
22548;Women;Personal Care;Fragrance;Deodorant;Purple;Spring;2017;Casual;Reebok Women Reestyle Deo;22548.jpg;http://assets.myntassets.com/v1/images/style/properties/951c290509c70c177ac391f0006468f9_images.jpg;WOMEN
59948;Women;Personal Care;Fragrance;Deodorant;Black;Spring;2017;Casual;Taylor of London Women Red Ribbon Deo;59948.jpg;http://assets.myntassets.com/v1/images/style/properties/Taylor-of-London-Red-Ribbon-Deo_2cd4402539a2e5165feb6c6cb0d4bffe_images.jpg;WOMEN
18888;Women;Apparel;Topwear;Shirts;Purple;Fall;2011;Casual;Arrow Woman Sylvia Purple Shirt;18888.jpg;http://assets.myntassets.com/v1/images/style/properties/5b82a50ac68fcc44149cf83e0731b0fb_images.jpg;WOMEN
50004;Women;Apparel;Innerwear;Bra;Grey Melange;Winter;2015;Sports;Hanes Women Grey Melange Cotton Stretch Shirred Crop Top Bra;50004.jpg;http://assets.myntassets.com/v1/images/style/properties/Hanes-Grey-Melange-Eden-Bra_10e925ace532d3cae0eec0e846893cb9_images.jpg;WOMEN
46637;Women;Personal Care;Fragrance;Deodorant;White;Spring;2017;Casual;Rasasi Women Feelings Deo;46637.jpg;http://assets.myntassets.com/v1/images/style/properties/4f4da8b583f50b961b9cfe66669a00e8_images.jpg;WOMEN
22464;Women;Apparel;Bottomwear;Leggings;Black;Fall;2011;Casual;Myntra Women Black Patiala Salwar;22464.jpg;http://assets.myntassets.com/v1/images/style/properties/e86d30d2b002aacbfbcc0df90ecf1e4a_images.jpg;WOMEN
15329;Men;Apparel;Topwear;Sweaters;White;Fall;2011;Sports;Nike Men Solid White Sweaters;15329.jpg;http://assets.myntassets.com/v1/images/style/properties/4467e21ff2fc8878ee0a930813edd908_images.jpg;MEN
57091;Women;Apparel;Bottomwear;Skirts;Black;Summer;2012;Casual;Elle Women Black Skirt;57091.jpg;http://assets.myntassets.com/v1/images/style/properties/Elle-Women-Black-Skirt_90139a8bf131ec0f8079c300deeb805c_images.jpg;WOMEN
48939;Women;Accessories;Jewellery;Ring;Silver;Summer;2013;Casual;Lucera Women Silver Ring;48939.jpg;http://assets.myntassets.com/v1/images/style/properties/Lucera-Women-Silver-Ring_b013dd93463675ed15afb9cd9436341a_images.jpg;WOMEN
18376;Men;Apparel;Innerwear;Trunk;Black;Summer;2016;Casual;Under Colors of Benetton Men Black Boxer Trunks;18376.jpg;http://assets.myntassets.com/v1/images/style/properties/Undercolors-of-Benetton-Men-Blue-Boxer-Briefs_5d9aa58ac8be0f80997d28a9f51245d1_images.jpg;MEN
38992;Boys;Apparel;Topwear;Jackets;Blue;Summer;2012;Casual;Gini and Jony Boys Rodeo Blue Jacket;38992.jpg;http://assets.myntassets.com/v1/images/style/properties/be512bf2eb7d12c1a9e85b59240a505d_images.jpg;MEN
20537;Women;Accessories;Belts;Belts;Green;Winter;2015;Casual;Baggit Women Flora Astro Green Belt;20537.jpg;http://assets.myntassets.com/v1/images/style/properties/Baggit-Women-Flora-Astro-Green-Belt6e4b62940cbf499f57d3be5a3fa645b9_images.jpg;WOMEN
17993;Women;Apparel;Bottomwear;Track Pants;Grey;Fall;2009;Sports;Puma Women Essential Skinny Grey Track Pant;17993.jpg;http://assets.myntassets.com/v1/images/style/properties/8f8cc81bb453354b2134195770e2a2ca_images.jpg;WOMEN
53071;Women;Accessories;Bags;Clutches;Red;Summer;2012;Casual;Rocia Women Red Clutch;53071.jpg;http://assets.myntassets.com/v1/images/style/properties/20dd322ceeefe9e7ea001070df5bdd56_images.jpg;WOMEN
50026;Women;Apparel;Bottomwear;Leggings;Maroon;Winter;2015;Casual;Hanes Women Maroon ComfortSoft Waistband Cotton Stretch Full Leggings;50026.jpg;http://assets.myntassets.com/v1/images/style/properties/59c8b90846529ecad57945a924fa4e30_images.jpg;WOMEN
55940;Women;Personal Care;Nails;Nail Polish;Pink;Spring;2017;Casual;Colorbar Autumn Rose Nail Lacquer 20;55940.jpg;http://assets.myntassets.com/assets/images/55940/2019/1/11/ceee5851-83fd-4920-ad48-e65dcf7750761547188945612-Colorbar-Autumn-Rose-Nail-Lacquer-20-1221547188945294-1.jpg;WOMEN
43965;Men;Personal Care;Fragrance;Perfume and Body Mist;Brown;Spring;2017;Casual;DKNY Men Be Delicious Perfume;43965.jpg;http://assets.myntassets.com/v1/images/style/properties/20864f20fd6e0fbe6f11a671d119c37f_images.jpg;MEN
52902;Women;Apparel;Saree;Sarees;Blue;Fall;2012;Ethnic;FNF Blue Printed Sari;52902.jpg;http://assets.myntassets.com/v1/images/style/properties/Fashion-N-Fabrics-Printed-Blue-Sari_2b17cc3eb00125f9336689bfc67927a5_images.jpg;WOMEN
58943;Women;Personal Care;Fragrance;Perfume and Body Mist;Blue;Spring;2017;Casual;Taylor of London Women Panache Perfume;58943.jpg;http://assets.myntassets.com/v1/images/style/properties/Taylor-of-London-Women-Panache-Perfume_39badf36bf6381f14155a1094f90eb60_images.jpg;WOMEN
23893;Women;Footwear;Sandal;Sports Sandals;Pink;Fall;2012;Casual;Fila Women Shelby Pink Sports Sandals;23893.jpg;http://assets.myntassets.com/v1/images/style/properties/FILA-Women-Sandals_7f859215d69d33699f248181a7f04d76_images.jpg;WOMEN
56616;Women;Personal Care;Makeup;Highlighter and Blush;Peach;Spring;2017;Casual;Streetwear Stay On Mineral Peppy Apricot Blusher;56616.jpg;http://assets.myntassets.com/v1/images/style/properties/Streetwear-Stay-On-Mineral-Peppy-Apricot-Blusher_f50a604f697279daf37145c892d4f063_images.jpg;WOMEN
19884;Women;Accessories;Headwear;Caps;White;Fall;2011;Casual;ADIDAS Originals Women Brillo White Cap;19884.jpg;http://assets.myntassets.com/v1/images/style/properties/Adidas-Originals-Women-Brillo-White-Cape3fa88cff8f83b3a49ca4e00d3ea48e8_images.jpg;WOMEN
26982;Women;Apparel;Bottomwear;Capris;Beige;Summer;2012;Casual;Jealous 21 Women Beige Capris;26982.jpg;http://assets.myntassets.com/v1/images/style/properties/4fcdde2c7e35c40a187985a6692fd049_images.jpg;WOMEN
49723;Men;Accessories;Ties;Ties;Blue;Summer;2012;Casual;Park Avenue Men Blue Tie;49723.jpg;http://assets.myntassets.com/v1/images/style/properties/Park-Avenue-Men-Blue-Tie_5b278e15be4133ad743dec64dc22e293_images.jpg;MEN
17992;Women;Apparel;Loungewear and Nightwear;Lounge Pants;Black;Summer;2010;Sports;Puma Women Essential Skinny Black Track Pant;17992.jpg;http://assets.myntassets.com/v1/images/style/properties/b4960e53fb982019da158047a63bb694_images.jpg;WOMEN
46742;Women;Apparel;Bottomwear;Track Pants;Grey;Summer;2012;Sports;Nike Women Grey Track Pants;46742.jpg;http://assets.myntassets.com/v1/images/style/properties/f5de850d11c44d3d0a5d4edf95b114be_images.jpg;WOMEN
55222;Women;Personal Care;Lips;Lip Liner;Brown;Spring;2017;Casual;Lakme Perfect Defination Walnut Lipliner 02;55222.jpg;http://assets.myntassets.com/v1/images/style/properties/Lakme-Perfect-Defination-Walnut-Lipliner-02_20c539cbdab866445ff507108cb472d2_images.jpg;WOMEN
48796;Women;Accessories;Jewellery;Pendant;Silver;Summer;2013;Casual;Lucera Women Silver Pendant;48796.jpg;http://assets.myntassets.com/v1/images/style/properties/ad318d50bcb73666e8f8f13e95f87cab_images.jpg;WOMEN
33272;Girls;Apparel;Bottomwear;Capris;Pink;Summer;2012;Casual;Gini & Jony Girls Pink Pedal Pusher;33272.jpg;http://assets.myntassets.com/v1/images/style/properties/796dd7cad495afb6d1bb04bc035f3d38_images.jpg;WOMEN
2558;Women;Apparel;Bottomwear;Track Pants;Black;Summer;2011;Casual;Domyos Women Trompette Track Pant;2558.jpg;http://assets.myntassets.com/v1/images/style/properties/52a481b0a3f5f940ec05f7adeae17bca_images.jpg;WOMEN
30472;Women;Apparel;Innerwear;Bra;Black;Summer;2015;Casual;Lovable Black All Day Long Bra L0296;30472.jpg;http://assets.myntassets.com/v1/images/style/properties/cb093d1fffddfdd1b11b88f7b2753380_images.jpg;WOMEN
27525;Men;Apparel;Topwear;Jackets;Olive;Summer;2012;Casual;Scullers Men Olive Jacket;27525.jpg;http://assets.myntassets.com/v1/images/style/properties/1f14ede253d98d3dc4a4152d01947453_images.jpg;MEN
49798;Men;Accessories;Headwear;Caps;Green;Summer;2012;Casual;Flying Machine Men Green Cap;49798.jpg;http://assets.myntassets.com/v1/images/style/properties/54a4c334f5134bbe055271a134214478_images.jpg;MEN
55840;Women;Personal Care;Nails;Nail Polish;Rust;Spring;2017;Casual;Colorbar Pro Rusk Beauty Nail Lacquer 057;55840.jpg;http://assets.myntassets.com/assets/images/55840/2019/1/10/45d60a8c-105d-472b-95bd-afdc3933fc5f1547123266840-Colorbar-Pro-Rusk-Beauty-Nail-Lacquer-057-6341547123266725-1.jpg;WOMEN
48854;Women;Accessories;Jewellery;Pendant;Silver;Summer;2012;Casual;Lucera Women Silver Pendant;48854.jpg;http://assets.myntassets.com/v1/images/style/properties/6000f18be7de4742b307b96f467e21ef_images.jpg;WOMEN
55866;Women;Personal Care;Nails;Nail Polish;Blue;Spring;2017;Casual;Colorbar Turquoise Nail Lacquer 88;55866.jpg;http://assets.myntassets.com/assets/images/55866/2019/1/10/92cd3b64-5520-4540-8b08-8bfb0ca5885e1547124350427-Colorbar-Turquoise-Nail-Lacquer-88-2151547124350302-1.jpg;WOMEN
30484;Women;Apparel;Innerwear;Bra;Black;Summer;2014;Casual;Lovable Women Fiona Black Bra;30484.jpg;http://assets.myntassets.com/v1/images/style/properties/270811cc79bf9b0efe576ab08ce06156_images.jpg;WOMEN
19337;Men;Apparel;Topwear;Jackets;Black;Fall;2011;Casual;United Colors of Benetton Men Stripes Black Jacket;19337.jpg;http://assets.myntassets.com/v1/images/style/properties/3aededb2a4f5feb762fe668a1c260177_images.jpg;MEN
13996;Women;Apparel;Topwear;Jackets;Black;Fall;2011;Sports;Nike Women Solid Black Jackets;13996.jpg;http://assets.myntassets.com/v1/images/style/properties/70be6d2bd903aa710a7a24e4a383df8e_images.jpg;WOMEN
25118;Women;Accessories;Bags;Clutches;Black;Winter;2015;Casual;Lino Perros Women Beaded Black Clutch;25118.jpg;http://assets.myntassets.com/v1/images/style/properties/Lino-Perros-Women-Beads-Black-Clutch_1062ac4ec83bf03c7bfdb6399978f038_images.jpg;WOMEN
55531;Women;Personal Care;Makeup;Foundation and Primer;Skin;Spring;2017;Casual;Revlon Touch And Glow Ivory Mist Moisturising Make up 08;55531.jpg;http://assets.myntassets.com/v1/images/style/properties/Revlon-Touch-And-Glow-Ivory-Mist-Moisturising-Make-up-08_05ebef8e12a17b32e6ff9022ad4530e2_images.jpg;WOMEN
40747;Women;Accessories;Headwear;Caps;Beige;Winter;2012;Casual;Roxy Women Beige Cap;40747.jpg;http://assets.myntassets.com/v1/images/style/properties/c81ebebb29c13a28b87eab3b31782e76_images.jpg;WOMEN
29778;Men;Apparel;Bottomwear;Trousers;Brown;Summer;2013;Casual;Basics Men Brown Trousers;29778.jpg;http://assets.myntassets.com/v1/images/style/properties/Basics-Men-Brown-Flatfront-Trousers_981385e4c59e10e7303cba4a06bbba55_images.jpg;MEN
35010;Women;Accessories;Stoles;Stoles;Beige;Summer;2012;Ethnic;Fabindia Women Printed Beige & Rust Stole;35010.jpg;http://assets.myntassets.com/v1/images/style/properties/9a1d9d42069299f9e054ca71cce30f26_images.jpg;WOMEN
34945;Women;Apparel;Topwear;Dupatta;Grey;Summer;2012;Ethnic;Fabindia Grey Hand Printed Chanderi Dupatta;34945.jpg;http://assets.myntassets.com/v1/images/style/properties/Fabindia-Grey-Hand-Printed-Chanderi-Dupatta_7b5be915d3f3817ecd84d62460f9f1a9_images.jpg;WOMEN
50673;Men;Apparel;Innerwear;Trunk;Black;Summer;2016;Casual;Chromozome Men Black Trunks;50673.jpg;http://assets.myntassets.com/v1/images/style/properties/83999400062e4f20f6da3f3f277be1cf_images.jpg;MEN
25122;Women;Accessories;Bags;Clutches;Black;Winter;2015;Casual;Lino Perros Women Gems Black Clutch;25122.jpg;http://assets.myntassets.com/v1/images/style/properties/Lino-Perros-Women-Gems-Black-Clutch_dbadbab6e33542fa7d8dfaf478cb1fc6_images.jpg;WOMEN
13634;Women;Apparel;Loungewear and Nightwear;Lounge Pants;White;Winter;2015;Casual;Hanes Women White Lounge Pants;13634.jpg;http://assets.myntassets.com/v1/images/style/properties/55c840d5ed7d1ce32e825efc021586e2_images.jpg;WOMEN
28255;Men;Personal Care;Fragrance;Deodorant;Navy Blue;Spring;2017;Casual;Fogg Men Royal Deo;28255.jpg;http://assets.myntassets.com/v1/images/style/properties/352526907052107dfc5e2e873261376f_images.jpg;MEN
43556;Women;Accessories;Socks;Socks;Black;Summer;2012;Casual;Puma Women Black Pack of 2 Socks;43556.jpg;http://assets.myntassets.com/v1/images/style/properties/c88c55d48219e1514e4324dcf27a478b_images.jpg;WOMEN
59712;Women;Apparel;Loungewear and Nightwear;Nightdress;Black;Summer;2012;Casual;Avirate Black Babydoll Nightdress;59712.jpg;http://assets.myntassets.com/v1/images/style/properties/Avirate-Black-Babydoll-Nightdress_3e122030d1a10144f2319f001bce0534_images.jpg;WOMEN
25074;Men;Accessories;Accessories;Accessory Gift Set;Black;Winter;2015;Formal;Lino Perros Men Formal Black Accessory Gift Set;25074.jpg;http://assets.myntassets.com/v1/images/style/properties/590c935a50d2a7e42a131b4bc192b09c_images.jpg;MEN
55824;Women;Apparel;Loungewear and Nightwear;Night suits;White;Summer;2017;Casual;SDL by Sweet Dreams Women White & Purple Printed Night Suit S11-3240;55824.jpg;http://assets.myntassets.com/v1/images/style/properties/SDL-by-Sweet-Dreams-Women-White-Pyjama-Set_6f263ea56008460c2d38c3eeaa8c76f6_images.jpg;WOMEN
35015;Women;Accessories;Stoles;Stoles;Orange;Summer;2012;Casual;Fabindia Women Cream Printed Stole;35015.jpg;http://assets.myntassets.com/v1/images/style/properties/6b43198ec427a9b132f796eb87eda984_images.jpg;WOMEN
57190;Women;Apparel;Topwear;Tunics;Pink;Summer;2012;Casual;Elle Women Pink Tunic;57190.jpg;http://assets.myntassets.com/v1/images/style/properties/Elle-Women-Pink-Tunic_32549afbefbe82ffe9964dad0d2dde28_images.jpg;WOMEN
20938;Men;Accessories;Bags;Backpacks;Black;Winter;2016;Casual;Fastrack Men Leatherette Black Backpack;20938.jpg;http://assets.myntassets.com/v1/images/style/properties/cef64a1e30512ae410a34b3030e05a23_images.jpg;MEN
56687;Men;Apparel;Topwear;Kurtas;Beige;Summer;2012;Ethnic;Fabindia Men Beige Kurta;56687.jpg;http://assets.myntassets.com/v1/images/style/properties/Fabindia-Men-Beige-Kurta_3917ce8137581d77e7f1ef3a90f822cd_images.jpg;MEN
35116;Women;Accessories;Jewellery;Necklace and Chains;Black;Summer;2012;Casual;Allen Solly Woman Black Necklace;35116.jpg;http://assets.myntassets.com/v1/images/style/properties/9a9899e971c7859d1b8d7b46f470fccd_images.jpg;WOMEN
54689;Women;Apparel;Apparel Set;Kurta Sets;Green;Summer;2012;Ethnic;Shree Women Green and Blue Printed Patiala Kurta Set;54689.jpg;http://assets.myntassets.com/v1/images/style/properties/Shree-Women-Green-and-Sky-Blue-Patiala-Kurta-Set_5f0f7ff7011aecf0b2a1126fe358a3e6_images.jpg;WOMEN
49246;Men;Accessories;Headwear;Caps;Red;Fall;2012;Casual;Arrow Men Red Cap;49246.jpg;http://assets.myntassets.com/v1/images/style/properties/Arrow-Men-Red-Cap_8b1f94acffc4b172a4cdc8dd64cb6c55_images.jpg;MEN
35006;Women;Accessories;Stoles;Stoles;Beige;Summer;2012;Ethnic;Fabindia Women Printed Beige & Black Stole;35006.jpg;http://assets.myntassets.com/v1/images/style/properties/Fabindia-Women-Printed-Beige---Black-Stole_ca536c9137936570ed732a45260551cc_images.jpg;WOMEN
31870;Women;Apparel;Topwear;Dupatta;Blue;Summer;2012;Ethnic;Fabindia Women Blue Chanderi Dupatta;31870.jpg;http://assets.myntassets.com/v1/images/style/properties/cdb2cfb9fbee9541d08a550a5a6d38ba_images.jpg;WOMEN
23048;Women;Apparel;Topwear;Sweaters;Black;Fall;2011;Casual;Arrow Woman Black Sweater;23048.jpg;http://assets.myntassets.com/v1/images/style/properties/545c385cc92e1e57e206beab3c22da98_images.jpg;WOMEN
50682;Men;Apparel;Innerwear;Trunk;Black;Summer;2016;Casual;Chromozome Men Black Trunks;50682.jpg;http://assets.myntassets.com/v1/images/style/properties/4f094feefda4eda7c1e357e158d50a4e_images.jpg;MEN
18960;Women;Apparel;Topwear;Sweatshirts;Blue;Fall;2011;Casual;United Colors of Benetton Women Solid Blue Sweatshirt;18960.jpg;http://assets.myntassets.com/v1/images/style/properties/604a64183bb684ca0257412837327795_images.jpg;WOMEN
19221;Men;Accessories;Ties;Ties;Black;Summer;2011;Formal;United Colors of Benetton Men Check Black Tie;19221.jpg;http://assets.myntassets.com/v1/images/style/properties/84406157aa133d749d6d9f018e715dbf_images.jpg;MEN
4654;Women;Footwear;Sandal;Sports Sandals;Navy Blue;Summer;2011;Casual;ADIDAS Women Receptor Navy Sandal;4654.jpg;http://assets.myntassets.com/v1/images/style/properties/f030ad49b1c4ef2de85716c732944162_images.jpg;WOMEN
36358;Men;Accessories;Ties;Ties;Red;Summer;2012;Formal;Reid & Taylor Men Red Tie;36358.jpg;http://assets.myntassets.com/v1/images/style/properties/3196ae5a104337ca2b8dd48d41bc90db_images.jpg;MEN
28258;Men;Personal Care;Fragrance;Deodorant;Red;Spring;2017;Casual;Fogg Men Napoleon Deo;28258.jpg;http://assets.myntassets.com/v1/images/style/properties/3c44228c9ffad9796a84ed845d950b91_images.jpg;MEN
46158;Women;Accessories;Jewellery;Necklace and Chains;Red;Winter;2015;Casual;Adrika Women Red Necklace;46158.jpg;http://assets.myntassets.com/v1/images/style/properties/ea03a89c03ed52a4ed84b7e5a25f46bf_images.jpg;WOMEN
46207;Women;Accessories;Jewellery;Bangle;White;Winter;2015;Casual;Adrika Women Pink Bangle;46207.jpg;http://assets.myntassets.com/v1/images/style/properties/a18e01d59c0999876305aa4230f8ad9a_images.jpg;WOMEN
59572;Men;Accessories;Cufflinks;Cufflinks;Steel;Summer;2012;Casual;Revv Men Steel Cufflinks;59572.jpg;http://assets.myntassets.com/v1/images/style/properties/Revv-Men-Steel-Cufflinks_b8c7af625c30e8ef80f6445f8d75c4ac_images.jpg;MEN
40746;Women;Accessories;Headwear;Caps;Black;Winter;2012;Casual;Roxy Women Black Cap;40746.jpg;http://assets.myntassets.com/v1/images/style/properties/4776817f56bea41a6d28f86e0c7d75ab_images.jpg;WOMEN
59519;Women;Accessories;Jewellery;Necklace and Chains;Black;Summer;2015;Casual;Lucera Black Beaded Necklace;59519.jpg;http://assets.myntassets.com/v1/images/style/properties/Lucera-Black-Beaded-Necklace_b9ce51cb4edaf823426004d2e814a5b2_images.jpg;WOMEN
55487;Women;Personal Care;Lips;Lip Gloss;Purple;Spring;2017;Casual;Revlon Color Burst Aubergine Lip Gloss 34;55487.jpg;http://assets.myntassets.com/v1/images/style/properties/Revlon-Color-Brust-Aubergine-Lip-Gloss-34_8b2f392ccc3fd4ad0823597475b91f01_images.jpg;WOMEN
55286;Women;Personal Care;Beauty Accessories;Beauty Accessory;Cream;Spring;2017;Casual;Lakme All Over Shimmer Gloss;55286.jpg;http://assets.myntassets.com/v1/images/style/properties/Lakme-All-Over-Shimmer-Gloss_188f127aea45c6b2ce50d9e9d211eaf0_images.jpg;WOMEN
38757;Men;Accessories;Bags;Waist Pouch;Black;Summer;2012;Casual;Nike Men Black Training Waist Pouch;38757.jpg;http://assets.myntassets.com/v1/images/style/properties/c2f186d69da8cf7417146b6f4d4f5c35_images.jpg;MEN
55818;Women;Apparel;Loungewear and Nightwear;Night suits;White;Summer;2017;Casual;SDL by Sweet Dreams Women White Printed Night Suit S11-3229;55818.jpg;http://assets.myntassets.com/v1/images/style/properties/SDL-by-Sweet-Dreams-Women-White-Pyjama-Set_1b35988392196b58daecc7065367ec14_images.jpg;WOMEN
50676;Men;Apparel;Innerwear;Trunk;Grey Melange;Summer;2016;Casual;Chromozome Men Grey Melange Trunks;50676.jpg;http://assets.myntassets.com/v1/images/style/properties/Chromozome-Men-Grey-Melange-Trunks_3b999c8ed8f003b3fae77dbc031fc627_images.jpg;MEN
14323;Women;Apparel;Topwear;Sweaters;White;Fall;2011;Casual;ADIDAS Women Stripes White Sweaters;14323.jpg;http://assets.myntassets.com/v1/images/style/properties/42b8a9b1e388137c2bb287eeba356f76_images.jpg;WOMEN
56177;Women;Personal Care;Makeup;Kajal and Eyeliner;Navy Blue;Spring;2017;Casual;Colorbar Color Intense Mignight Sky Liquid Eye Liner 001;56177.jpg;http://assets.myntassets.com/assets/images/56177/2019/1/11/51ab318e-1838-496d-ba88-db2ba5a0961b1547199865640-Colorbar-Color-Intense-Mignight-Sky-Liquid-Eye-Liner-001-999-1.jpg;WOMEN
18208;Men;Accessories;Headwear;Caps;White;Fall;2011;Casual;Manchester United Men Solid White Cap;18208.jpg;http://assets.myntassets.com/v1/images/style/properties/4d0de24d6538a8507059625949e34878_images.jpg;MEN
39329;Girls;Apparel;Bottomwear;Shorts;Green;Summer;2012;Casual;Gini and Jony Girls Green Shorts;39329.jpg;http://assets.myntassets.com/v1/images/style/properties/092ffa40994ee79053f16a7e93445890_images.jpg;WOMEN
26364;Women;Apparel;Bottomwear;Skirts;Grey;Summer;2012;Formal;Arrow Woman Grey Skirt;26364.jpg;http://assets.myntassets.com/v1/images/style/properties/9f8ac4fadc8071097f300d27eaa174ea_images.jpg;WOMEN
57691;Women;Personal Care;Skin;Face Moisturisers;Green;Spring;2017;Casual;Lotus Herbals Fairness Gel;57691.jpg;http://assets.myntassets.com/v1/images/style/properties/Lotus-Herbals-Fairness-Gel_c4e6a3517e1179b1d63e5908e51e5cc6_images.jpg;WOMEN
50574;Men;Apparel;Innerwear;Trunk;Charcoal;Summer;2016;Casual;Chromozome Men Pack of Two Trunks;50574.jpg;http://assets.myntassets.com/v1/images/style/properties/Chromozome-Men-Charcoal-Pack-of-Two-Trunks_eee242524c525aeba025d69edbfac784_images.jpg;MEN
46182;Women;Accessories;Jewellery;Jewellery Set;Blue;Winter;2015;Casual;Adrika Purple Teracotta  Jewellery Set;46182.jpg;http://assets.myntassets.com/v1/images/style/properties/315c6e04c1971569739eef3f6b21fd65_images.jpg;WOMEN
35019;Women;Accessories;Stoles;Stoles;Grey;Summer;2012;Ethnic;Fabindia Women Chanderi Grey Stole;35019.jpg;http://assets.myntassets.com/v1/images/style/properties/2272a8d448fd14f987853f26548ad61a_images.jpg;WOMEN
31937;Women;Apparel;Topwear;Tunics;Red;Summer;2012;Ethnic;Mumbai Slang Women Printed Red Tunic;31937.jpg;http://assets.myntassets.com/v1/images/style/properties/Mumbai-Slang-Women-Printed-Red-Tunic_4437a02914002b6756f08533d1a3ff1a_images.jpg;WOMEN
55400;Women;Personal Care;Makeup;Kajal and Eyeliner;Charcoal;Spring;2017;Casual;Revlon Grow Luscious Graphite Eye Liner;55400.jpg;http://assets.myntassets.com/v1/images/style/properties/Revlon-Grow-Luscious-Graphite-Eye-Liner_b1474ea1a80f79616c35888970005521_images.jpg;WOMEN
55482;Women;Personal Care;Lips;Lip Liner;Brown;Spring;2017;Casual;Revlon Toffee Lip Liner 19;55482.jpg;http://assets.myntassets.com/v1/images/style/properties/Revlon-Toffee-Lip-Liner-19_8991ef87cf291361c27c8598f722d30d_images.jpg;WOMEN
2574;Women;Apparel;Bottomwear;Shorts;Grey;Summer;2011;Casual;Domyos Women's Grey Short;2574.jpg;http://assets.myntassets.com/v1/images/style/properties/e6ef8e317d37382a9ed617a56b77f6f0_images.jpg;WOMEN
23541;Men;Personal Care;Fragrance;Fragrance Gift Set;Black;Spring;2017;Casual;Police Dark Men Fragrance Gift Set;23541.jpg;http://assets.myntassets.com/v1/images/style/properties/1f13289ac55197d070b18c0b1efe481e_images.jpg;MEN
51799;Women;Apparel;Loungewear and Nightwear;Nightdress;Blue;Summer;2016;Casual;Bwitch Blue Nightdress;51799.jpg;http://assets.myntassets.com/v1/images/style/properties/c78ca44eeac8046a88cca8161a385ab0_images.jpg;WOMEN
42348;Women;Apparel;Bottomwear;Trousers;Charcoal;Summer;2012;Casual;Flying Machine Women Back Trousers;42348.jpg;http://assets.myntassets.com/v1/images/style/properties/7f8b0eaa6b527f2a149afde61e4e9d8c_images.jpg;WOMEN
48577;Men;Accessories;Jewellery;Bracelet;Steel;Summer;2012;Casual;Revv Men Steel Bracelet;48577.jpg;http://assets.myntassets.com/v1/images/style/properties/518c0297a5a165c3cb696bb3206a42c3_images.jpg;MEN
56114;Women;Personal Care;Lips;Lip Gloss;Rose;Spring;2017;Casual;Colorbar Feelin Rosey Lip Pot 011;56114.jpg;http://assets.myntassets.com/assets/images/56114/2019/1/11/3c07292a-491d-4b51-a4c5-bf8b95dfa2f81547197008731-Colorbar-Feelin-Rosey-Lip-Pot-011-2951547197008659-1.jpg;WOMEN
1604;Women;Apparel;Bottomwear;Track Pants;Blue;Fall;2010;Sports;Reebok Track Pants Women Blue;1604.jpg;http://assets.myntassets.com/v1/images/style/properties/8fd5171948a4e5a31236d3a5e2e2b2cb_images.jpg;WOMEN
36660;Women;Accessories;Bags;Backpacks;Black;Summer;2012;Casual;Paridhan Women Black & Purple Backpack;36660.jpg;http://assets.myntassets.com/v1/images/style/properties/e3589eeaa265e72b41f39b1ca466e597_images.jpg;WOMEN
46039;Women;Accessories;Jewellery;Jewellery Set;Gold;Winter;2016;Casual;Estelle Women Gold Earring & Pendant Set;46039.jpg;http://assets.myntassets.com/v1/images/style/properties/6ee5c8430c28d08936c35d057ca462ba_images.jpg;WOMEN
42609;Women;Accessories;Jewellery;Pendant;Gold;Winter;2016;Casual;Estelle Women Gold Pendant with Chain;42609.jpg;http://assets.myntassets.com/v1/images/style/properties/Estelle-Women-Gold-Pendant-with-Chain_194f22b2d8a4f148e87c97005083188a_images.jpg;WOMEN
37086;Women;Accessories;Bags;Mobile Pouch;Black;Summer;2012;Casual;Lino Perros Women Black Mobile Pouch;37086.jpg;http://assets.myntassets.com/v1/images/style/properties/aea7eb04c226bb3295b8c3d0322237fd_images.jpg;WOMEN
49804;Men;Accessories;Headwear;Caps;Khaki;Summer;2012;Casual;Flying Machine Men Khaki Cap;49804.jpg;http://assets.myntassets.com/v1/images/style/properties/f480f1fe069d365c3d70603f4b289ac8_images.jpg;MEN
18451;Women;Personal Care;Fragrance;Fragrance Gift Set;Orange;Spring;2017;Casual;Guess Marciano Women Fragrance Gift Set;18451.jpg;http://assets.myntassets.com/v1/images/style/properties/e84412ac3a27419aa5a55a46f6384f16_images.jpg;WOMEN
49710;Men;Accessories;Ties;Ties;Blue;Summer;2012;Casual;Park Avenue Men Blue Tie;49710.jpg;http://assets.myntassets.com/v1/images/style/properties/688aff4247c04017c34d5641fef62ce7_images.jpg;MEN
18969;Men;Apparel;Topwear;Sweaters;Blue;Fall;2011;Casual;United Colors of Benetton Men Solid Blue Sweater;18969.jpg;http://assets.myntassets.com/v1/images/style/properties/61e88206b7bf8648df70e59d583ca903_images.jpg;MEN
17385;Men;Accessories;Mufflers;Mufflers;Red;Fall;2011;Casual;Reid & Taylor Men Check Red Muffler;17385.jpg;http://assets.myntassets.com/v1/images/style/properties/35984eedb188412cfb30a2bd90dc0b1e_images.jpg;MEN
12467;Men;Accessories;Ties;Ties;Brown;Fall;2011;Formal;Reid & Taylor Men Stripes Brown Ties;12467.jpg;http://assets.myntassets.com/v1/images/style/properties/647be717d96d5ceb418036bd01be4c94_images.jpg;MEN
15318;Men;Apparel;Topwear;Sweatshirts;White;Fall;2011;Casual;Nike Men Printed White Sweatshirts;15318.jpg;http://assets.myntassets.com/v1/images/style/properties/4dcaeb62e27a8a4ee7bff74adce92fdf_images.jpg;MEN
28150;Men;Apparel;Innerwear;Innerwear Vests;White;Winter;2016;Casual;Jockey SPORT Men White Innerwear Vest 9924;28150.jpg;http://assets.myntassets.com/assets/images/28150/2016/2/8/11454931384807-Jockey-Men-White-Innerwear-Vest-2971454931384611-1.jpg;MEN
31732;Men;Apparel;Topwear;Blazers;Brown;Summer;2012;Formal;Reid & Taylor Men Brown Blazer;31732.jpg;http://assets.myntassets.com/v1/images/style/properties/16115eaf6f09b8b4c7d120c602ea4a2f_images.jpg;MEN
51810;Women;Apparel;Loungewear and Nightwear;Nightdress;Black;Summer;2016;Casual;Bwitch Black Nightdress;51810.jpg;http://assets.myntassets.com/v1/images/style/properties/25ba1a6077aaf3a4e0bdc7d606b2cba1_images.jpg;WOMEN
29109;Women;Accessories;Socks;Socks;Purple;Summer;2012;Casual;Puma Women Pack of 2 Purple Socks;29109.jpg;http://assets.myntassets.com/v1/images/style/properties/9d4c4d898f18270f99fc7f49247267e7_images.jpg;WOMEN
21147;Women;Apparel;Topwear;Sweatshirts;Grey;Fall;2011;Casual;s.Oliver Women Grey Hooded Sweatshirt;21147.jpg;http://assets.myntassets.com/v1/images/style/properties/dc962ef12f696d842b237a2bce74e1fd_images.jpg;WOMEN
52473;Women;Apparel;Loungewear and Nightwear;Bath Robe;White;Summer;2017;Casual;Red Rose Women Pink & White Bath Robes;52473.jpg;http://assets.myntassets.com/v1/images/style/properties/Red-Rose-Women-Pink-Polka-Dotted-Bath-Robe_f3a716f2580dde1b768c8aabb40a0c64_images.jpg;WOMEN
28979;Women;Apparel;Apparel Set;Kurta Sets;Black;Summer;2012;Ethnic;Biba Women Black Churidar Kurta with Dupatta;28979.jpg;http://assets.myntassets.com/v1/images/style/properties/87eff232e0e049717dc73483bedd6f00_images.jpg;WOMEN
30900;Women;Apparel;Bottomwear;Salwar;Orange;Summer;2012;Ethnic;Fabindia Women Orange Salwar;30900.jpg;http://assets.myntassets.com/v1/images/style/properties/cee7d62aa7f4dbc7f0046d514332a16d_images.jpg;WOMEN
37528;Boys;Apparel;Topwear;Rompers;White;Summer;2012;Casual;Madagascar3 Infant Boys White Snapsuit Romper;37528.jpg;http://assets.myntassets.com/v1/images/style/properties/a05ad302e886e37dafbea1e59347b573_images.jpg;MEN
47653;Women;Accessories;Scarves;Scarves;Yellow;Summer;2012;Casual;Femella Women Yellow & Grey Scarf;47653.jpg;http://assets.myntassets.com/v1/images/style/properties/9dee59d9086cac1f1e372d348639fbb5_images.jpg;WOMEN
14985;Men;Apparel;Topwear;Sweatshirts;Blue;Fall;2011;Casual;ADIDAS Men Printed Blue Sweatshirts;14985.jpg;http://assets.myntassets.com/v1/images/style/properties/b0a8c0ecb1ef8b27a42a273ec304c163_images.jpg;MEN
25766;Men;Apparel;Topwear;Suspenders;Maroon;Summer;2012;Formal;Lino Perros Men Maroon Suspenders;25766.jpg;http://assets.myntassets.com/v1/images/style/properties/Lino-Perros-Men-Maroon-Suspenders_b6338b16b3c8abaf213a61f54e409461_images.jpg;MEN
58843;Men;Accessories;Cufflinks;Cufflinks;Black;Summer;2012;Casual;Hakashi Men Black Cufflinks;58843.jpg;http://assets.myntassets.com/v1/images/style/properties/Hakashi-Men-Black-Cufflinks_e0d0cecd327e3a23ca826c3ad2582942_images.jpg;MEN
58138;Women;Accessories;Jewellery;Ring;Silver;Fall;2012;Casual;Rreverie Silver Ring;58138.jpg;http://assets.myntassets.com/v1/images/style/properties/Rreverie-Women-Silver-Ring_168fe3742376dd7c1c9b6b80d12b1808_images.jpg;WOMEN
55110;Women;Personal Care;Makeup;Compact;Skin;Spring;2017;Casual;Lakme Perfect Radiance Intense Whitening 05 Compact;55110.jpg;http://assets.myntassets.com/v1/images/style/properties/Lakme-Perfect-Radiance-Intense-Whitening-05-Compact_44194bd92bbab0516253957347b48ad7_images.jpg;WOMEN
47669;Women;Accessories;Scarves;Scarves;Maroon;Summer;2012;Casual;Femella Women Maroon & White Scarf;47669.jpg;http://assets.myntassets.com/v1/images/style/properties/db96e5a87e932f3e52a01a3c8d68d0ae_images.jpg;WOMEN
56123;Women;Personal Care;Makeup;Foundation and Primer;Skin;Spring;2017;Casual;Colorbar Perfect Match Nude Beige Foundation 002;56123.jpg;http://assets.myntassets.com/assets/images/56123/2019/1/11/6a0e1fb8-4c21-4922-a48e-37f1c09d1dca1547197154097-Colorbar-Perfect-Match-Nude-Beige-Foundation-002-89515471971-1.jpg;WOMEN
32549;Men;Personal Care;Fragrance;Deodorant;Black;Spring;2017;Casual;Playboy Men Set of 2 Deodorant Body Sprays;32549.jpg;http://assets.myntassets.com/assets/images/32549/2016/9/22/11474526106202-Playboy-Men-Set-of-2-Deodorant-Body-Sprays-4881474526106064-1.jpg;MEN
28265;Men;Personal Care;Fragrance;Deodorant;Blue;Spring;2017;Casual;Gatsby Men Classic Deo;28265.jpg;http://assets.myntassets.com/v1/images/style/properties/715be987501e5a138a23d3cb684ce205_images.jpg;MEN
46165;Women;Accessories;Jewellery;Necklace and Chains;Multi;Summer;2012;Casual;Adrika Women Multi Coloured Necklace;46165.jpg;http://assets.myntassets.com/v1/images/style/properties/9a5960d1056a7fd5de9e9c019ec11b97_images.jpg;WOMEN
28146;Men;Apparel;Innerwear;Innerwear Vests;Grey Melange;Fall;2018;Casual;Jockey Men Grey Melange Self-Striped Innerwear Vest 9922;28146.jpg;http://assets.myntassets.com/v1/images/style/properties/78b647b45766251902ac10b8250684cf_images.jpg;MEN
39146;Women;Apparel;Apparel Set;Kurta Sets;Purple;Fall;2012;Ethnic;Aneri Women Purple Ombre Churidar Kurta & Dupatta Set;39146.jpg;http://assets.myntassets.com/v1/images/style/properties/Aneri-Women-Blue---Purple-Salwar-Suit_67a6cbefa5239efcb33eb8f2c3a4d24e_images.jpg;WOMEN
4675;Men;Accessories;Bags;Backpacks;Black;Summer;2011;Sports;ADIDAS Men Adipure Black Blue Backpack;4675.jpg;http://assets.myntassets.com/v1/images/style/properties/46232b539d08c01152b6ca3e932f1e75_images.jpg;MEN
30896;Women;Apparel;Bottomwear;Salwar;Beige;Summer;2012;Ethnic;Fabindia Women Beige Salwar;30896.jpg;http://assets.myntassets.com/v1/images/style/properties/a099d2f062de52e1bff2d362f75f1830_images.jpg;WOMEN
56158;Women;Personal Care;Makeup;Kajal and Eyeliner;Purple;Spring;2017;Casual;Colorbar I-Glide Prunella Eye Pencil 05;56158.jpg;http://assets.myntassets.com/assets/images/56158/2019/1/11/9181a157-0f0d-4acd-9f6f-64ddaff3d7c41547199632590-Colorbar-I-Glide-Prunella-Eye-Pencil-05-3731547199632528-1.jpg;WOMEN
44969;Men;Free Items;Free Gifts;Free Gifts;Gold;Winter;2016;Casual;Maxima Men Gold Dial Watch;44969.jpg;http://assets.myntassets.com/v1/images/style/properties/a8fc6924907343816bec3ac10158f15a_images.jpg;MEN
23479;Men;Accessories;Scarves;Scarves;Maroon;Summer;2012;Casual;Arrow Men Maroon Check Scarf;23479.jpg;http://assets.myntassets.com/v1/images/style/properties/Arrow-Men-Maroon-Check-Scarf41b6d2f4671a1136ce2c3ae0fa805446_images.jpg;MEN
23561;Men;Personal Care;Fragrance;Fragrance Gift Set;Blue;Spring;2017;Casual;Police Cosmopolitian Men Fragrance Gift Set;23561.jpg;http://assets.myntassets.com/v1/images/style/properties/0d2aad834741f1dead782f16b80426f9_images.jpg;MEN
18121;Men;Apparel;Innerwear;Innerwear Vests;Navy Blue;Summer;2016;Casual;Crusoe Men Easy Tee Navy Blue Innerwear Vest;18121.jpg;http://assets.myntassets.com/v1/images/style/properties/1c9f54b5a795d51f2e84b255017eb1a3_images.jpg;MEN
57728;Women;Personal Care;Lips;Lip Care;Brown;Spring;2017;;Lotus Herbals Chocolate Lip Balm;57728.jpg;http://assets.myntassets.com/v1/images/style/properties/Lotus-Herbals-Chocolate-Lip-Balm_fc71f39a0d8ae31c4fb1c3f7cdce90ae_images.jpg;WOMEN
9995;Women;Apparel;Bottomwear;Skirts;Pink;Summer;2011;Casual;Gini And Jony Girls Su Scotia Sko Pink Skirts;9995.jpg;http://assets.myntassets.com/v1/images/style/properties/44930c8928ba22af64af06185916a813_images.jpg;WOMEN
20580;Women;Accessories;Bags;Mobile Pouch;Pink;Winter;2015;Casual;Baggit Women Angel Rosy Pink Mobile Pouch;20580.jpg;http://assets.myntassets.com/v1/images/style/properties/b8112a55f542cb8b0ba28fc32a4c1bcd_images.jpg;WOMEN
45715;Men;Personal Care;Fragrance;Deodorant;Black;Spring;2017;Casual;Reebok Men Reeavenge Deo;45715.jpg;http://assets.myntassets.com/v1/images/style/properties/ec7e1a7f7b391120def653f12cb826e1_images.jpg;MEN
47322;Women;Accessories;Bags;Mobile Pouch;Tan;Fall;2012;Casual;Baggit Women Brown Chakde Lips Mobile Pouch;47322.jpg;http://assets.myntassets.com/v1/images/style/properties/6d8f30bc8311b431ae6e7deea26b0195_images.jpg;WOMEN
37579;Girls;Accessories;Gloves;Gloves;White;Summer;2012;Casual;Madagascar 3 Infant Girls White Mittens;37579.jpg;http://assets.myntassets.com/v1/images/style/properties/d38a5e719b3a1c4c22360d26080c2111_images.jpg;WOMEN
34493;Women;Apparel;Bottomwear;Skirts;Grey;Summer;2012;Formal;Van Heusen Woman Grey Skirt;34493.jpg;http://assets.myntassets.com/v1/images/style/properties/2aa41a64586ca0a70be8c0edfa9de91b_images.jpg;WOMEN
38308;Men;Accessories;Scarves;Scarves;Blue;Summer;2012;Casual;Reid & Taylor Men Blue Scarf;38308.jpg;http://assets.myntassets.com/v1/images/style/properties/348a4f0a23cd096cad87ec9b6122101f_images.jpg;MEN
48989;Women;Accessories;Jewellery;Ring;Silver;Summer;2012;Casual;Lucera Women Silver Ring;48989.jpg;http://assets.myntassets.com/v1/images/style/properties/Lucera-Women-Silver-Ring_c80c41c2e23410d0f3ea56f3a35d581a_images.jpg;WOMEN
8388;Women;Apparel;Bottomwear;Track Pants;Black;Fall;2011;Sports;ADIDAS Women Wo Basic Black Track Pants;8388.jpg;http://assets.myntassets.com/v1/images/style/properties/698ab8ffc7a6ed8409bfc58625490422_images.jpg;WOMEN
8582;Men;Apparel;Topwear;Waistcoat;Grey;Fall;2011;Casual;Scullers Men Grey Waistcoat;8582.jpg;http://assets.myntassets.com/v1/images/style/properties/fdc2d26cee97cf3e57981a22573d11fd_images.jpg;MEN
28991;Women;Apparel;Apparel Set;Kurta Sets;Off White;Summer;2012;Ethnic;Biba Outlet Women Off-White Printed A-Line Churidar Kurta with Dupatta;28991.jpg;http://assets.myntassets.com/v1/images/style/properties/fe66bfb41e446a14cb89a05e1357dbf4_images.jpg;WOMEN
32159;Women;Accessories;Socks;Socks;Pink;Summer;2017;Casual;Playboy Women Playmate Pink Ankle Socks;32159.jpg;http://assets.myntassets.com/v1/images/style/properties/8e0fddd87c37bf0abc24cfbe5adc6025_images.jpg;WOMEN
43724;Women;Accessories;Jewellery;Bangle;Gold;Summer;2012;Casual;Royal Diadem Set of 2 Golden Bangles;43724.jpg;http://assets.myntassets.com/v1/images/style/properties/211e673ec79ff973767218d4bfa92b12_images.jpg;WOMEN
56247;Men;Apparel;Loungewear and Nightwear;Night suits;Grey Melange;Summer;2016;Casual;SDL by Sweet Dreams Men Grey & Blue Pyjama Set;56247.jpg;http://assets.myntassets.com/v1/images/style/properties/SDL-by-Sweet-Dreams-Men-Grey---Blue-Pyjama-Set_9b43461107b1d79b9b84ef317aef4afe_images.jpg;MEN
58216;Women;Apparel;Bottomwear;Patiala;Multi;Fall;2012;Ethnic;Shree Women Multi Coloured Patiala;58216.jpg;http://assets.myntassets.com/v1/images/style/properties/Shree-Women-Multi-Coloured-Patiala_c176d7db33bc07ca53e30a63d70c7f5a_images.jpg;WOMEN
56620;Women;Personal Care;Skin;Face Moisturisers;Silver;Spring;2017;Casual;Olay Regenerist Advanced Anti-Ageing Revitalising Night Cream 50 g;56620.jpg;http://assets.myntassets.com/assets/images/56620/2018/1/31/11517401582624-Olay-Women-Regenerist-advanced-Anti-Ageing-Night-Cream-7451517401582569-1.jpg;WOMEN
30749;Men;Apparel;Topwear;Kurtas;White;Summer;2012;Ethnic;Fabindia Men White Kurta;30749.jpg;http://assets.myntassets.com/v1/images/style/properties/e99f90196a21e718f21cadc6ed492277_images.jpg;MEN
51909;Women;Accessories;Bags;Laptop Bag;Pink;Summer;2016;Casual;Nyk Women Pink Floss Laptop Bag;51909.jpg;http://assets.myntassets.com/v1/images/style/properties/Nyk-Women-Pink-Floss-Laptop-Bag_a0bc3a0e04c436e0c26e8b82899769c4_images.jpg;WOMEN
16253;Women;Apparel;Bottomwear;Stockings;Grey;Fall;2011;Casual;United Colors of Benetton Women Solid Grey Stockings;16253.jpg;http://assets.myntassets.com/v1/images/style/properties/3fa4cb58a1601203922c0880922bf543_images.jpg;WOMEN
32171;Women;Accessories;Socks;Socks;Blue;Summer;2017;Casual;Playboy Women Blue Socks;32171.jpg;http://assets.myntassets.com/v1/images/style/properties/bffb628d6205652e46cd4c1b8c6cfb58_images.jpg;WOMEN
44667;Women;Apparel;Bottomwear;Trousers;Black;Summer;2012;Casual;Wills Lifestyle Women Black Trousers;44667.jpg;http://assets.myntassets.com/v1/images/style/properties/084926806c964d30275b4ecfa606a661_images.jpg;WOMEN
8376;Men;Accessories;Bags;Backpacks;Black;Winter;2016;Casual;Fastrack Men Black Backpack;8376.jpg;http://assets.myntassets.com/v1/images/style/properties/967db2c2be4c9f919e1054ed330bd3cb_images.jpg;MEN
35335;Women;Accessories;Jewellery;Pendant;Gold;Winter;2016;Ethnic;Fabindia Women Ananya Gold Pendant;35335.jpg;http://assets.myntassets.com/v1/images/style/properties/6acfd9f9608599cc3b273d1cbc2b279f_images.jpg;WOMEN
15215;Men;Accessories;Bags;Backpacks;Black;Summer;2011;Casual;United Colors of Benetton Black  Backpack;15215.jpg;http://assets.myntassets.com/v1/images/style/properties/cf87274340cdeb8e7077b5e818905859_images.jpg;MEN
54819;Women;Accessories;Bags;Laptop Bag;Yellow;Summer;2012;Casual;Ivory Tag Yellow Plaid Laptop Bag;54819.jpg;http://assets.myntassets.com/v1/images/style/properties/Ivory-Tag-Women-Yellow-Laptop-Bag_6d5f9c612a42530e8dd65f898fe58ed6_images.jpg;WOMEN
55794;Women;Apparel;Loungewear and Nightwear;Night suits;Black;Summer;2017;Casual;SDL by Sweet Dreams Women Grey & Black Printed Night Suit 319171;55794.jpg;http://assets.myntassets.com/v1/images/style/properties/SDL-by-Sweet-Dreams-Women-Black-Pyjama-Set_0d8473d6210b465180cbc4201e1109dd_images.jpg;WOMEN
48952;Men;Accessories;Jewellery;Ring;Steel;Summer;2013;Casual;Revv Men Steel Ring;48952.jpg;http://assets.myntassets.com/v1/images/style/properties/7b3df9ac36618cd4afe7121a7593ec1f_images.jpg;MEN
59905;Women;Accessories;Scarves;Scarves;Pink;Fall;2012;Casual;Femella Women Pink Printed Scarf;59905.jpg;http://assets.myntassets.com/v1/images/style/properties/Femella-Women-Pink-Scarf_86aaffd92735d10a5fd871da9eed708f_images.jpg;WOMEN
58117;Women;Accessories;Jewellery;Pendant;Silver;Fall;2012;Casual;Rreverie Women Silver & White Pendant;58117.jpg;http://assets.myntassets.com/v1/images/style/properties/Rreverie-Women-Silver---White-Pendant_78c636a95dd930f6d761588fa3f825a1_images.jpg;WOMEN
8228;Men;Accessories;Bags;Messenger Bag;Red;Winter;2016;Casual;Fastrack Men Red Messenger Bag;8228.jpg;http://assets.myntassets.com/assets/images/8228/2017/6/1/11496317102893-Fastrack-Men-Red-Messenger-Bag-3661496317102618-1.jpg;MEN
20055;Women;Accessories;Mufflers;Mufflers;Grey;Fall;2011;Casual;United Colors Of Benetton Women Grey Muffler;20055.jpg;http://assets.myntassets.com/v1/images/style/properties/fa0228df29b9f0e6f46a58f62fed8038_images.jpg;WOMEN
3475;Men;Accessories;Bags;Backpacks;Black;Winter;2010;Sports;ADIDAS Men Tiro Black Red Backpack;3475.jpg;http://assets.myntassets.com/v1/images/style/properties/7d090816ab152d3f037bdab8e78ccde1_images.jpg;MEN
57863;Women;Personal Care;Skin Care;Sunscreen;Green;Spring;2017;Casual;Biotique Bio Sandalwood Face & Body Sun Cream;57863.jpg;http://assets.myntassets.com/v1/image/style/properties/57863/Biotique-Bio-Sandalwood-Face--Body-Sun-Cream_1_46c17935981f9f6f138bd72108cb8f8e.jpg;WOMEN
28920;Men;Accessories;Bags;Laptop Bag;Black;Summer;2012;Casual;Cabarelli Men Black Laptop Bag;28920.jpg;http://assets.myntassets.com/v1/images/style/properties/d8cbb0322318baa603f06433683daf8f_images.jpg;MEN
37227;Men;Accessories;Bags;Backpacks;Black;Summer;2012;Casual;United Colors of Benetton Men Black Backpack;37227.jpg;http://assets.myntassets.com/v1/images/style/properties/98a6fe3a3ff0ad623a2b3713cdee3a91_images.jpg;MEN
41161;Women;Apparel;Bottomwear;Trousers;Khaki;Summer;2012;Casual;Allen Solly Woman Khaki Trousers;41161.jpg;http://assets.myntassets.com/v1/images/style/properties/27d8c4eb9985d2ac622b70e20c8587ec_images.jpg;WOMEN
52524;Women;Apparel;Bottomwear;Jeggings;Black;Summer;2012;Casual;Pepe Jeans Women Black Jeggings;52524.jpg;http://assets.myntassets.com/v1/images/style/properties/d96f9ac926f29dde74fb606a6ee8a7a8_images.jpg;WOMEN
55329;Women;Personal Care;Hair;Hair Colour;Black;Spring;2017;Casual;Revlon Colorsilk 1WN Soft Black Hair Colour;55329.jpg;http://assets.myntassets.com/v1/images/style/properties/Revlon-Colorsilk-1WN-Soft-Black-Hair-Colour_62fe5090d0a66e2171a61c745e5f3963_images.jpg;WOMEN
35093;Women;Accessories;Scarves;Scarves;Blue;Summer;2012;Casual;Allen Solly Woman Blue Scarf;35093.jpg;http://assets.myntassets.com/v1/images/style/properties/6b31e38d967db21809f60eaa2320d6d4_images.jpg;WOMEN
14874;Women;Accessories;Umbrellas;Umbrellas;Purple;Summer;2011;Casual;United Colors of Benetton Women Stripes Purple Umbrellas;14874.jpg;http://assets.myntassets.com/v1/images/style/properties/05f0cf01e868e126519b7569a6623756_images.jpg;WOMEN
56198;Women;Accessories;Jewellery;Bracelet;Gold;Winter;2015;Casual;Estelle Women Gold Bracelet;56198.jpg;http://assets.myntassets.com/v1/images/style/properties/Estelle-Clamp-Bracelet_921f9a1d09fa30850e8de3e842e38b61_images.jpg;WOMEN
50382;Women;Apparel;Bottomwear;Salwar and Dupatta;Cream;Summer;2012;Ethnic;Vishudh Women Printed Cream Salwar and Dupatta;50382.jpg;http://assets.myntassets.com/v1/images/style/properties/Vishudh-Women-Printed-White-Salwar-and-Dupatta_69ab4912f17b4d1b0e3eec34f8c4199b_images.jpg;WOMEN
43755;Women;Accessories;Jewellery;Bangle;Gold;Summer;2012;Casual;Royal Diadem Set of 2 Golden Bangles;43755.jpg;http://assets.myntassets.com/v1/images/style/properties/Royal-Diadem-Set-of-2-Golden-Bangles_9b5fe269f47d08ae4172dc630b0303ef_images.jpg;WOMEN
46195;Women;Accessories;Jewellery;Jewellery Set;Multi;Winter;2015;Casual;Adrika Multi Coloured Teracotta  Jewellery Set;46195.jpg;http://assets.myntassets.com/v1/images/style/properties/1216a3751c2168bb870f113d85e3c9a4_images.jpg;WOMEN
57776;Women;Personal Care;Makeup;Eyeshadow;Brown;Spring;2017;;Lotus Herbals Maxlid Rose Beach Eye Shadow 537;57776.jpg;http://assets.myntassets.com/v1/images/style/properties/Lotus-Herbals-Maxlid-Rose-Beach-Eye-Shadow-537_2060f4cdd2d12454ae945cd8d5ce1008_images.jpg;WOMEN
32586;Women;Apparel;Bottomwear;Trousers;Brown;Summer;2012;Casual;ONLY Women Brown Trousers;32586.jpg;http://assets.myntassets.com/v1/images/style/properties/ONLY-Women-Brown-Trousers_b21f94dbfb0a59e6902c369640162d82_images.jpg;WOMEN
25948;Women;Accessories;Scarves;Scarves;Green;Summer;2012;Casual;Femella Women Green Scarf;25948.jpg;http://assets.myntassets.com/v1/images/style/properties/ac338ca9da7ba30d91f966c09ff6946d_images.jpg;WOMEN
27409;Women;Apparel;Loungewear and Nightwear;Lounge Shorts;Navy Blue;Winter;2015;Casual;Jockey Women Navy Blue Capris;27409.jpg;http://assets.myntassets.com/v1/images/style/properties/5a3a3c2b9cb0a15521cf84a1380d133b_images.jpg;WOMEN
35554;Girls;Footwear;Sandal;Sandals;Pink;Summer;2012;Casual;Enroute Teens Pink Sandals;35554.jpg;http://assets.myntassets.com/v1/images/style/properties/030880e5b0718e2f886d678969b0db17_images.jpg;WOMEN
57889;Women;Personal Care;Skin;Face Serum and Gel;Green;Spring;2017;Casual;Biotique Bio Chlorophyll Oil-Free Anti-Acne Gel;57889.jpg;http://assets.myntassets.com/v1/images/style/properties/Biotique-Bio-Chlorophyll-Anti-Acne-Gel_9f7d42c1a6b3318eb49a60221add9db0_images.jpg;WOMEN
58600;Women;Accessories;Accessories;Hair Accessory;Pink;Winter;2016;Casual;ToniQ Women Pink Hair Accessories;58600.jpg;http://assets.myntassets.com/v1/images/style/properties/ToniQ-Women-Pink-Hair-Accessories_031a988a4862f05e80ecc82d751920e8_images.jpg;WOMEN
29211;Women;Accessories;Socks;Socks;Blue;Summer;2012;Sports;Fila Women Blue Socks;29211.jpg;http://assets.myntassets.com/v1/images/style/properties/eb6beeca766305e776edd5294ba74975_images.jpg;WOMEN
14894;Women;Accessories;Accessories;Travel Accessory;Black;Summer;2011;Casual;United Colors of Benetton Women Solid Black Bags;14894.jpg;http://assets.myntassets.com/v1/images/style/properties/303bc22d7176e66123365dc65b1214ef_images.jpg;WOMEN
39138;Women;Apparel;Apparel Set;Kurta Sets;Pink;Summer;2012;Ethnic;Aneri Women Pink & White Salwar Suit;39138.jpg;http://assets.myntassets.com/v1/images/style/properties/35d81129a764c2034f40e4202a0566ce_images.jpg;WOMEN
54894;Men;Apparel;Loungewear and Nightwear;Lounge Pants;Green;Summer;2016;Casual;Do U Speak Green Men Green Lounge Pants;54894.jpg;http://assets.myntassets.com/v1/images/style/properties/Do-u-speak-green-Men-Green-Lounge-Pants_1a6b787e3ac75d8386948f26f8b1781c_images.jpg;MEN
56144;Women;Personal Care;Makeup;Eyeshadow;Nude;Spring;2017;Casual;Colorbar Seductively Nude Enchanting Trio Eye Shadow;56144.jpg;http://assets.myntassets.com/assets/images/56144/2019/1/11/fe8dbcfb-de17-47ae-a6e3-a27b75b774171547197522037-Colorbar-Seductively-Nude-Enchanting-Trio-Eye-Shadow-9001547-1.jpg;WOMEN
10777;Women;Apparel;Topwear;Jackets;Purple;Summer;2011;Sports;Nike Women Hooded Purple Jacket;10777.jpg;http://assets.myntassets.com/v1/images/style/properties/a4f1bf2e2d65054196bfca280b644526_images.jpg;WOMEN
25781;Men;Apparel;Topwear;Suspenders;Black;Summer;2012;Formal;Arrow Men Black Suspenders;25781.jpg;http://assets.myntassets.com/v1/images/style/properties/Arrow-Men-Black-Suspenders_fea4200f52c34537d040e3a6a5d8ab92_images.jpg;MEN
57773;Women;Personal Care;Skin;Mask and Peel;Lime Green;Spring;2017;;Lotus Herbals Frujuvenate Skin Perfecting & Rejuvenating Fruit Pack 350 g;57773.jpg;http://assets.myntassets.com/assets/images/57773/2018/1/24/11516773646410-NA-7611516773646424-1.jpg;WOMEN
43655;Women;Apparel;Dress;Jumpsuit;Multi;Summer;2012;Casual;ONLY Women Multi Coloured Short Jumpsuit;43655.jpg;http://assets.myntassets.com/v1/images/style/properties/5e1e0e943d4ed3be09929395ec223309_images.jpg;WOMEN
49019;Women;Accessories;Jewellery;Ring;Silver;Fall;2012;Casual;Lucera Women Set of Two Silver Ring;49019.jpg;http://assets.myntassets.com/v1/images/style/properties/Lucera-Women-Set-of-Two-Silver-Ring_b438511c8eb6f6ced43b542f10ae4153_images.jpg;WOMEN
51126;Women;Free Items;Free Gifts;Free Gifts;Pink;Summer;2012;Ethnic;Satya Paul Pink Saree;51126.jpg;http://assets.myntassets.com/v1/images/style/properties/11b093bcfa054a1071d3fa57b84bd9bf_images.jpg;WOMEN
14628;Women;Apparel;Topwear;Sweatshirts;Blue;Fall;2011;Casual;United Colors of Benetton Women Solid Blue Sweat Shirts;14628.jpg;http://assets.myntassets.com/v1/images/style/properties/9bacce86691f43c4454cd11ab0a7cc53_images.jpg;WOMEN
59554;Women;Accessories;Jewellery;Bangle;Silver;Summer;2013;Casual;Lucera Silver Bangle;59554.jpg;http://assets.myntassets.com/v1/images/style/properties/Lucera-Silver-Bangle_4d261981efe0a7f076da6843b7aae45b_images.jpg;WOMEN
30903;Women;Apparel;Bottomwear;Salwar;White;Summer;2012;Ethnic;Fabindia Women White Salwar;30903.jpg;http://assets.myntassets.com/v1/images/style/properties/f594a4b52771962a3783f3249a6d5696_images.jpg;WOMEN
47070;Women;Apparel;Bottomwear;Patiala;Beige;Fall;2012;Ethnic;Shree Women Beige & Blue Patiala;47070.jpg;http://assets.myntassets.com/v1/images/style/properties/a5984702b17809ead4c021e2d6a7548c_images.jpg;WOMEN
31742;Men;Apparel;Topwear;Blazers;Black;Summer;2012;Formal;Reid & Taylor Men Semi Formal Black Blazer;31742.jpg;http://assets.myntassets.com/v1/images/style/properties/6a4ba6f42c04311003248ed463d694d7_images.jpg;MEN
27007;Women;Apparel;Bottomwear;Jeggings;Blue;Summer;2012;Casual;Jealous 21 Women Dark Blue Jeggings;27007.jpg;http://assets.myntassets.com/v1/images/style/properties/d7826d162909bf739fc2fb241e34e2e2_images.jpg;WOMEN
19933;Men;Accessories;Accessories;Accessory Gift Set;Red;Fall;2011;Formal;Reid & Taylor Men Formal Red Tie+Cufflink+Pocket square - Combo Pack;19933.jpg;http://assets.myntassets.com/v1/images/style/properties/37ea47ca6775d47ab26491965d824540_images.jpg;MEN
12609;Women;Apparel;Topwear;Sweaters;Blue;Fall;2011;Casual;Jealous 21 Women Solid Blue Sweaters;12609.jpg;http://assets.myntassets.com/v1/images/style/properties/f162fdebcce2ffaedaec809e8f07961b_images.jpg;WOMEN
27903;Women;Apparel;Bottomwear;Trousers;Beige;Summer;2012;Formal;Scullers For Her Beige Trousers;27903.jpg;http://assets.myntassets.com/v1/images/style/properties/7826191c99520fdfd348167449a71bdd_images.jpg;WOMEN
57709;Women;Personal Care;Lips;Lip Liner;Pink;Spring;2017;;Lotus Herbals Poppy Plum Lip Liner 59;57709.jpg;http://assets.myntassets.com/v1/images/style/properties/Lotus-Herbals-Poppy-Plum-Lip-Liner-59_5fd996713d6abc439414e693e65f2802_images.jpg;WOMEN
52499;Women;Apparel;Loungewear and Nightwear;Baby Dolls;Black;Summer;2017;Casual;Red Rose Women Black Nightdress;52499.jpg;http://assets.myntassets.com/v1/images/style/properties/Red-Rose-Women-Black-Nightdress_c72a7dcb1507bb9580f33ebbe2212e13_images.jpg;WOMEN
59105;Men;Apparel;Topwear;Rain Jacket;Blue;Fall;2012;Casual;Just Natural Men Navy Blue Rain Jacket;59105.jpg;http://assets.myntassets.com/v1/images/style/properties/Just-Natural-Men-Navy-Blue-Rain-Jacket_324327bf18141f0217a81ab3d6957f61_images.jpg;MEN
50672;Men;Apparel;Loungewear and Nightwear;Lounge Pants;Grey Melange;Summer;2018;Sports;Chromozome Men Grey Melange Ranger Lounge Pants S-5429;50672.jpg;http://assets.myntassets.com/v1/images/style/properties/Chromozome-Men-Grey-Melange-Ranger-Track-Pants_5aa04c8503d49899dca0537e65aa84e1_images.jpg;MEN
37895;Women;Apparel;Bottomwear;Tights;Multi;Summer;2012;Casual;Happy Socks Women Striped Tights;37895.jpg;http://assets.myntassets.com/v1/images/style/properties/37ef4fb9443b9d686f8fbdce52af8953_images.jpg;WOMEN
48566;Women;Accessories;Jewellery;Bracelet;Silver;Summer;2012;Casual;Lucera Women Silver Bracelet;48566.jpg;http://assets.myntassets.com/v1/images/style/properties/Lucera-Women-Silver-Bracelet_b2ff06654e21976272fff56ebe00ca94_images.jpg;WOMEN
55086;Women;Personal Care;Skin Care;Eye Cream;Cream;Spring;2017;Casual;Ponds Flawless White Under Eye Cream;55086.jpg;http://assets.myntassets.com/v1/images/style/properties/Ponds-Flawless-White-Under-Eye-Cream_1dc33e04b67c1dc1918d794a61b8b116_images.jpg;WOMEN
56546;Women;Personal Care;Makeup;Makeup Remover;White;Spring;2017;;Streetwear Makeup Remover;56546.jpg;http://assets.myntassets.com/v1/images/style/properties/Streetwear-Makeup-Remover_a1851cf0c7392014eb356f289443f7b2_images.jpg;WOMEN
55809;Women;Apparel;Loungewear and Nightwear;Night suits;Pink;Summer;2017;Casual;SDL by Sweet Dreams Women Pink & Purple Night Suit S11-3186;55809.jpg;http://assets.myntassets.com/v1/images/style/properties/SDL-by-Sweet-Dreams-Women-Pink---Purple-Pyjama-Set_efb1f5520f3af03d3bcb55de973334cd_images.jpg;WOMEN
10017;Women;Apparel;Topwear;Jackets;Blue;Fall;2011;Sports;Nike Women As The Windru Blue Jackets;10017.jpg;http://assets.myntassets.com/v1/images/style/properties/9f87ee7f474418708b44f85560868489_images.jpg;WOMEN
29990;Women;Free Items;Free Gifts;Free Gifts;Black;Winter;2016;Casual;Aspen Women Black Dial Watch;29990.jpg;http://assets.myntassets.com/v1/images/style/properties/Aspen-Women-Black-Watch_f10b5ab3d7cfa57edcd46e0fff83cc50_images.jpg;WOMEN
33509;Women;Apparel;Bottomwear;Shorts;Pink;Summer;2012;Casual;Doodle Kids Girl Check Pink Shorts;33509.jpg;http://assets.myntassets.com/v1/images/style/properties/c1aed726209416754765bb81a15fddee_images.jpg;WOMEN
15869;Girls;Footwear;Sandal;Sandals;Pink;Fall;2011;Casual;Warner Bros Kids Girls TJ Playlogs Pink Sandals;15869.jpg;http://assets.myntassets.com/v1/images/style/properties/545f9eff3a8aeda8ec5759ec41ecfd52_images.jpg;WOMEN
48947;Men;Accessories;Jewellery;Ring;Steel;Summer;2013;Casual;Revv Men Steel Ring;48947.jpg;http://assets.myntassets.com/v1/images/style/properties/e6fd4211d1f93869c63a315682c79f61_images.jpg;MEN
56252;Men;Apparel;Loungewear and Nightwear;Night suits;Green;Summer;2016;Casual;SDL by Sweet Dreams Men Green & Black Pyjama Set;56252.jpg;http://assets.myntassets.com/v1/images/style/properties/SDL-by-Sweet-Dreams-Men-Green---Black-Pyjama-Set_f1aaa4be381b16ff2bf2e723a83755b3_images.jpg;MEN
52518;Women;Apparel;Loungewear and Nightwear;Baby Dolls;Red;Winter;2015;Casual;Red Rose Red Nightdress;52518.jpg;http://assets.myntassets.com/v1/images/style/properties/Red-Rose-Red-Nightdress_eec54cf6a075d37ad78532d711fffd35_images.jpg;WOMEN
36269;Women;Apparel;Loungewear and Nightwear;Night suits;White;Summer;2017;Casual;SDL by Sweet Dreams Women White & Pink Night suits;36269.jpg;http://assets.myntassets.com/v1/images/style/properties/75f5c864f3c08dd884d04442138d1b67_images.jpg;WOMEN
52514;Women;Apparel;Innerwear;Camisoles;Black;Winter;2015;Casual;Red Rose Black Camisole;52514.jpg;http://assets.myntassets.com/v1/images/style/properties/Red-Rose-Black-Bra_9d7962bb4abd9b3f2d0f7e25500bda43_images.jpg;WOMEN
56427;Women;Personal Care;Eyes;Eyeshadow;Bronze;Spring;2017;Casual;Streetwear Groovy Baby Eye Shadow;56427.jpg;http://assets.myntassets.com/v1/images/style/properties/Streetwear-FX-Groovy-Baby-Eye-Shadow_6fb15d4da539972e0d279e3aa4f843d7_images.jpg;WOMEN
5609;Men;Footwear;Sandal;Sports Sandals;Navy Blue;Spring;2013;Casual;ADIDAS Men Receptor Navy Sports Sandals;5609.jpg;http://assets.myntassets.com/v1/images/style/properties/Adidas-Men-Receptor-Navy-Sports-Sandals_c52fff61c336160cdbfbe954cb1d12ed_images.jpg;MEN
22175;Women;Footwear;Sandal;Sports Sandals;Brown;Fall;2012;Casual;Timberland Women Brown Sandals;22175.jpg;http://assets.myntassets.com/v1/images/style/properties/f03422dc5090efebedf19f94e5887399_images.jpg;WOMEN
15083;Men;Apparel;Bottomwear;Churidar;Black;Fall;2011;Ethnic;Mother Earth Men Solid Black Churidar;15083.jpg;http://assets.myntassets.com/v1/images/style/properties/f425a789f2f756d2af6d742352a5b160_images.jpg;MEN
47320;Women;Accessories;Bags;Backpacks;Green;Summer;2012;Casual;Baggit Women Green Backpack;47320.jpg;http://assets.myntassets.com/v1/images/style/properties/195fc8be4082c4ebd68c8ea7f9af8ea2_images.jpg;WOMEN
23482;Men;Free Items;Free Gifts;Scarves;Black;Summer;2012;Casual;Arrow Men Black & White Scarf;23482.jpg;http://assets.myntassets.com/v1/images/style/properties/Arrow-Men-Black-Check-Scarf0235c714cdeb34dfdf8c81acdb2866d9_images.jpg;MEN
27496;Women;Apparel;Innerwear;Camisoles;White;Winter;2015;Casual;Jockey Women White Camisole;27496.jpg;http://assets.myntassets.com/v1/images/style/properties/d061327d331194608e47b21507ebe2ed_images.jpg;WOMEN
25757;Men;Apparel;Topwear;Suspenders;Red;Summer;2012;Formal;Lino Perros Men Red Suspenders;25757.jpg;http://assets.myntassets.com/v1/images/style/properties/Lino-Perros-Men-Red-Suspenders_4a697501c346fe9e7260aac33c862e87_images.jpg;MEN
58624;Women;Accessories;Jewellery;Bracelet;Black;Winter;2016;Casual;ToniQ Women Black Bracelet;58624.jpg;http://assets.myntassets.com/v1/images/style/properties/ToniQ-Women-Black-Bracelet_af59471c29310b98910184a8072549ed_images.jpg;WOMEN
5761;Women;Apparel;Bottomwear;Shorts;White;Summer;2011;Casual;Jealous 21 Women's Pink Shorts;5761.jpg;http://assets.myntassets.com/v1/images/style/properties/06255cfe627b850280fd75dba4e70c9e_images.jpg;WOMEN
42639;Women;Accessories;Jewellery;Bracelet;Gold;Winter;2016;Casual;Estelle Women Gold Bracelet;42639.jpg;http://assets.myntassets.com/v1/images/style/properties/0dd26e1e6b5d913deb80b16bc57384bb_images.jpg;WOMEN
30187;Men;Accessories;Bags;Laptop Bag;Black;Summer;2012;Casual;Nike Men Black Arsenal Allegiance Laptop Bag;30187.jpg;http://assets.myntassets.com/v1/images/style/properties/a707f2a5e39ea34143e1dd916d058c6d_images.jpg;MEN
57208;Women;Apparel;Bottomwear;Jeggings;Blue;Fall;2012;Casual;Kraus Jeans Women Blue Jeggings;57208.jpg;http://assets.myntassets.com/v1/images/style/properties/Kraus-Jeans-Women-Blue-Jeans_4819ee41e4343a7066f4563cbae1f31d_images.jpg;WOMEN
55275;Women;Personal Care;Makeup;Compact;Pink;Summer;2019;Casual;Lakme Rose Powder With Sunscreen;55275.jpg;http://assets.myntassets.com/v1/images/style/properties/Lakme-Rose-Powder-With-Sunscreen_5d691d15895aba34d2a351ca34fae263_images.jpg;WOMEN
28459;Women;Apparel;Bottomwear;Shorts;Purple;Summer;2012;Sports;Urban Yoga Women Purple Shorts;28459.jpg;http://assets.myntassets.com/v1/images/style/properties/06b071d19cc46c7d71c663418c7eaf23_images.jpg;WOMEN
56164;Women;Personal Care;Makeup;Kajal and Eyeliner;Green;Spring;2017;Casual;Colorbar I-Define Moss Green Eye Pencil 004;56164.jpg;http://assets.myntassets.com/assets/images/56164/2019/1/11/de30d5cf-dced-4f5b-b2bf-2bd1015f17e71547199730121-Colorbar-I-Define-Moss-Green-Eye-Pencil-004-7541547199730037-1.jpg;WOMEN
52470;Women;Apparel;Innerwear;Camisoles;White;Winter;2015;Casual;Red Rose White Camisole;52470.jpg;http://assets.myntassets.com/v1/images/style/properties/Red-Rose-White-Camisole_174ea7650f2a1f2bd66673d91845a663_images.jpg;WOMEN
35590;Men;Footwear;Sandal;Sports Sandals;Grey;Fall;2014;Casual;Gliders Men Grey Sports Sandals;35590.jpg;http://assets.myntassets.com/v1/images/style/properties/Gliders-Men-Grey-Sports-Sandals_8882d58a98ef52d3c3e192b6aa30e2da_images.jpg;MEN
15370;Women;Apparel;Topwear;Sweatshirts;Pink;Fall;2011;Casual;Urban Yoga Women Solid Pink Sweatshirts;15370.jpg;http://assets.myntassets.com/v1/images/style/properties/080c049630e5a1031def1f9733dd502a_images.jpg;WOMEN
37204;Women;Apparel;Dress;Jumpsuit;Teal;Summer;2012;Casual;United Colors of Benetton Women Printed Teal Jumpsuit;37204.jpg;http://assets.myntassets.com/v1/images/style/properties/41c3a8aab7ccf4509778bd2dee49b76f_images.jpg;WOMEN
30899;Women;Apparel;Loungewear and Nightwear;Lounge Pants;Navy Blue;Summer;2012;Casual;Fabindia Women Navy Blue Salwar;30899.jpg;http://assets.myntassets.com/v1/images/style/properties/d04b068eced27e37d4356706fafaea13_images.jpg;WOMEN
50386;Women;Apparel;Bottomwear;Salwar and Dupatta;Turquoise Blue;Summer;2012;Ethnic;Vishudh Women Turquoise Blue Salwar and Dupatta;50386.jpg;http://assets.myntassets.com/v1/images/style/properties/Vishudh-Women-Turquoise-Blue-Salwar-and-Dupatta_7d0756dcde566e5952aa79a08e9c74f8_images.jpg;WOMEN
56170;Women;Personal Care;Makeup;Kajal and Eyeliner;Mauve;Spring;2017;Casual;Colorbar Color Intense Mauve Mermaid Liquid Eyeliner 009;56170.jpg;http://assets.myntassets.com/assets/images/56170/2019/1/11/4c43ec5d-dfa6-4aef-9e31-7534f8be95721547199786213-Colorbar-Color-Intense-Mauve-Mermaid-Liquid-Eyeliner-009-767-1.jpg;WOMEN
56582;Women;Personal Care;Makeup;Highlighter and Blush;Bronze;Spring;2017;;Streetwear Crystal Shine Bronze Face Brightener Loose Powder;56582.jpg;http://assets.myntassets.com/v1/images/style/properties/Streetwear-Crystal-Shine-Bronze-Face-Brightener-Loose-Powder_b079a1504520a608958db8350b1b46dd_images.jpg;WOMEN
23476;Men;Accessories;Scarves;Scarves;Grey;Winter;2015;Casual;Lino Perros Men Grey Check Scarf;23476.jpg;http://assets.myntassets.com/v1/images/style/properties/Lino-Perros-Men-Grey-Check-Scarf144b636050e2a57f732a7869d7cf8ad9_images.jpg;MEN
55090;Women;Personal Care;Skin;Face Moisturisers;Silver;Spring;2017;Casual;Pond's Flawless White Visible Lightening Daily Cream;55090.jpg;http://assets.myntassets.com/v1/images/style/properties/Ponds-Flawless-White-Visible-Lightening-Daily-Cream_82c28de76f7e441921a4b077beada29b_images.jpg;WOMEN
36257;Men;Apparel;Loungewear and Nightwear;Night suits;Navy Blue;Summer;2016;Casual;SDL by Sweet Dreams Men Navy Blue & Grey Pyjama Set;36257.jpg;http://assets.myntassets.com/v1/images/style/properties/SDL-by-Sweet-Dreams-Men-Navy-Blue---Grey-Pyjama-Set_e1334ec7ae2760963a2f051a35802b0d_images.jpg;MEN
15463;Men;Apparel;Bottomwear;Tracksuits;Blue;Fall;2011;Sports;Puma Men Graphic Logo Blue Tracksuits;15463.jpg;http://assets.myntassets.com/v1/images/style/properties/9bbf63209db4c5f7b2326d1e18a5af07_images.jpg;MEN
55579;Women;Personal Care;Makeup;Compact;Skin;Spring;2017;Casual;Revlon Touch & Glow Ivory Matte Compact;55579.jpg;http://assets.myntassets.com/v1/images/style/properties/Revlon-Touch---Glow-Ivory-matte-Compact_986e391a94be4d9ec11476bb53065529_images.jpg;WOMEN
20300;Women;Apparel;Topwear;Sweaters;Maroon;Fall;2011;Casual;Jealous 21 Women Solid Maroon Sweater;20300.jpg;http://assets.myntassets.com/v1/images/style/properties/0c0f59904813a7c7aa83fbfa0f792d5c_images.jpg;WOMEN
19342;Women;Apparel;Topwear;Jackets;Black;Fall;2011;Casual;United Colors of Benetton Women Solid Black Jacket;19342.jpg;http://assets.myntassets.com/v1/images/style/properties/a17db8e6c96c44467950a37c02e56465_images.jpg;WOMEN
56076;Women;Personal Care;Lips;Lip Liner;Maroon;Spring;2017;Casual;Colorbar Moody Maroon Lip Liner 003;56076.jpg;http://assets.myntassets.com/assets/images/56076/2019/1/11/f1a6e5ed-4165-42c2-bc9f-89c29fc318c41547191862895-Colorbar-Moody-Maroon-Lip-Liner-003-1671547191862802-1.jpg;WOMEN
55333;Women;Personal Care;Hair;Hair Colour;Burgundy;Spring;2017;Casual;Revlon Colorsilk 3DB Deep Burgundy Hair Colour;55333.jpg;http://assets.myntassets.com/v1/images/style/properties/Revlon-Colorsilk-3DB-Deep-Burgundy-Hair-Colour_ebe57777440b165ebe758f057f31fdcf_images.jpg;WOMEN
11245;Women;Apparel;Bottomwear;Churidar;Black;Fall;2011;Ethnic;Urban Yoga Women Solid Black Churidar;11245.jpg;http://assets.myntassets.com/v1/images/style/properties/4900e5dbcad7592d160e18cafc8e840f_images.jpg;WOMEN
37559;Girls;Apparel;Bottomwear;Shorts;Green;Summer;2012;Casual;Madagascar3 Girls Green Shorts;37559.jpg;http://assets.myntassets.com/v1/images/style/properties/d51cfcda64ad50e35d55be5de01b7836_images.jpg;WOMEN
29981;Women;Free Items;Free Gifts;Free Gifts;Blue;Winter;2016;Casual;Aspen Women Blue Dial Watch;29981.jpg;http://assets.myntassets.com/v1/images/style/properties/939c882f33e24ebe570b8708e16046d9_images.jpg;WOMEN
55097;Women;Personal Care;Skin;Face Moisturisers;Gold;Spring;2017;Casual;Pond's Gold Radiance Precious Youth Serum;55097.jpg;http://assets.myntassets.com/v1/images/style/properties/Ponds-Gold-Radiance-Precious-Youth-Serum_80e890e5f336b7c3f5c42122e54325cb_images.jpg;WOMEN
33990;Women;Accessories;Scarves;Scarves;Grey;Summer;2012;Casual;Femella Women Printed Grey Scarf;33990.jpg;http://assets.myntassets.com/v1/images/style/properties/932348efe22ef145fba4363a31538a87_images.jpg;WOMEN
58567;Men;Apparel;Bottomwear;Tracksuits;Navy Blue;Summer;2012;Sports;Puma Men Navy Blue Tracksuit;58567.jpg;http://assets.myntassets.com/v1/images/style/properties/Puma-Men-Navy-Blue-Tracksuit_917be11f6d78d9a850e0e8dced89b046_images.jpg;MEN
25794;Men;Apparel;Topwear;Suspenders;Navy Blue;Summer;2012;Formal;Arrow Men Navy Blue Suspenders;25794.jpg;http://assets.myntassets.com/v1/images/style/properties/Arrow-Men-Navy-Blue-Suspenders_6744b8a0157e1d97e78ae52fe6644eb8_images.jpg;MEN
44966;Men;Free Items;Free Gifts;Free Gifts;Gold;Winter;2016;Casual;Maxima Men Gold Dial Watch;44966.jpg;http://assets.myntassets.com/v1/images/style/properties/7b790c5c2492531bc9a95aa2a6491862_images.jpg;MEN
56267;Men;Apparel;Loungewear and Nightwear;Night suits;Navy Blue;Summer;2016;Casual;SDL by Sweet Dreams Men Grey & Blue Pyjama Set;56267.jpg;http://assets.myntassets.com/v1/images/style/properties/SDL-by-Sweet-Dreams-Men-Grey---Blue-Pyjama-Set_6baebd11db38f5992ee803b135bb5608_images.jpg;MEN
51597;Women;Apparel;Bottomwear;Jeggings;Blue;Summer;2012;Casual;Wrangler Women Blue Jeggings;51597.jpg;http://assets.myntassets.com/v1/images/style/properties/6d334fc9dee55b00e12fccc32ad869fe_images.jpg;WOMEN
23467;Men;Accessories;Scarves;Scarves;Beige;Winter;2015;Casual;Lino Perros Men Beige Check Scarf;23467.jpg;http://assets.myntassets.com/v1/images/style/properties/Lino-Perros-Men-Beige-Check-Scarf1637866923e85a0ca4ee84bbd5ff3c2d_images.jpg;MEN
43890;Men;Footwear;Sandal;Sports Sandals;Black;Summer;2012;Casual;Puma Men Black Techno Sandals;43890.jpg;http://assets.myntassets.com/v1/images/style/properties/42a9709701ab29c22c1988d191ae5e80_images.jpg;MEN
48736;Men;Accessories;Jewellery;Bangle;Steel;Fall;2012;Casual;Revv Men Golden Steel Bangle;48736.jpg;http://assets.myntassets.com/v1/images/style/properties/fba930a96ebc4e065fcd31fda1a2a9d6_images.jpg;MEN
56241;Men;Apparel;Loungewear and Nightwear;Night suits;Navy Blue;Summer;2016;Casual;SDL by Sweet Dreams Men Blue & Grey Pyjama Set;56241.jpg;http://assets.myntassets.com/v1/images/style/properties/SDL-by-Sweet-Dreams-Men-Blue---Grey-Pyjama-Set_e079d0c2c1e54e7b244e70f1005df412_images.jpg;MEN
37577;Girls;Accessories;Gloves;Gloves;Pink;Summer;2012;Casual;Madagascar 3 Infants Girl Pink Mittens;37577.jpg;http://assets.myntassets.com/v1/images/style/properties/c013eaf51b6dc7416f9ac3289d353a93_images.jpg;WOMEN
20365;Women;Apparel;Bottomwear;Stockings;Brown;Fall;2011;Casual;United Colors of Benetton Women Solid Dark Brown Tights;20365.jpg;http://assets.myntassets.com/v1/images/style/properties/8e97d38eb4f8cb775b96e645a8a17671_images.jpg;WOMEN
27470;Women;Apparel;Innerwear;Camisoles;Skin;Summer;2018;Casual;Jockey Beige Camisole;27470.jpg;http://assets.myntassets.com/assets/images/27470/2017/6/27/11498545270340-Jockey-Beige-Camisole-5401498545270131-1.jpg;WOMEN
51075;Women;Free Items;Free Gifts;Free Gifts;Cream;Summer;2012;Ethnic;Satya Paul Cream and Brown Saree;51075.jpg;http://assets.myntassets.com/v1/images/style/properties/fa868b54f41938a733a1692455cdb337_images.jpg;WOMEN
35195;Women;Accessories;Bags;Backpacks;Pink;Spring;2013;Casual;Wildcraft Women Pink Backpack;35195.jpg;http://assets.myntassets.com/v1/images/style/properties/Wildcraft-Women-Campus---Youth-Pink-Backpack_c46d692ad4d375afa481243fa53b0b2a_images.jpg;WOMEN
15033;Women;Apparel;Topwear;Sweaters;Grey;Fall;2011;Casual;ADIDAS Women Stripes Solid Grey Sweaters;15033.jpg;http://assets.myntassets.com/v1/images/style/properties/c1fa76dec654ca8073f5d758bf618367_images.jpg;WOMEN
54967;Men;Free Items;Free Gifts;Free Gifts;Black;Spring;2017;Casual;Rasasi Men Olympic Flame Deo;54967.jpg;http://assets.myntassets.com/v1/images/style/properties/fd2008921fc2b00c43abb98eae9fdb34_images.jpg;MEN
17378;Men;Accessories;Accessories;Accessory Gift Set;Purple;Fall;2011;Formal;Arrow Men Formal Purple Tie+Cufflink+Pocket square - Combo Pack;17378.jpg;http://assets.myntassets.com/v1/images/style/properties/bd7f3eb404d5a09c30a017643a549641_images.jpg;MEN
46055;Women;Accessories;Jewellery;Bracelet;Gold;Winter;2016;Casual;Estelle Women Gold Bracelet;46055.jpg;http://assets.myntassets.com/v1/images/style/properties/6ef9a34fd08223c2fdc95472955af941_images.jpg;WOMEN
55301;Women;Personal Care;Makeup;Eyeshadow;Green;Spring;2017;Casual;Lakme Shadow Artist Shimmer Stick;55301.jpg;http://assets.myntassets.com/v1/images/style/properties/Lakme-Shadow-Artist-Shimmer-Stick_3ec4633b3f3096011442ba801936883e_images.jpg;WOMEN
59839;Women;Personal Care;Fragrance;Fragrance Gift Set;Maroon;Spring;2017;Casual;Valley of Flowers Women Fragrance Gift Set;59839.jpg;http://assets.myntassets.com/v1/images/style/properties/Valley-of-Flowers-Women-Fragrance-Gift-Set_a53548f7e9975698f4ae232580132569_images.jpg;WOMEN
47045;Women;Apparel;Bottomwear;Salwar;Green;Summer;2012;Ethnic;Shree Women Green & Purple Jodhpuri Salwar;47045.jpg;http://assets.myntassets.com/v1/images/style/properties/3d4e85424da00f4b64b110a65b2ed1f9_images.jpg;WOMEN
32533;Men;Personal Care;Fragrance;Fragrance Gift Set;Black;Spring;2017;Casual;Playboy Men Hollywood Fragrance Gift Set;32533.jpg;http://assets.myntassets.com/assets/images/32533/2019/1/25/a67cbb37-a8d9-44ad-9515-b8f606b5c6d11548412852142-Playboy-Men-Hollywood-Fragrance-Gift-Set-8761548412852025-1.jpg;MEN
50652;Men;Apparel;Loungewear and Nightwear;Lounge Shorts;Grey Melange;Winter;2016;Casual;Chromozome Men Grey Lounge Shorts;50652.jpg;http://assets.myntassets.com/v1/images/style/properties/Chromozome-Men-Grey-Melange-Shorts_6ca5bff513e8530a2df0066690621df2_images.jpg;MEN
57681;Women;Personal Care;Bath and Body;Body Lotion;Cream;Spring;2017;;Lotus Herbals Cherry Bliss Body Lotion;57681.jpg;http://assets.myntassets.com/assets/images/57681/2015/12/28/11451300993763-Lotus-Herbals-Cherry-Bliss-Body-Lotion-5841451300993746-1.jpg;WOMEN
35134;Women;Accessories;Jewellery;Bracelet;Navy Blue;Summer;2012;Casual;Allen Solly Woman Navy Blue Bangle;35134.jpg;http://assets.myntassets.com/v1/images/style/properties/56f48be1cf9dfa1130cf580ce7d963c7_images.jpg;WOMEN
30894;Women;Apparel;Bottomwear;Patiala;White;Summer;2012;Ethnic;Fabindia Women Printed White & Blue Patiala;30894.jpg;http://assets.myntassets.com/v1/images/style/properties/81874bdd24cd863711099d589e8fb445_images.jpg;WOMEN
37578;Girls;Accessories;Gloves;Gloves;Green;Summer;2012;Casual;Madagascar 3 Infant Girls Light Green Mittens;37578.jpg;http://assets.myntassets.com/v1/images/style/properties/adeff3a034e6865032f410a64db8fb06_images.jpg;WOMEN
42978;Men;Apparel;Innerwear;Boxers;Black;Summer;2016;Casual;FCUK Black Boxers;42978.jpg;http://assets.myntassets.com/v1/images/style/properties/f33d4aa00baf8cd7b0db28a6f3c5fdf5_images.jpg;MEN
50658;Men;Apparel;Loungewear and Nightwear;Lounge Shorts;Charcoal;Winter;2016;Casual;Chromozome Men Charcoal Lounge Shorts;50658.jpg;http://assets.myntassets.com/v1/images/style/properties/02ee294d5dc391b10e367896f5e5395d_images.jpg;MEN
36748;Boys;Apparel;Apparel Set;Clothing Set;Blue;Summer;2012;Casual;Mr.Men Boys Mr. Small Blue Clothing Set;36748.jpg;http://assets.myntassets.com/v1/images/style/properties/4a6a0aa40022d4f89eec3940517ac9ac_images.jpg;MEN
47049;Women;Apparel;Bottomwear;Salwar;Purple;Fall;2012;Ethnic;Shree Women Red & Blue Jodhpuri Salwar;47049.jpg;http://assets.myntassets.com/v1/images/style/properties/ed183fb0cf0fc11401626a2275a77ad0_images.jpg;WOMEN
59878;Women;Apparel;Bottomwear;Stockings;Black;Fall;2012;Casual;Femella Women Black Stockings;59878.jpg;http://assets.myntassets.com/v1/images/style/properties/Femella-Women-Black-Stockings_ba4a09186972c53aa19d2f250df4d542_images.jpg;WOMEN
28111;Men;Apparel;Innerwear;Boxers;White;Summer;2016;Casual;Jockey MODERN CLASSIC Men white Boxer 8009;28111.jpg;http://assets.myntassets.com/v1/images/style/properties/3edbc89793bc470bd3b4eb1c477f3302_images.jpg;MEN
37893;Women;Apparel;Bottomwear;Tights;Multi;Summer;2012;Casual;Happy Socks Women Striped Tights;37893.jpg;http://assets.myntassets.com/v1/images/style/properties/f3424433c03773e25e21ce2839fcc7c3_images.jpg;WOMEN
19643;Women;Apparel;Topwear;Sweaters;Grey;Fall;2011;Casual;United Colors of Benetton Women Solid Grey Sweater;19643.jpg;http://assets.myntassets.com/v1/images/style/properties/724faf93b14abba729d696be670a74d2_images.jpg;WOMEN
31201;Men;Accessories;Accessories;Accessory Gift Set;Black;Summer;2012;Casual;Cabarelli Men Black Accessory Gift Set;31201.jpg;http://assets.myntassets.com/v1/images/style/properties/180383199f8d947b4051fb4473d9fba2_images.jpg;MEN
55585;Women;Personal Care;Makeup;Highlighter and Blush;Peach;Spring;2017;Casual;Revlon Photo Ready Peach Sculpting Blush Palette 02;55585.jpg;http://assets.myntassets.com/v1/images/style/properties/Revlon-Photo-Ready-Peach-Sculpting-Blush-Palette-02_b655ab283b0ed91701621793abdcc6d5_images.jpg;WOMEN
14028;Men;Apparel;Bottomwear;Tracksuits;Black;Fall;2011;Casual;Nike Men Solid Black Tracksuits;14028.jpg;http://assets.myntassets.com/v1/images/style/properties/819527deb2ac015f38e43bd95ec1d4d3_images.jpg;MEN
55583;Women;Personal Care;Skin Care;Face Wash and Cleanser;Gold;Spring;2017;;Revlon Age Defying Sculpt-Logic Gentle Cream Cleanser;55583.jpg;http://assets.myntassets.com/v1/images/style/properties/Revlon-Age-Defying-Sculpt-Logic-Gentle-Cream-Cleanser_1ad712039377f7c1f22bb8aa05fafda3_images.jpg;WOMEN
1801;Women;Accessories;Bags;Backpacks;Pink;Summer;2011;Sports;Quechua Women 10L Pink Bag;1801.jpg;http://assets.myntassets.com/v1/images/style/properties/3028f62f32ccc1f8171e22749e53d8b8_images.jpg;WOMEN
55098;Women;Personal Care;Skin;Face Moisturisers;Cream;Spring;2017;Casual;Ponds Gold Radiance Youthful Night Repair Moisturiser;55098.jpg;http://assets.myntassets.com/assets/images/55098/2018/9/4/eaf6a040-5cd0-447f-82e1-735c40d13f5c1536034859748-Ponds-Gold-Radiance-Youthful-Night-Repair-Moisturiser-461536034859683-1.jpg;WOMEN
57881;Women;Personal Care;Skin Care;Face Wash and Cleanser;Green;Spring;2017;;Biotique Bio Honey Gel Lightening Foaming Cleanser;57881.jpg;http://assets.myntassets.com/v1/images/style/properties/Biotique-Bio-Honey-Gel-Lightening-Foaming-Cleanser_5a124080edf264493d536eb5a9fcdfd7_images.jpg;WOMEN
22361;Men;Footwear;Sandal;Sports Sandals;Navy Blue;Summer;2012;Casual;Reebok Men Navy Twist Sandals;22361.jpg;http://assets.myntassets.com/v1/images/style/properties/Reebok-Men-Blue-Twist-Sandals_9d151773708628e8efa686c33561b54a_images.jpg;MEN
57796;Women;Personal Care;Skin Care;Face Wash and Cleanser;Green;Spring;2017;Casual;Lotus Herbals Kiwi & Grapes Skin Polisher;57796.jpg;http://assets.myntassets.com/v1/images/style/properties/Lotus-Herbals-Kiwi---Grapes-Skin-Polisher_15ce5093ae5edeea1e6bd62c25605ac0_images.jpg;WOMEN
55534;Women;Personal Care;Skin;Face Moisturisers;White;Spring;2017;Casual;Revlon Touch & Glow Pimple Corrector;55534.jpg;http://assets.myntassets.com/v1/images/style/properties/Revlon-Touch---Glow-Pimple-Corrector_a366f1a805e7832f89eebec575aa2144_images.jpg;WOMEN
20050;Women;Accessories;Mufflers;Mufflers;Purple;Fall;2011;Casual;United Colors of Benetton Women Solid Purple Muffler;20050.jpg;http://assets.myntassets.com/v1/images/style/properties/469ef97363d4e07e81b64b2990300d5c_images.jpg;WOMEN
33985;Women;Apparel;Bottomwear;Stockings;Black;Spring;2012;Casual;Femella Women Black Stockings;33985.jpg;http://assets.myntassets.com/v1/images/style/properties/73c72bd9ae0485c23e5690764ff7a80c_images.jpg;WOMEN
57885;Women;Personal Care;Skin;Mask and Peel;Green;Spring;2017;Casual;Biotique Bio Mud Ageless Firming & Revitalizing Face Pack;57885.jpg;http://assets.myntassets.com/v1/image/style/properties/57885/Biotique-Bio-Mud-Ageless-Firming--Revitalizing-Face-Pack_1_128697afd1549fcf079ae3c06c16a734.jpg;WOMEN
31983;Men;Accessories;Bags;Laptop Bag;Black;Summer;2012;Casual;ADIDAS Men Black Bag;31983.jpg;http://assets.myntassets.com/v1/images/style/properties/469817bee18f66816b694eddbf4042bb_images.jpg;MEN
51118;Women;Free Items;Free Gifts;Free Gifts;Green;Summer;2012;Ethnic;Satya Paul Green Saree;51118.jpg;http://assets.myntassets.com/v1/images/style/properties/b8d6eee16f20f2cc4ce88503a00e1851_images.jpg;WOMEN
59880;Women;Apparel;Bottomwear;Stockings;Black;Fall;2012;Casual;Femella Women Black Stockings;59880.jpg;http://assets.myntassets.com/v1/images/style/properties/Femella-Women-Black-Stockings_465a530f954fa85f95a1c027cccc48b4_images.jpg;WOMEN
20928;Women;Accessories;Bags;Backpacks;Black;Winter;2016;Casual;Fastrack Women Black Backpack;20928.jpg;http://assets.myntassets.com/v1/images/style/properties/Fastrack-Women-Leatherette-Black-HandBag_c79aab4ddc37b846f25e933dbc6ab4b5_images.jpg;WOMEN
42980;Men;Apparel;Innerwear;Boxers;Red;Summer;2016;Casual;FCUK Red & White Boxers;42980.jpg;http://assets.myntassets.com/v1/images/style/properties/5b4f12517c66395827c8bf3f4e4b8336_images.jpg;MEN
32534;Men;Personal Care;Fragrance;Fragrance Gift Set;Black;Spring;2017;Casual;Playboy Men Vegas Fragrance Gift Set;32534.jpg;http://assets.myntassets.com/v1/images/style/properties/a31912c418c8934b6b936151df469929_images.jpg;MEN
18342;Men;Accessories;Bags;Laptop Bag;Navy Blue;Fall;2011;Casual;Fila Mendos Mens Navy Blue Bag;18342.jpg;http://assets.myntassets.com/v1/images/style/properties/Fila-Mendos-Mens-Navy-Blue-Bag3fbd30748229472a6e6e9e47c356e9da_images.jpg;MEN
50668;Men;Apparel;Loungewear and Nightwear;Lounge Pants;Navy Blue;Fall;2018;Sports;Chromozome Men Navy Blue Fashion Lounge Pants S-5145;50668.jpg;http://assets.myntassets.com/v1/images/style/properties/Chromozome-Men-Navy-Blue-Fashion-Track-Pants_12b52f9d060c31d660ec95a538a8db69_images.jpg;MEN
52479;Women;Apparel;Loungewear and Nightwear;Baby Dolls;White;Winter;2015;Casual;Red Rose White Nightdress;52479.jpg;http://assets.myntassets.com/v1/images/style/properties/Red-Rose-White-Nightdress_751a95b87d95097c6d692982efa9fdc0_images.jpg;WOMEN
59103;Men;Apparel;Topwear;Rain Jacket;Olive;Summer;2012;Casual;Just Natural Men Military Shade Rain Jacket;59103.jpg;http://assets.myntassets.com/v1/images/style/properties/Just-Natural-Men-Olive-Rain-Jacket_e07d437329255920d79d1d75ce0a4fbb_images.jpg;MEN
56071;Women;Personal Care;Lips;Lip Liner;Burgundy;Spring;2017;Casual;Colorbar Black Berry Lip Pencil 012;56071.jpg;http://assets.myntassets.com/assets/images/56071/2019/1/11/bc42ba3e-341e-4b90-8b1d-7bfda35099331547191528213-Colorbar-Black-Berry-Lip-Pencil-012-2151547191528013-1.jpg;WOMEN
57802;Women;Personal Care;Makeup;Highlighter and Blush;Brown;Spring;2017;;Lotus Herbals Natural Blend Botanical Brew Ginger Blusher 604;57802.jpg;http://assets.myntassets.com/v1/images/style/properties/Lotus-Herbals-Natural-Blend-Botanical-Brew-Ginger-Blusher-604_dc95a9df32716d60e323f4f31fba21b0_images.jpg;WOMEN
48964;Men;Accessories;Jewellery;Ring;Steel;Summer;2012;Casual;Revv Men Steel Ring;48964.jpg;http://assets.myntassets.com/v1/images/style/properties/9a2984887ed4bfc3e518a2b0fd2f11c5_images.jpg;MEN
35543;Girls;Footwear;Sandal;Sandals;Black;Summer;2012;Casual;Enroute Teens Black Sandals;35543.jpg;http://assets.myntassets.com/v1/images/style/properties/22aaa5c7ef87a2f7612a65751438cef5_images.jpg;WOMEN
55298;Women;Personal Care;Makeup;Eyeshadow;Green;Spring;2017;Casual;Lakme Absolute Eye Chromatic Day Queen Baked Eye Shadow;55298.jpg;http://assets.myntassets.com/v1/images/style/properties/Lakme-Absolute-Eye-Chromatic-Day-Queen-Baked-Eye-Shadow_fdc4e56d256b753a38777f3b9b4704aa_images.jpg;WOMEN
35538;Girls;Footwear;Sandal;Sandals;Pink;Summer;2012;Casual;Enroute Teens Pink Sandals;35538.jpg;http://assets.myntassets.com/v1/images/style/properties/23ba76476af6eb7eae7f71dd127241b1_images.jpg;WOMEN
47299;Women;Accessories;Bags;Mobile Pouch;Brown;Summer;2012;Casual;Baggit Women Beige Doodle Jhuti Mobile Pouch;47299.jpg;http://assets.myntassets.com/v1/images/style/properties/Baggit-Women-Beige-Doodle-Jhuti-Mobile-Pouch_8c54d55b50706b2d9659f04c7042967e_images.jpg;WOMEN
56253;Men;Apparel;Loungewear and Nightwear;Night suits;Red;Summer;2016;Casual;SDL by Sweet Dreams Men Red & Blue Pyjama Set;56253.jpg;http://assets.myntassets.com/v1/images/style/properties/SDL-by-Sweet-Dreams-Men-Red---Blue-Pyjama-Set_cd5a372a609cedb83f27630a23bd037d_images.jpg;MEN
43957;Women;Footwear;Sandal;Sandals;Grey;Fall;2012;Casual;Puma Women Grey Techno Ind Sandals;43957.jpg;http://assets.myntassets.com/v1/image/style/properties/43957/Puma-Women-Grey-Techno-Sandals_1_fe1ed05952a85793120ed8f7366e9a0c.jpg;WOMEN
28144;Men;Apparel;Loungewear and Nightwear;Lounge Shorts;White;Summer;2016;Casual;Jockey SPORT Men White Shorts 9411;28144.jpg;http://assets.myntassets.com/v1/images/style/properties/7b874e87bb33f2cdc085f93e93fe014e_images.jpg;MEN
59863;Women;Personal Care;Skin Care;Eye Cream;Black;Spring;2017;Casual;Olay Women Total Effects Anti-Ageing Eye Cream;59863.jpg;http://assets.myntassets.com/v1/images/style/properties/Olay-Women-Total-Effects-Anti-Ageing-Eye-Cream_f01717745be1cbb1a11b371c4c0805f5_images.jpg;WOMEN
59732;Women;Apparel;Innerwear;Shapewear;Black;Summer;2012;Casual;Avirate Black Wired Corset Shapewear;59732.jpg;http://assets.myntassets.com/v1/images/style/properties/Avirate-Black-Wired-Corset-Shapewear_0c2dfbc127d6b0f76c21c9a54f2d40bd_images.jpg;WOMEN
25045;Men;Accessories;Accessories;Accessory Gift Set;Blue;Winter;2015;Formal;Lino Perros Men Formal Blue Red Accessory Gift Set;25045.jpg;http://assets.myntassets.com/v1/images/style/properties/0e572e1a880ba2a9687858665a22d65a_images.jpg;MEN
30901;Women;Apparel;Bottomwear;Salwar;Red;Summer;2012;Ethnic;Fabindia Women Red Mangalgiri Salwar;30901.jpg;http://assets.myntassets.com/v1/images/style/properties/158aa2cf22ceebb5424af57e4a108c75_images.jpg;WOMEN
12464;Men;Accessories;Stoles;Stoles;Cream;Fall;2011;Casual;Basics Men Cream-Coloured Checked Stoles;12464.jpg;http://assets.myntassets.com/v1/images/style/properties/22d951833c09d2ced3a6032022bbee52_images.jpg;MEN
52469;Women;Apparel;Innerwear;Camisoles;Blue;Winter;2015;Casual;Red Rose Sky Blue Camisole;52469.jpg;http://assets.myntassets.com/v1/images/style/properties/Red-Rose-Sky-Blue-Camisole_edba9facfde383e129bf6b4609dc7c77_images.jpg;WOMEN
47074;Women;Apparel;Bottomwear;Patiala;Blue;Fall;2012;Ethnic;Shree Women Blue & Mustard Patiala;47074.jpg;http://assets.myntassets.com/v1/images/style/properties/9cb813294b67580a9fbb118543097fce_images.jpg;WOMEN
8580;Men;Apparel;Topwear;Waistcoat;Grey;Fall;2011;Casual;Scullers Men  Grey Waistcoat;8580.jpg;http://assets.myntassets.com/v1/images/style/properties/0d2e2ceaaf6d09d447caad678b2edbe6_images.jpg;MEN
18455;Men;Personal Care;Fragrance;Fragrance Gift Set;White;Spring;2017;Casual;Nautica Voyage Men Fragrance Gift Set;18455.jpg;http://assets.myntassets.com/v1/images/style/properties/447e7f936efe369480a89fb6cc74d960_images.jpg;MEN
57804;Women;Personal Care;Makeup;Highlighter and Blush;Rose;Spring;2017;;Lotus Herbals Tea Rose Botanical Blusher 602;57804.jpg;http://assets.myntassets.com/v1/images/style/properties/Lotus-Herbals-Tea-Rose-Botanical-Blusher-602_48015249664f43a29ffb0889172fb55e_images.jpg;WOMEN
59102;Men;Apparel;Topwear;Rain Jacket;Black;Fall;2012;Casual;Just Natural Men Black Rain Jacket;59102.jpg;http://assets.myntassets.com/v1/images/style/properties/Just-Natural-Men-Black-Rain-Jacket_be7a44cfd90d10ca2bd9ca1050fac423_images.jpg;MEN
50662;Men;Apparel;Loungewear and Nightwear;Lounge Pants;Navy Blue;Summer;2016;Sports;Chromozome Men Navy Blue Lounge Pants;50662.jpg;http://assets.myntassets.com/v1/images/style/properties/c2d58356adc3b222f83c77a727ddd4f4_images.jpg;MEN
55287;Women;Personal Care;Makeup;Highlighter and Blush;Skin;Spring;2017;Casual;Lakme Desert Rose Face Sheer;55287.jpg;http://assets.myntassets.com/v1/images/style/properties/Lakme-Desert-Rose-Face-Sheer_4221c1ec43be2c423d406cb3fcd431af_images.jpg;WOMEN
56544;Women;Personal Care;Eyes;Mascara;Black;Spring;2017;Casual;Streetwear Black Mascara 01;56544.jpg;http://assets.myntassets.com/v1/images/style/properties/Streetwear-Black-Mascara_57f548f91aca31945ba1f109b0d35c39_images.jpg;WOMEN
49086;Women;Personal Care;Makeup;Compact;Skin;Spring;2017;Casual;Deborah Ultrafine Compact Powder 01;49086.jpg;http://assets.myntassets.com/v1/images/style/properties/Deborah-Ultrafine-Compact-Powder-01_f0124aa76fc2b0a33571303eeb4112d6_images.jpg;WOMEN
14875;Women;Accessories;Umbrellas;Umbrellas;Purple;Summer;2011;Casual;United Colors of Benetton Women Printed Purple Umbrellas;14875.jpg;http://assets.myntassets.com/v1/images/style/properties/53d131cb405c61bca129a68e623c2414_images.jpg;WOMEN
13720;Men;Accessories;Mufflers;Mufflers;Maroon;Summer;2016;Casual;Proline Maroon Striped Muffler;13720.jpg;http://assets.myntassets.com/v1/images/style/properties/8c6f32f16fa1bd5e8bcd22d6f194f3a0_images.jpg;MEN
56142;Women;Personal Care;Makeup;Eyeshadow;Gold;Spring;2017;Casual;Colorbar Gorgeous Gold Eye Shadow 001;56142.jpg;http://assets.myntassets.com/assets/images/56142/2019/1/11/4aeda111-366e-4527-a1ed-8ec5a945c4e71547197494738-Colorbar-Gorgeous-Gold-Eye-Shadow-001-7991547197494655-1.jpg;WOMEN
34052;Boys;Apparel;Bottomwear;Capris;Yellow;Summer;2012;Casual;Gini and Jony Boys Yellow 3/4 Length Pants;34052.jpg;http://assets.myntassets.com/v1/images/style/properties/828d3baf1dfd59dc8e4da0a0a2280231_images.jpg;MEN
14889;Women;Accessories;Accessories;Travel Accessory;Olive;Summer;2011;Casual;United Colors of Benetton Women Solid Olive Bags;14889.jpg;http://assets.myntassets.com/v1/images/style/properties/04aa77444065a6b2cac29b7d8bfbccfd_images.jpg;WOMEN
35895;Boys;Apparel;Apparel Set;Clothing Set;Blue;Summer;2012;Casual;Jungle Book Boys Baby Blue Clothing Set;35895.jpg;http://assets.myntassets.com/v1/images/style/properties/a9801be9aa58ec30e6cfb2033794588a_images.jpg;MEN
56074;Women;Personal Care;Lips;Lip Liner;Brown;Spring;2017;Casual;Colorbar Nude Pink Lip Liner/Crayon 007;56074.jpg;http://assets.myntassets.com/assets/images/56074/2019/1/11/065bc3bb-a412-4083-b191-ec651c4370df1547191801961-Colorbar-Nude-Pink-Lip-LinerCrayon-007-171547191801901-1.jpg;WOMEN
30736;Men;Apparel;Bottomwear;Churidar;White;Summer;2012;Ethnic;Fabindia Men White Churidar;30736.jpg;http://assets.myntassets.com/v1/images/style/properties/681731ac36b8b964c0a4bccb682b1d0d_images.jpg;MEN
50661;Men;Apparel;Loungewear and Nightwear;Lounge Pants;Grey Melange;Summer;2016;Sports;Chromozome Men Grey Melange Lounge Pants;50661.jpg;http://assets.myntassets.com/v1/images/style/properties/c697b4d25acbf6e3e87d6b8377197cb3_images.jpg;MEN
38466;Women;Accessories;Bags;Mobile Pouch;Red;Summer;2012;Casual;Baggit Women Red Mobile Pouch;38466.jpg;http://assets.myntassets.com/v1/images/style/properties/f8888da6afcf4373955c9c546087fa38_images.jpg;WOMEN
48560;Men;Accessories;Jewellery;Bracelet;Steel;Summer;2013;Casual;Revv Men Steel Bracelet;48560.jpg;http://assets.myntassets.com/v1/images/style/properties/8dbd9810fbd61684853bbebfd2964249_images.jpg;MEN
55572;Women;Personal Care;Makeup;Concealer;Skin;Spring;2017;Casual;Revlon Photo Ready Medium Deep Concealer 005;55572.jpg;http://assets.myntassets.com/assets/images/55572/2018/4/20/11524219927530-Revlon-Photo-Ready-Medium-Deep-Concealer-005-2131524219927488-1.jpg;WOMEN
51392;Men;Apparel;Innerwear;Boxers;White;Summer;2012;Casual;Myntra White Printed Boxers;51392.jpg;http://assets.myntassets.com/v1/images/style/properties/6740c458fc3b5534fc619df67624b074_images.jpg;MEN
18444;Men;Personal Care;Fragrance;Fragrance Gift Set;White;Spring;2017;Casual;Ed Hardy Men Fragrance Gift Set;18444.jpg;http://assets.myntassets.com/v1/images/style/properties/85fdc317dc1e70721b5c611e1edef028_images.jpg;MEN
56189;Women;Personal Care;Makeup;Compact;Skin;Spring;2017;Casual;Colorbar Suede Bloom Compact 007;56189.jpg;http://assets.myntassets.com/assets/images/56189/2019/1/11/8ce810cd-cca0-4d63-be16-2da6396f8abc1547200061310-Colorbar-Suede-Bloom-Compact-007-3541547200061198-1.jpg;WOMEN
34256;Men;Apparel;Bottomwear;Tracksuits;Black;Summer;2013;Sports;Proline Men Black Solid Tracksuits;34256.jpg;http://assets.myntassets.com/v1/images/style/properties/e7e9413aec0f56d9e5574c937feb7009_images.jpg;MEN
29190;Men;Accessories;Bags;Laptop Bag;Black;Summer;2012;Casual;United Colors of Benetton Men Black Laptop Bag;29190.jpg;http://assets.myntassets.com/v1/images/style/properties/8ab6f220de104278b5d9420b09fe940a_images.jpg;MEN
59563;Men;Accessories;Jewellery;Pendant;Steel;Summer;2013;Casual;Revv Men Steel Pendant;59563.jpg;http://assets.myntassets.com/v1/images/style/properties/Revv-Men-Steel-Pendant_3c9fe99ec64c5d692342df4f4295eba4_images.jpg;MEN
15084;Men;Apparel;Bottomwear;Churidar;White;Fall;2011;Ethnic;Mother Earth Men Solid White Churidar;15084.jpg;http://assets.myntassets.com/v1/images/style/properties/b3efd45609aadf5f1bb6448f4e120eb9_images.jpg;MEN
17383;Men;Accessories;Mufflers;Mufflers;Cream;Fall;2011;Casual;Reid & Taylor Men Check Cream Muffler;17383.jpg;http://assets.myntassets.com/v1/images/style/properties/fb748169ae4205a8d92e709cc5fa58f2_images.jpg;MEN
48738;Men;Accessories;Jewellery;Bangle;Steel;Fall;2012;Casual;Revv Men Steel Bangle;48738.jpg;http://assets.myntassets.com/v1/images/style/properties/17dcdb7d46cc175061c9ca3621c57f64_images.jpg;MEN
2562;Women;Apparel;Bottomwear;Swimwear;Black;Fall;2012;Sports;Nabaiji Women Black Swimsuit;2562.jpg;http://assets.myntassets.com/v1/images/style/properties/Domyos-Women-Tank-Classic-Black-Top_415b93d1f5e91c4d048cbc543ab0cec9_images.jpg;WOMEN
55330;Women;Personal Care;Hair;Hair Colour;Brown;Spring;2017;Casual;Revlon Colorsilk 4N Medium Brown Hair Colour;55330.jpg;http://assets.myntassets.com/v1/images/style/properties/Revlon-Colorsilk-4N-Medium-Brown-Hair-Colour_a1977a0a6c7f529cf1144708dc2bd5e4_images.jpg;WOMEN
42973;Women;Apparel;Bottomwear;Swimwear;Magenta;Winter;2015;Casual;Amante Magenta Swimsuit WFSD05;42973.jpg;http://assets.myntassets.com/v1/images/style/properties/Amante-Women-Magenta-Swimwear_ff80ccae6210be8d2573a0e33355f77f_images.jpg;WOMEN
56178;Women;Personal Care;Makeup;Concealer;Beige;Spring;2017;Casual;Colorbar Sand Beige Concealer 003;56178.jpg;http://assets.myntassets.com/assets/images/56178/2019/1/11/3cb6bbd2-404a-4930-bdac-1839e23608271547199880464-Colorbar-Sand-Beige-Concealer-003-7801547199880394-1.jpg;WOMEN
29982;Women;Free Items;Free Gifts;Free Gifts;White;Winter;2016;Casual;Aspen Women White Dial Watch;29982.jpg;http://assets.myntassets.com/v1/images/style/properties/Aspen-Women-White-Dial-Watch_6bdb79d1515679ab58414c95053a6d67_images.jpg;WOMEN
40764;Men;Accessories;Accessories;Messenger Bag;Black;Summer;2012;Casual;Quiksilver Men Black & White Messenger Bag;40764.jpg;http://assets.myntassets.com/v1/images/style/properties/510e8898ac6f7a57a657c048e9e2504c_images.jpg;MEN
51386;Men;Apparel;Innerwear;Boxers;Grey;Summer;2012;Casual;Myntra Grey Printed Boxers;51386.jpg;http://assets.myntassets.com/v1/images/style/properties/8634b0e0ab2c963e2d77423d5c7838c2_images.jpg;MEN
2188;Women;Apparel;Apparel Set;Swimwear;Black;Summer;2016;Sports;ADIDAS Women Stripe Black Swimming Cap;2188.jpg;http://assets.myntassets.com/v1/images/style/properties/578e4ab92efcec9a6f64e868b0fa9dec_images.jpg;WOMEN
16198;Men;Apparel;Bottomwear;Tracksuits;Black;Fall;2011;Sports;Puma Men Poly Knitted Black Tracksuit;16198.jpg;http://assets.myntassets.com/v1/images/style/properties/0d44368c0dedf58c07d1ff32ee194abc_images.jpg;MEN
20053;Women;Accessories;Mufflers;Mufflers;Blue;Fall;2011;Casual;United Colors Of Benetton Women Blue Muffler;20053.jpg;http://assets.myntassets.com/v1/images/style/properties/c28ecde1d7d0a3e01900ecfe93fe1075_images.jpg;WOMEN
2247;Women;Apparel;Apparel Set;Swimwear;Purple;Winter;2010;Sports;ADIDAS Women Swimming Purple Cap;2247.jpg;http://assets.myntassets.com/v1/images/style/properties/386c1c676297205feadf54605af2e1ee_images.jpg;WOMEN
40745;Women;Accessories;Headwear;Caps;White;Winter;2012;Casual;Roxy Women White Cap;40745.jpg;http://assets.myntassets.com/v1/images/style/properties/1620f576e50a47dd67e59561c5e1a59b_images.jpg;WOMEN
48966;Men;Accessories;Jewellery;Ring;Steel;Summer;2012;Casual;Revv Men Steel Ring;48966.jpg;http://assets.myntassets.com/v1/images/style/properties/10b348038dd26fef8f03efef56996dce_images.jpg;MEN
57771;Women;Personal Care;Skin;Mask and Peel;White;Spring;2017;Casual;Lotus Herbals Claywhite Face Pack;57771.jpg;http://assets.myntassets.com/v1/images/style/properties/Lotus-Herbals-Claywhite-Face-Pack_3df78815445512a9ab3ba074d71ae64f_images.jpg;WOMEN
20047;Women;Accessories;Headwear;Caps;Blue;Fall;2011;Casual;United Colors of Benetton Women Solid Blue Cap;20047.jpg;http://assets.myntassets.com/v1/images/style/properties/5ef208bd34dcabc2355b5ce6af9de20e_images.jpg;WOMEN
21438;Women;Accessories;Headwear;Caps;Blue;Winter;2012;Casual;Roxy Women Mellow Beanie Blue Cap;21438.jpg;http://assets.myntassets.com/v1/images/style/properties/Roxy-Women-Mellow-Beanie-Blue-Cap827c4b0cf45bc3a84e1d0cc37c08a248_images.jpg;WOMEN
59731;Women;Apparel;Innerwear;Shapewear;Black;Summer;2014;Casual;Avirate Black & Purple Wired Corset Shapewear;59731.jpg;http://assets.myntassets.com/v1/images/style/properties/Avirate-Black---Purple-Wired-Corset-Shapewear_2702ee23da2911a29a60e890367c4b44_images.jpg;WOMEN
53328;Men;Apparel;Innerwear;Boxers;Multi;Summer;2016;Casual;Smugglerz Men Multi Coloured Check Boxers;53328.jpg;http://assets.myntassets.com/v1/images/style/properties/Smugglerz-Men-Multicolour-Check-Boxers_a21133463fe3496127955d4fbc404d70_images.jpg;MEN
37523;Boys;Apparel;Topwear;Rompers;Yellow;Summer;2012;Casual;Madagascar3 Infant Boys Lemon Yellow Snapsuit Romper;37523.jpg;http://assets.myntassets.com/v1/images/style/properties/5a08546e02ee85494c8940e0fe8a3a3a_images.jpg;MEN
27420;Women;Apparel;Loungewear and Nightwear;Lounge Pants;Grey;Winter;2015;Casual;Jockey Women Grey Lounge Pants;27420.jpg;http://assets.myntassets.com/assets/images/27420/2015/11/23/11448283174632-Jockey-Women-Grey-Lounge-Pants-8551448283174362-1.jpg;WOMEN
37555;Girls;Accessories;Gloves;Gloves;Pink;Summer;2012;Casual;Madagascar 3 Infants Girl Pink Mittens;37555.jpg;http://assets.myntassets.com/v1/images/style/properties/6ee7be143e254ca6cc35134c634e8349_images.jpg;WOMEN
3503;Men;Footwear;Sandal;Sports Sandals;Navy Blue;Spring;2013;Casual;ADIDAS Men Navy Blue Sandals;3503.jpg;http://assets.myntassets.com/v1/images/style/properties/Adidas-Men-Spry-Navy-Yellow-Sandal_809772c91b008543bbf5b2976a750b92_images.jpg;MEN
55201;Women;Personal Care;Lips;Lip Care;Pink;Spring;2017;Casual;Lakme Lip Love Siren Lip Conditioner;55201.jpg;http://assets.myntassets.com/v1/images/style/properties/Lakme-Lip-Love-Siren-Lip-Conditioner_6c0a86096c90922231ff4ef935f1ac1f_images.jpg;WOMEN
52481;Women;Apparel;Loungewear and Nightwear;Baby Dolls;Pink;Winter;2015;Casual;Red Rose Pink & Black Nightdress;52481.jpg;http://assets.myntassets.com/v1/images/style/properties/Red-Rose-Pink---Black-Nightdress_7135320d1c8d8a91765103eacd79ff19_images.jpg;WOMEN
54978;Women;Apparel;Loungewear and Nightwear;Lounge Pants;Blue;Summer;2017;Casual;Femella Women Printed Blue Lounge Pants;54978.jpg;http://assets.myntassets.com/v1/images/style/properties/Femella-Women-Printed-Blue-Pyjama_c04a9d030d4da98851ec56e8c946a60c_images.jpg;WOMEN
35888;Boys;Apparel;Apparel Set;Clothing Set;Red;Summer;2012;Casual;Jungle Book Boys Baby Red Clothing Set;35888.jpg;http://assets.myntassets.com/v1/images/style/properties/651a2da90fa360de13d8a12a2ea533ce_images.jpg;MEN
58209;Women;Apparel;Bottomwear;Patiala;Multi;Fall;2012;Ethnic;Shree Women Multi Coloured Patiala;58209.jpg;http://assets.myntassets.com/v1/images/style/properties/Shree-Women-Multi-Coloured-Patiala_9fb916fb39687b00ea2bb72c8c8c0df3_images.jpg;WOMEN
58220;Women;Apparel;Bottomwear;Patiala;Multi;Summer;2012;Ethnic;Shree Women Multi Coloured Patiala;58220.jpg;http://assets.myntassets.com/v1/images/style/properties/Shree-Women-Multi-Coloured-Patiala_389633ad2a70d1fd64b47b4d25b10003_images.jpg;WOMEN
48559;Men;Accessories;Jewellery;Bracelet;Steel;Summer;2012;Casual;Revv Men Steel Bracelet;48559.jpg;http://assets.myntassets.com/v1/images/style/properties/4885f964e63e4397802e48d4ac1283ba_images.jpg;MEN
43540;Men;Free Items;Free Gifts;Free Gifts;White;Winter;2016;Casual;Timex Men White Dial Watch;43540.jpg;http://assets.myntassets.com/v1/images/style/properties/b3de302f62e0904647ca4ab6d2cd92cc_images.jpg;MEN
12462;Men;Apparel;Topwear;Waistcoat;Brown;Fall;2011;Casual;Basics Men Brown Checked Waistcoat;12462.jpg;http://assets.myntassets.com/v1/images/style/properties/ad9502e3f4fd50d056be0369bb821421_images.jpg;MEN
39720;Women;Apparel;Dress;Jumpsuit;Olive;Summer;2012;Casual;Arrow Woman Olive Jumpsuit;39720.jpg;http://assets.myntassets.com/v1/images/style/properties/5651b6552ebad20ca3ffda856fa18fb7_images.jpg;WOMEN
43671;Women;Apparel;Topwear;Waistcoat;Pink;Summer;2012;Casual;ONLY Women Pink Waistcoat;43671.jpg;http://assets.myntassets.com/v1/images/style/properties/71403ff0280dffe1fce3136a246bd53a_images.jpg;WOMEN
37513;Boys;Apparel;Socks;Booties;White;Summer;2012;Casual;Madagascar 3 Infant Boys White Booties;37513.jpg;http://assets.myntassets.com/v1/images/style/properties/9fc3be8dd38460876f2b15e69503f234_images.jpg;MEN
54982;Women;Apparel;Loungewear and Nightwear;Lounge Pants;Blue;Summer;2017;Casual;Femella Women Printed Blue Lounge Pants;54982.jpg;http://assets.myntassets.com/v1/images/style/properties/Femella-Women-Blue-Pyjama_2ecb88f04d777976272a8a9ea503cf34_images.jpg;WOMEN
39898;Men;Footwear;Sandal;Sports Sandals;Black;Fall;2012;Casual;ADIDAS Men Black Sandals;39898.jpg;http://assets.myntassets.com/v1/images/style/properties/b73c52ebc0f94eec59aa289fc9d0eafd_images.jpg;MEN
18452;Women;Personal Care;Fragrance;Fragrance Gift Set;White;Spring;2017;Casual;Guess Natural Women Fragrance Gift Set;18452.jpg;http://assets.myntassets.com/v1/images/style/properties/a3378615564ecf8090a45fd2d5cd6493_images.jpg;WOMEN
55328;Women;Personal Care;Hair;Hair Colour;Brown;Spring;2017;Casual;Revlon Color 'N Care 2N Brown Black Hair Colour;55328.jpg;http://assets.myntassets.com/v1/images/style/properties/Revlon-Color-N-Care-2N-Brown-Black-Hair-Colour_3040c783a4a3ca3f426f24b823cd3d38_images.jpg;WOMEN
57731;Women;Personal Care;Lips;Lip Care;Rose;Spring;2017;;Lotus Herbals Velvety Rose Lip Balm;57731.jpg;http://assets.myntassets.com/v1/images/style/properties/Lotus-Herbals-Velvety-Rose-Lip-Balm_f63c15ca7dc9c2f552eed2a2787739c6_images.jpg;WOMEN
57735;Women;Personal Care;Lips;Lip Care;Red;Spring;2017;;Lotus Herbals Raspberry Lip Balm;57735.jpg;http://assets.myntassets.com/v1/images/style/properties/Lotus-Herbals-Raspberry-Lip-Balm_72e13e41b92efa3d64b64992bc8c4f35_images.jpg;WOMEN
49993;Men;Apparel;Loungewear and Nightwear;Lounge Shorts;Grey;Summer;2016;Casual;Hanes Men Grey Shorts;49993.jpg;http://assets.myntassets.com/v1/images/style/properties/58dddc8374bc00fc3cee9c7b331a6bb2_images.jpg;MEN
48523;Women;Apparel;Dress;Jumpsuit;Magenta;Winter;2011;Casual;French Connection Women Magenta Playsuit;48523.jpg;http://assets.myntassets.com/v1/images/style/properties/French-Connection-Women-Magenta-Dress_b5f3b4db93a5d596a9b27c938fd82d9c_images.jpg;WOMEN
55396;Women;Personal Care;Eyes;Mascara;Black;Spring;2017;Casual;Revlon Grow Luscious Blackest Black Mascara & Lash Enhancer 5354-01;55396.jpg;http://assets.myntassets.com/v1/images/style/properties/Revlon-Grow-Luscious-Blackest-Black-Mascara---Lash-Enhancer-5354-01_5ccc15c7b3833bbe41f3d2ba594f33b9_images.jpg;WOMEN
57765;Women;Personal Care;Skin Care;Face Wash and Cleanser;White;Spring;2017;Casual;Lotus Herbals Apricot Scrub;57765.jpg;http://assets.myntassets.com/v1/images/style/properties/Lotus-Herbals-Apricot-Scrub_fdc7e7410bfc0e6f2be54dd1547bc471_images.jpg;WOMEN
7614;Men;Accessories;Bags;Messenger Bag;Brown;Summer;2011;Casual;Wrangler Men Mustard Canvas Bag;7614.jpg;http://assets.myntassets.com/v1/images/style/properties/523d544aac0101f84d4554e396224a28_images.jpg;MEN
51981;Women;Apparel;Loungewear and Nightwear;Lounge Tshirts;Black;Summer;2016;Casual;Inaya Women Black Lounge Top;51981.jpg;http://assets.myntassets.com/v1/images/style/properties/Inaya-Women-Black-Lounge-Top_81263ad82cfe9b7d90aa9fb3cd3e343c_images.jpg;WOMEN
55276;Women;Personal Care;Makeup;Concealer;Skin;Spring;2017;Casual;Lakme Rose Powder With Sunscreen;55276.jpg;http://assets.myntassets.com/assets/images/55276/2018/4/20/11524219911663-Lakme-Rose-Powder-With-Sunscreen-4361524219911623-1.jpg;WOMEN
49948;Men;Apparel;Loungewear and Nightwear;Lounge Shorts;Black;Summer;2016;Casual;Hanes Men Black Shorts;49948.jpg;http://assets.myntassets.com/v1/images/style/properties/Hanes-Men-Black-Shorts_7bcf181bce18aeccc495161736fb6f55_images.jpg;MEN
3473;Men;Accessories;Accessories;Water Bottle;Black;Fall;2010;Casual;ADIDAS Black Sipper;3473.jpg;http://assets.myntassets.com/v1/images/style/properties/7fbbe1b490c18f99f92a552d81304e20_images.jpg;MEN
45103;Women;Apparel;Innerwear;Shapewear;Brown;Summer;2016;Casual;Bwitch Golden Brown Xtra Slim Shapewear;45103.jpg;http://assets.myntassets.com/v1/images/style/properties/47cf28b1b43b07e6898246fbae3d3b83_images.jpg;WOMEN
6609;Men;Apparel;Topwear;Tops;White;Summer;2011;Casual;Spykar Men's Stripes White Top;6609.jpg;http://assets.myntassets.com/v1/images/style/properties/d2e0275028639e951fa8f381760e7b70_images.jpg;MEN
37538;Boys;Apparel;Socks;Booties;Blue;Summer;2012;Casual;Madagascar 3 Infant Boys Blue Booties;37538.jpg;http://assets.myntassets.com/v1/images/style/properties/29bf9a50f43ac08b7ce0fa49ced7cee8_images.jpg;MEN
49945;Men;Apparel;Loungewear and Nightwear;Lounge Shorts;Red;Summer;2016;Casual;Hanes Men Red Shorts;49945.jpg;http://assets.myntassets.com/v1/images/style/properties/Hanes-Men-Red-Shorts_6d8fba342ff61c35e05fe6fe735bf23a_images.jpg;MEN
57867;Women;Personal Care;Skin Care;Sunscreen;Yellow;Spring;2017;Casual;Biotique Women Bio Aloevera SPF 30 Sunscreen Lotion;57867.jpg;http://assets.myntassets.com/v1/images/style/properties/Biotique-Women-Bio-Aloevera-SPF-30-Sunscreen-Lotion_b43497eec7c7c28fdb1ab20267cbccae_images.jpg;WOMEN
37565;Girls;Apparel;Innerwear;Innerwear Vests;Green;Summer;2012;Casual;Madagascar Girls Green Innerwear Vest;37565.jpg;http://assets.myntassets.com/v1/images/style/properties/51bb3815d90a782bd22194ceb30d4232_images.jpg;WOMEN
48580;Men;Accessories;Jewellery;Bracelet;Steel;Summer;2012;Casual;Revv Men Steel Bracelet;48580.jpg;http://assets.myntassets.com/v1/images/style/properties/eca321360ca940fa94ffd4eec7d34f4e_images.jpg;MEN
57732;Women;Personal Care;Lips;Lip Care;Cream;Spring;2017;;Lotus Herbals Vanilla Lip Balm;57732.jpg;http://assets.myntassets.com/v1/images/style/properties/Lotus-Herbals-Vanilla-Lip-Balm_eb2afa2e8106d7edaa1f73db711ae2c5_images.jpg;WOMEN
44174;Women;Personal Care;Fragrance;Fragrance Gift Set;White;Spring;2017;Casual;Nike Fragrances Women Sensual Touch Perfume and Deo Set;44174.jpg;http://assets.myntassets.com/v1/images/style/properties/2dd0e7200dcf5daacf75e84254cf44da_images.jpg;WOMEN
48737;Men;Accessories;Jewellery;Bangle;Steel;Summer;2012;Casual;Revv Men Steel Bangle;48737.jpg;http://assets.myntassets.com/v1/images/style/properties/5a71ca237b29fba42cf4ca4b72e4c659_images.jpg;MEN
28917;Men;Accessories;Bags;Laptop Bag;Black;Summer;2012;Casual;Cabarelli Men Black Laptop Bag;28917.jpg;http://assets.myntassets.com/v1/images/style/properties/32f68136e448fa5d1c53afbca2480dec_images.jpg;MEN
44965;Men;Free Items;Free Gifts;Free Gifts;White;Winter;2016;Casual;Maxima Men White Dial Watch;44965.jpg;http://assets.myntassets.com/v1/images/style/properties/406e96d572b57cac0602061b1a9a6681_images.jpg;MEN
55119;Women;Personal Care;Beauty Accessories;Beauty Accessory;Burgundy;Spring;2017;Casual;Lakme Dual Sharpener;55119.jpg;http://assets.myntassets.com/v1/images/style/properties/Lakme-Dual-Sharpener_8a51aed115aeaacd2d759977a5b78752_images.jpg;WOMEN
57861;Women;Personal Care;Skin Care;Sunscreen;Green;Spring;2017;Casual;Biotique Women Bio Vera Ultra Soothing Body Lotion with SPF 75;57861.jpg;http://assets.myntassets.com/v1/images/style/properties/Biotique-Women-Bio-Vera-Ultra-Soothing-Body-Lotion-with-SPF-75_72889eff21d86e3f50355b058f471680_images.jpg;WOMEN
48948;Men;Accessories;Jewellery;Ring;Steel;Summer;2013;Casual;Revv Men Steel Ring;48948.jpg;http://assets.myntassets.com/v1/images/style/properties/744497db8c9b46fab008889f21692057_images.jpg;MEN
36753;Girls;Apparel;Apparel Set;Clothing Set;Blue;Summer;2012;Casual;Little Miss Girls Chatterbox Blue Clothing Set;36753.jpg;http://assets.myntassets.com/v1/images/style/properties/ffba35f9f9c2516c6d588f4e4a0b0e74_images.jpg;WOMEN
57679;Women;Personal Care;Skin;Body Lotion;Yellow;Spring;2017;Casual;Lotus Herbals Cocoa Caress SPF 20 Hand & Body Lotion 250 ml;57679.jpg;http://assets.myntassets.com/assets/images/57679/2018/1/24/11516775023932-NA-6391516775023946-1.jpg;WOMEN
57772;Women;Personal Care;Skin;Mask and Peel;Yellow;Spring;2017;Casual;Lotus Herbals Women Clay White Black Clay Skin Whitening Face Pack;57772.jpg;http://assets.myntassets.com/assets/images/57772/2018/3/1/11519888782298-Lotus-Herbals-Women-Face-Treatment-Yellow-Face-Treatment-7951519888782251-1.jpg;WOMEN
13717;Men;Accessories;Mufflers;Mufflers;White;Summer;2016;Casual;Proline White & Maroon Colourblocked Muffler;13717.jpg;http://assets.myntassets.com/v1/images/style/properties/cdeb228a3d575d16ffaba2033d62ef40_images.jpg;MEN
51455;Women;Apparel;Topwear;Shrug;Pink;Summer;2012;Casual;Tonga Women Pink Printed Shrug;51455.jpg;http://assets.myntassets.com/v1/images/style/properties/28d91b2c102e5742714c7f706a73eeb4_images.jpg;WOMEN
52511;Women;Apparel;Loungewear and Nightwear;Bath Robe;White;Winter;2015;Casual;Red Rose Women White & Blue Striped Bath Robes;52511.jpg;http://assets.myntassets.com/v1/images/style/properties/Red-Rose-Women-White---Royal-Blue-Striped-Bath-Robe_9dbb49125b042523de17935bd44cbc92_images.jpg;WOMEN
54992;Women;Apparel;Topwear;Shrug;Beige;Summer;2012;Casual;Femella Women Black & Beige Shrug;54992.jpg;http://assets.myntassets.com/v1/images/style/properties/Femella-Women-Black---Beige-Shrug_3baff3492cf39bbdfbcd61aca1b353e6_images.jpg;WOMEN
52517;Women;Apparel;Loungewear and Nightwear;Baby Dolls;Black;Winter;2015;Casual;Red Rose Black Nightdress;52517.jpg;http://assets.myntassets.com/v1/images/style/properties/Red-Rose-Black-Nightdress_ca1fcdd33c7a378ac893d78f9bd76e87_images.jpg;WOMEN
29010;Men;Accessories;Bags;Duffel Bag;Black;Summer;2012;Casual;Cabarelli Men Black Duffle Bag;29010.jpg;http://assets.myntassets.com/v1/images/style/properties/24f7c891067fe94747fd2c88005bfe62_images.jpg;MEN
55395;Women;Personal Care;Eyes;Mascara;Black;Spring;2017;Casual;Revlon Double Twist  Blackest Black Volumizing Mascara 1954-01;55395.jpg;http://assets.myntassets.com/v1/images/style/properties/Revlon-Double-Twist-Blackest-Black-Volumizing-Mascara-1954-01_956883280478a5f1ba7683c9976be4d6_images.jpg;WOMEN
48731;Men;Accessories;Jewellery;Bangle;Steel;Summer;2012;Casual;Revv Men Steel Bangle;48731.jpg;http://assets.myntassets.com/v1/images/style/properties/645ff37d69dc23b2c9cd0cf0265fdf59_images.jpg;MEN
57801;Women;Personal Care;Skin Care;Face Wash and Cleanser;Cream;Spring;2017;Casual;Lotus Herbals Cleanser;57801.jpg;http://assets.myntassets.com/v1/images/style/properties/Lotus-Herbals-Cleanser_ca463f0b3a041d3aed4f18bdd0a9f7cc_images.jpg;WOMEN
48522;Women;Apparel;Dress;Jumpsuit;Blue;Winter;2011;Casual;French Connection Women Blue Jumpsuit;48522.jpg;http://assets.myntassets.com/v1/images/style/properties/French-Connection-Women-Blue-Jumpsuit_61c39054b40c0fb1eed676c5a223e51a_images.jpg;WOMEN
55334;Women;Personal Care;Hair;Hair Colour;Brown;Spring;2017;Casual;Revlon Colorsilk 3N Dark Brown Hair Colour;55334.jpg;http://assets.myntassets.com/v1/images/style/properties/Revlon-Colorsilk-3N-Dark-Brown-Hair-Colour_a1e917557c77c1720fad8a361384aaf5_images.jpg;WOMEN
50383;Women;Apparel;Bottomwear;Salwar and Dupatta;Red;Summer;2012;Ethnic;Vishudh Women Printed Red Salwar and Dupatta;50383.jpg;http://assets.myntassets.com/v1/images/style/properties/Vishudh-Women-Printed-Red-Salwar-and-Dupatta_602248cd51c0f2ca9c9dd2469a6c3af8_images.jpg;WOMEN
37517;Boys;Accessories;Gloves;Gloves;Yellow;Summer;2012;Casual;Madagascar 3 Infant Boys Yellow Mittens;37517.jpg;http://assets.myntassets.com/v1/images/style/properties/deac87df712f41e5e6e82364121721f5_images.jpg;MEN
14635;Men;Accessories;Mufflers;Mufflers;Black;Summer;2011;Casual;United Colors of Benetton Men Solid Black Mufflers;14635.jpg;http://assets.myntassets.com/v1/images/style/properties/a2dba5f44a1eee888116c06909b484eb_images.jpg;MEN
45087;Women;Apparel;Loungewear and Nightwear;Robe;Pink;Summer;2016;Casual;Bwitch Women Pink Lily Robe;45087.jpg;http://assets.myntassets.com/v1/images/style/properties/751b35faaa0d48ab4ce9b6321761b9b7_images.jpg;WOMEN
30822;Women;Apparel;Bottomwear;Churidar;Black;Summer;2012;Ethnic;Fabindia Women Black Mangalgiri Churidar;30822.jpg;http://assets.myntassets.com/v1/images/style/properties/b247b0d85909596ad5c14ffeba300d66_images.jpg;WOMEN
55198;Women;Personal Care;Makeup;Makeup Remover;Blue;Winter;2016;Casual;Lakme Absolute Bi-Phased Make-Up Remover;55198.jpg;http://assets.myntassets.com/v1/images/style/properties/Lakme-Absolute-Bi-Phased-Make-Up-Remover_92052b3349ec64e3af8cc00dfd11feb6_images.jpg;WOMEN
55111;Women;Personal Care;Makeup;Compact;Skin;Spring;2017;Casual;Lakme Perfect Radiance Intense Whitening 03 Compact;55111.jpg;http://assets.myntassets.com/v1/images/style/properties/Lakme-Perfect-Radiance-Intense-Whitening-03-Compact_6f0b43350cef325b9360e90697efdef5_images.jpg;WOMEN
52513;Women;Apparel;Loungewear and Nightwear;Bath Robe;White;Winter;2015;Casual;Red Rose Women White & Blue Striped Bath Robes;52513.jpg;http://assets.myntassets.com/v1/images/style/properties/Red-Rose-Women-White---Blue-Striped-Bath-Robe_4197c6913f56e0eda1f859f00d048b78_images.jpg;WOMEN
57887;Women;Personal Care;Skin;Mask and Peel;Pink;Spring;2017;Casual;Biotique Bio Fruit Whitening and Depigmentation Face Pack;57887.jpg;http://assets.myntassets.com/v1/images/style/properties/Biotique-Women-Bio-Fruit-Whitening-Face-Pack_e33142cdf088d92812aed7dbb0c91fa4_images.jpg;WOMEN
30809;Women;Apparel;Bottomwear;Churidar;Olive;Summer;2012;Ethnic;Fabindia Women Olive Cambric Churidar;30809.jpg;http://assets.myntassets.com/v1/images/style/properties/f7e29867112ba38bffb164a187bcba18_images.jpg;WOMEN
48743;Men;Accessories;Jewellery;Bangle;Steel;Summer;2012;Casual;Revv Men Steel Bangle;48743.jpg;http://assets.myntassets.com/v1/images/style/properties/2f3d1461feb4c4d151f74743399817be_images.jpg;MEN
17387;Men;Accessories;Mufflers;Mufflers;Blue;Fall;2011;Casual;Reid & Taylor Men Solid Blue Muffler;17387.jpg;http://assets.myntassets.com/v1/images/style/properties/22426e419420d9068029ec9117d8170b_images.jpg;MEN
37576;Girls;Apparel;Socks;Booties;White;Summer;2012;Casual;Madagascar 3 Infant Girls White Booties;37576.jpg;http://assets.myntassets.com/v1/images/style/properties/fb0b4f85873f045107207dd9da40e56c_images.jpg;WOMEN
27720;Women;Accessories;Bags;Laptop Bag;Black;Winter;2015;Casual;Murcia Women Black Laptop Bag;27720.jpg;http://assets.myntassets.com/v1/images/style/properties/Murcia-Women-Black-Handbag_bd2b657072425498e14b8f7b84e2e46d_images.jpg;WOMEN
57619;Women;Personal Care;Skin Care;Sunscreen;Orange;Spring;2017;Casual;Lotus Herbals Safe Sun Sunscreen SPF 40;57619.jpg;http://assets.myntassets.com/v1/images/style/properties/Lotus-Herbals-Safe-Sun-Sunscreen-SPF-40_669facc95465b96ac79d1c2e76a8fc8e_images.jpg;WOMEN
37225;Men;Accessories;Bags;Duffel Bag;Olive;Summer;2012;Casual;United Colors of Benetton Men Olive Duffle Bag;37225.jpg;http://assets.myntassets.com/v1/images/style/properties/de0c33357f14d46e6d18408897a782b1_images.jpg;MEN
37586;Girls;Apparel;Innerwear;Innerwear Vests;Pink;Summer;2012;Casual;Madagascar Girls Pink Innerwear Vest;37586.jpg;http://assets.myntassets.com/v1/images/style/properties/ecf9017ab6d971ea0abcdbdd92bd8b8d_images.jpg;WOMEN
36746;Boys;Apparel;Apparel Set;Clothing Set;White;Summer;2012;Casual;Mr.Men Boys Weeee!! White Clothing Set;36746.jpg;http://assets.myntassets.com/v1/images/style/properties/5996a6b1227847b212b3004aaeadbca1_images.jpg;MEN
57624;Women;Personal Care;Skin Care;Sunscreen;White;Spring;2017;;Lotus Herbals Safe Sun Sun Block Cream;57624.jpg;http://assets.myntassets.com/v1/images/style/properties/Lotus-Herbals-Safe-Sun-Sun-Block-Cream_b0712576bb31651dd832b78b0581d0a7_images.jpg;WOMEN
45102;Women;Apparel;Innerwear;Shapewear;Black;Winter;2015;Casual;Bwitch Women Black Xtra Slim Shapewear;45102.jpg;http://assets.myntassets.com/v1/images/style/properties/45013fe25b4ab526ad6e1e26cc538af8_images.jpg;WOMEN
30776;Men;Apparel;Topwear;Kurtis;Maroon;Summer;2012;Ethnic;Fabindia Men Maroon Ajrak Printed Kurti;30776.jpg;http://assets.myntassets.com/v1/images/style/properties/d5bb0026fabec54771c191a90b68243a_images.jpg;MEN
55094;Women;Personal Care;Skin Care;Face Wash and Cleanser;Gold;Spring;2017;Casual;Pond's Radiance Boosting Cleansing Mousse;55094.jpg;http://assets.myntassets.com/v1/images/style/properties/Ponds-Gold-Radiance-Cleansing-Mousse_de3dc5b0dec765bda11b8a3c8ed6bc7b_images.jpg;WOMEN
30828;Women;Apparel;Bottomwear;Churidar;Rust;Summer;2012;Ethnic;Fabindia Women Rust Mangalgiri Churidar;30828.jpg;http://assets.myntassets.com/v1/images/style/properties/0abe185e195c5b90689c40ccc0ad9ccf_images.jpg;WOMEN
57862;Women;Personal Care;Skin Care;Sunscreen;Yellow;Spring;2017;Casual;Biotique Women Bio Sandalwood SPF 50 Sunscreen;57862.jpg;http://assets.myntassets.com/v1/images/style/properties/Biotique-Women-Bio-Sandalwood-SPF-50-Sunscreen_285d413f92e6d02a84f5fab88e92fb87_images.jpg;WOMEN
26371;Women;Apparel;Topwear;Shrug;Pink;Summer;2012;Casual;Arrow Woman Check Pink Shirt;26371.jpg;http://assets.myntassets.com/v1/images/style/properties/2442bd6d94410a529c6631c2c7f73f09_images.jpg;WOMEN
30715;Boys;Apparel;Apparel Set;Kurta Sets;Blue;Summer;2012;Ethnic;Fabindia Boys Blue & Green Angarakha Dhoti Set;30715.jpg;http://assets.myntassets.com/v1/images/style/properties/f2a3baa07a5ff85471618e78488b0936_images.jpg;MEN
30716;Boys;Apparel;Apparel Set;Kurta Sets;Blue;Summer;2012;Ethnic;Fabindia Boys Blue Dhoti Angarakha Set;30716.jpg;http://assets.myntassets.com/v1/images/style/properties/c8bd2106fa00fdf9c9c5e5b2d8bffe6a_images.jpg;MEN
37167;Boys;Apparel;Topwear;Waistcoat;Grey;Summer;2012;Casual;United Colors of Benetton Boys Check Grey Waistcoat;37167.jpg;http://assets.myntassets.com/v1/images/style/properties/2b948ee04b371ecc28291e5db2dcc014_images.jpg;MEN
37526;Boys;Apparel;Topwear;Rompers;Yellow;Summer;2012;Casual;Madagascar3 Infant Girls Lemon Yellow Snapsuit Romper;37526.jpg;http://assets.myntassets.com/v1/images/style/properties/1f03aa544c00ed62bc3816f1a131e35b_images.jpg;MEN
42583;Boys;Apparel;Topwear;Waistcoat;Navy Blue;Summer;2012;Casual;United Colors of Benetton Boys Navy Blue Waistcoat;42583.jpg;http://assets.myntassets.com/v1/images/style/properties/97efb5081c7061b3a4f87dcce29be8b7_images.jpg;MEN
48578;Men;Accessories;Jewellery;Bracelet;Steel;Summer;2012;Casual;Revv Men Steel Bracelet;48578.jpg;http://assets.myntassets.com/v1/images/style/properties/551485ddc5fa42d1734898e3b32e72c0_images.jpg;MEN
30739;Men;Apparel;Topwear;Nehru Jackets;Blue;Summer;2012;Ethnic;Fabindia Men Reversible Blue Sleeveless Jacket;30739.jpg;http://assets.myntassets.com/v1/images/style/properties/Fabindia-Men-Reversible-Blue-Sleeveless-Jacket_f81bd571b206e69db858905290af880d_images.jpg;MEN
52503;Women;Apparel;Loungewear and Nightwear;Bath Robe;Cream;Winter;2015;Casual;Red Rose Women Cream Floral Print Bath Robe;52503.jpg;http://assets.myntassets.com/v1/images/style/properties/Red-Rose-Women-Pink---Purple-Bath-Robes_4e257117dfed0f98f6a72afe7f35fa7d_images.jpg;WOMEN
42971;Women;Apparel;Bottomwear;Swimwear;Pink;Summer;2017;Casual;Amante Pink & Blue Swimwear;42971.jpg;http://assets.myntassets.com/v1/images/style/properties/Amante-Women-Magenta-Swimwear_62395f2f6f027606ea69ff58d531489a_images.jpg;WOMEN
48575;Men;Accessories;Jewellery;Bracelet;Steel;Summer;2012;Casual;Revv Men Steel Bracelet;48575.jpg;http://assets.myntassets.com/v1/images/style/properties/15aa63e41bc9da28c046f8304254fdb2_images.jpg;MEN
55397;Women;Personal Care;Eyes;Mascara;Black;Spring;2017;Casual;Revlon Water Tight Black Mascara;55397.jpg;http://assets.myntassets.com/v1/images/style/properties/Revlon-Water-Tight-Black-Mascara_e19c23b766c73c4ea1fd65b776375d90_images.jpg;WOMEN
44376;Women;Apparel;Topwear;Waistcoat;Blue;Summer;2012;Casual;ONLY Women Blue Waistcoat;44376.jpg;http://assets.myntassets.com/v1/images/style/properties/ONLY-Women-Blue-Waistcoat_85482d2b8108cc53ded3eaf2ddbaf708_images.jpg;WOMEN
51911;Women;Accessories;Bags;Laptop Bag;White;Summer;2016;Casual;Nyk Women White Orchid Laptop Bag;51911.jpg;http://assets.myntassets.com/v1/images/style/properties/Nyk-Women-White-Orchid-Handbag_4e67c1ddaa5585d9da0e5fc2ae976723_images.jpg;WOMEN
20964;Women;Accessories;Bags;Duffel Bag;Navy Blue;Winter;2016;Casual;Fastrack Women Navy Blue Duffle Bag;20964.jpg;http://assets.myntassets.com/v1/images/style/properties/61ec36d81b5fdec52ec22bbd505f8eef_images.jpg;WOMEN
13706;Men;Apparel;Topwear;Waistcoat;Red;Fall;2011;Casual;Basics Men Red Checked Waistcoat;13706.jpg;http://assets.myntassets.com/v1/images/style/properties/3022ac9fae301779d9c5512388465509_images.jpg;MEN
23608;Women;Personal Care;Fragrance;Fragrance Gift Set;White;Spring;2017;Casual;Nike Fragrances Women Blue Fantasy Perfume and Deo;23608.jpg;http://assets.myntassets.com/v1/images/style/properties/4ea7aca8e883441abd1c5f3018d07ef3_images.jpg;WOMEN
57622;Men;Personal Care;Skin Care;Sunscreen;White;Spring;2017;;Lotus Herbals Safe Sun Sunscreen for Men;57622.jpg;http://assets.myntassets.com/v1/images/style/properties/Lotus-Herbals-Safe-Sun-Sunscreen-for-Men_2a272ae54838c6f9e68105b9e352f5bf_images.jpg;MEN
30811;Women;Apparel;Bottomwear;Churidar;Black;Summer;2012;Ethnic;Fabindia Women Black Churidar;30811.jpg;http://assets.myntassets.com/v1/images/style/properties/d925daf7063081c972b7ae1de2ed63ce_images.jpg;WOMEN
30726;Girls;Apparel;Topwear;Lehenga Choli;Blue;Summer;2012;Ethnic;Fabindia Girls Printed Blue Lehenga Choli;30726.jpg;http://assets.myntassets.com/v1/images/style/properties/6d7c154f64e508acf28fd45812fdb1c5_images.jpg;WOMEN
37516;Boys;Apparel;Bottomwear;Leggings;White;Summer;2012;Casual;Madagascar3 Infant Boys White Leggings;37516.jpg;http://assets.myntassets.com/v1/images/style/properties/34a50cff2187d8c4f844406eded4afe1_images.jpg;MEN
48810;Men;Accessories;Jewellery;Pendant;Steel;Summer;2012;Casual;Revv Men Steel Pendant;48810.jpg;http://assets.myntassets.com/v1/images/style/properties/4761c355f95e9311fd3fd1c220316dc0_images.jpg;MEN
59702;Women;Apparel;Innerwear;Shapewear;Black;Summer;2014;Casual;Avirate Black Wired Corset Shapewear;59702.jpg;http://assets.myntassets.com/v1/images/style/properties/Avirate-Black-Wired-Corset-Shapewear_dbea04626e123a09a35ccceb1fc17811_images.jpg;WOMEN
48807;Men;Accessories;Jewellery;Pendant;Steel;Summer;2012;Casual;Revv Men Steel Pendant;48807.jpg;http://assets.myntassets.com/v1/images/style/properties/6c670b959dfae1c4edee3d04a9da984b_images.jpg;MEN
1596;Men;Accessories;Water Bottle;Water Bottle;Pink;Fall;2010;Sports;Quechua Easy-to-Carry Pink Sipper;1596.jpg;http://assets.myntassets.com/v1/images/style/properties/633af5a8334fb1d3913f919a173f7eb8_images.jpg;MEN
55836;Women;Personal Care;Bath and Body;Nail Essentials;Blue;Spring;2017;Casual;Colorbar Nail Polish Remover;55836.jpg;http://assets.myntassets.com/assets/images/55836/2019/1/10/742db623-aa9e-426f-b53d-4abc1229ade51547123043182-Colorbar-Nail-Polish-Remover-9721547123043069-1.jpg;WOMEN
38445;Women;Accessories;Bags;Tablet Sleeve;Black;Summer;2012;Casual;Baggit Women Black I-Pad Cover;38445.jpg;http://assets.myntassets.com/v1/images/style/properties/b2d34f1819ad86d33b2f0bb696bd4fa0_images.jpg;WOMEN
30735;Men;Apparel;Bottomwear;Churidar;Beige;Summer;2012;Ethnic;Fabindia Men Beige Churidar;30735.jpg;http://assets.myntassets.com/v1/images/style/properties/dacf1d479aa88d9403b937bb78b57257_images.jpg;MEN
42937;Men;Accessories;Bags;Messenger Bag;Black;Summer;2012;Casual;French Connection Men Black Bag;42937.jpg;http://assets.myntassets.com/v1/images/style/properties/ede7b6234447fdbf2d98d2f3dea4d719_images.jpg;MEN
34053;Boys;Apparel;Bottomwear;Capris;Yellow;Summer;2012;Casual;Gini and Jony Boys Yellow 3/4 Length Pants;34053.jpg;http://assets.myntassets.com/v1/images/style/properties/ed972b8708185e04d4cbbc475fee3bff_images.jpg;MEN
57874;Women;Personal Care;Bath and Body;Body Lotion;Green;Spring;2017;Casual;Biotique Bio Coco Butter Tissue Firming Body Balm;57874.jpg;http://assets.myntassets.com/v1/images/style/properties/Biotique-Women-Cocobutter-Cream_23943d49a5102675b83a993d92f79cfc_images.jpg;WOMEN
34056;Boys;Apparel;Bottomwear;Capris;Blue;Summer;2012;Casual;Gini and Jony Boys Washed Blue 3/4 Length Pants;34056.jpg;http://assets.myntassets.com/v1/images/style/properties/9d06a2d52b7cc87727d8355d824950a0_images.jpg;MEN
31114;Boys;Apparel;Bottomwear;Capris;Blue;Summer;2012;Casual;Gini and Jony Boys Washed Blue 3/4 Length Pants;31114.jpg;http://assets.myntassets.com/v1/images/style/properties/042c3d66378bf886241526c659c9efd6_images.jpg;MEN
35036;Women;Apparel;Bottomwear;Churidar;Magenta;Summer;2012;Ethnic;Fabindia Women Magenta Churidar;35036.jpg;http://assets.myntassets.com/v1/images/style/properties/21b3399e59ee3894e061daffbbad9ec5_images.jpg;WOMEN
59729;Women;Apparel;Innerwear;Shapewear;Skin;Summer;2014;Casual;Avirate Beige Wired Corset Shapewear;59729.jpg;http://assets.myntassets.com/v1/images/style/properties/Avirate-Beige-Wired-Corset-Shapewear_cf364c3fbb3cf64dbb7243909623db72_images.jpg;WOMEN
30718;Boys;Apparel;Apparel Set;Kurta Sets;Red;Summer;2012;Ethnic;Fabindia Boys Red & Beige Angarakha Dhoti Set;30718.jpg;http://assets.myntassets.com/v1/images/style/properties/736dfce68489f314c48d2da3bebfa301_images.jpg;MEN
49101;Women;Personal Care;Lips;Lip Plumper;Pink;Spring;2017;Casual;Deborah Truy Pink Volume Lip Plumper 01;49101.jpg;http://assets.myntassets.com/v1/images/style/properties/Deborah-Truy-Pink-Volume-Lip-Plumper-01_8eb92b361104e9820ff3e0a3c26dac98_images.jpg;WOMEN
51332;Men;Apparel;Bottomwear;Rain Trousers;Black;Summer;2015;;Wildcraft Men Black Rain Trousers;51332.jpg;http://assets.myntassets.com/v1/images/style/properties/Wildcraft-Men-Black-Rain-Trousers_d1b09b0f6a00754aed747a71ee15620b_images.jpg;MEN
13619;Women;Apparel;Innerwear;Innerwear Vests;White;Winter;2015;Casual;Hanes Women Short Sleeve White Innerwear T-shirt;13619.jpg;http://assets.myntassets.com/v1/images/style/properties/5dea83d4c9d8cf52a90b06092fbe2b13_images.jpg;WOMEN
50982;Women;Apparel;Loungewear and Nightwear;Robe;Maroon;Summer;2017;Casual;Enamor Women Maroon Robe;50982.jpg;http://assets.myntassets.com/v1/images/style/properties/c8a1a504ce8d77131881c7a93ceacbdd_images.jpg;WOMEN
37519;Boys;Accessories;Gloves;Gloves;White;Summer;2012;Casual;Madagascar 3 Infant Boys White Mittens;37519.jpg;http://assets.myntassets.com/v1/images/style/properties/ef6611cb2f8df6e061f508387c95bfbb_images.jpg;MEN
20039;Women;Apparel;Bottomwear;Tights;Olive;Fall;2011;Casual;United Colors of Benetton Women Olive Floral Design Tights;20039.jpg;http://assets.myntassets.com/v1/images/style/properties/b3d4eb59d1ce58f5b0894f74ba0e2a34_images.jpg;WOMEN
34058;Boys;Apparel;Bottomwear;Capris;Navy Blue;Summer;2012;Casual;Gini and Jony Boys Washed Navy Blue 3/4 Length Pants;34058.jpg;http://assets.myntassets.com/v1/images/style/properties/c036b8a89d16ff57f9f15aab345e8e0d_images.jpg;MEN
57888;Women;Personal Care;Skin;Mask and Peel;Lavender;Spring;2017;Casual;Biotique Women Bio Clove Anti Blemish Face Pack;57888.jpg;http://assets.myntassets.com/v1/images/style/properties/Biotique-Women-Bio-Clove-Anti-Blemish-Face-Pack_f322906b8b7f5f286a86c6d98b404734_images.jpg;WOMEN
57892;Women;Personal Care;Skin Care;Eye Cream;Beige;Spring;2017;Casual;Biotique Women Bio Almond Eye Cream;57892.jpg;http://assets.myntassets.com/v1/images/style/properties/Biotique-Women-Bio-Almond-Eye-Cream_76a23476e923de0e6dce0d71a973c928_images.jpg;WOMEN
37512;Boys;Apparel;Socks;Booties;Blue;Summer;2012;Casual;Madagascar 3 Infant Boys Blue Booties;37512.jpg;http://assets.myntassets.com/v1/images/style/properties/17c6a460e9fa1f16f084afc922fdfe92_images.jpg;MEN
15344;Women;Apparel;Bottomwear;Tracksuits;Black;Fall;2011;Sports;Nike Women Solid Black Tracksuits;15344.jpg;http://assets.myntassets.com/v1/images/style/properties/93ea210fc0bd759bbc4445e15cf23301_images.jpg;WOMEN
51994;Women;Apparel;Loungewear and Nightwear;Lounge Shorts;Brown;Summer;2017;Casual;Inaya Women Brown Lounge Shorts;51994.jpg;http://assets.myntassets.com/v1/images/style/properties/d91b358483eb2f4f9c9e25e10e904739_images.jpg;WOMEN
51993;Women;Apparel;Loungewear and Nightwear;Lounge Shorts;Pink;Summer;2017;Casual;Inaya Women Pink Lounge Shorts;51993.jpg;http://assets.myntassets.com/v1/images/style/properties/a35caa0a6e7c59d788e7669423485b72_images.jpg;WOMEN
20063;Women;Accessories;Mufflers;Mufflers;Black;Fall;2011;Casual;United Colors Of Benetton Women Black Muffler;20063.jpg;http://assets.myntassets.com/v1/images/style/properties/ced627e0f9bf6a7499a80f9bb4d6957b_images.jpg;WOMEN
19542;Men;Accessories;Gloves;Gloves;Blue;Fall;2011;Casual;United Colors of Benetton Men Solid Blue Gloves;19542.jpg;http://assets.myntassets.com/v1/images/style/properties/dacb4634ec24064079699bf32b32b056_images.jpg;MEN
19441;Men;Accessories;Gloves;Gloves;Black;Summer;2012;Casual;Quiksilver Men Casual Black Gloves;19441.jpg;http://assets.myntassets.com/v1/images/style/properties/c131c9c303b69cdff1e3eb6e5eb47432_images.jpg;MEN
2633;Men;Footwear;Shoes;Heels;Black;Summer;2010;Smart Casual;Carlton London Men Black Leather Casual Shoes.;2633.jpg;http://assets.myntassets.com/v1/images/style/properties/a0e8caf892cf647968425631cdc97060_images.jpg;MEN
50378;Women;Apparel;Bottomwear;Salwar and Dupatta;White;Summer;2012;Ethnic;Vishudh Women Red & White Salwar and Dupatta;50378.jpg;http://assets.myntassets.com/v1/images/style/properties/Vishudh-Women-Red---White-Salwar-and-Dupatta_c5a1ad65a8a37841f39fc1ad951bf5f5_images.jpg;WOMEN
26862;Women;Apparel;Topwear;Waistcoat;Blue;Summer;2012;Casual;Jealous 21 Women Washed Blue Waistcoat;26862.jpg;http://assets.myntassets.com/v1/images/style/properties/3a33642f85754cb4bf5ed05cfe949d61_images.jpg;WOMEN
15088;Men;Apparel;Topwear;Kurtis;Black;Fall;2011;Ethnic;Mother Earth Men Printed Black Kurtis;15088.jpg;http://assets.myntassets.com/v1/images/style/properties/65900fa8873d59b85af0dc68933e39b5_images.jpg;MEN
55352;Women;Personal Care;Bath and Body;Nail Essentials;White;Spring;2017;Casual;Revlon Extra Fast Nail Polish Remover;55352.jpg;http://assets.myntassets.com/v1/images/style/properties/Revlon-Extra-Fast-Nail-Polish-Remover_d79157f65727331262d82c1e8e7f861e_images.jpg;WOMEN
49128;Women;Personal Care;Makeup;Concealer;Beige;Spring;2017;Casual;Deborah Light Beige  24 Ore Perfect Concealer 01;49128.jpg;http://assets.myntassets.com/v1/images/style/properties/Deborah-Light-Beige-24-Ore-Perfect-Concealer-01_5b4b3b893b780682c4e1b9d605693104_images.jpg;WOMEN
55331;Women;Personal Care;Hair;Hair Colour;Brown;Spring;2017;Casual;Revlon Women Color Silk Dark Mahogany Brown Hair Colour 3RB;55331.jpg;http://assets.myntassets.com/v1/images/style/properties/Revlon-Women-Colorsilk-Dark-Mahogany-Brown-Hair-Colour-3RB_046227d8549d8144d57c81509b59898f_images.jpg;WOMEN
20052;Women;Accessories;Mufflers;Mufflers;Yellow;Fall;2011;Casual;United Colors Of Benetton Women Yellow Muffler;20052.jpg;http://assets.myntassets.com/v1/images/style/properties/70506325cf800559ba06b15300846ea8_images.jpg;WOMEN
30742;Men;Apparel;Topwear;Nehru Jackets;Blue;Summer;2012;Ethnic;Fabindia Men Striped Blue Silk Sleeveless Jacket;30742.jpg;http://assets.myntassets.com/v1/images/style/properties/a71854ffc25596f6c303e71ff0af9d40_images.jpg;MEN
1580;Women;Apparel;Bottomwear;Swimwear;Black;Fall;2010;Sports;Nabaiji Women Cross-back Swimsuit;1580.jpg;http://assets.myntassets.com/v1/images/style/properties/62289070b5b040f0c12e6945a9c351a9_images.jpg;WOMEN
37524;Boys;Apparel;Topwear;Rompers;Blue;Summer;2012;Casual;Madagascar3 Infant Boys Light Blue Snapsuit Romper;37524.jpg;http://assets.myntassets.com/v1/images/style/properties/1ed5e3016f7bf021add2fd67ac735d80_images.jpg;MEN
30734;Men;Apparel;Bottomwear;Churidar;White;Summer;2012;Ethnic;Fabindia Men White Churidar;30734.jpg;http://assets.myntassets.com/v1/images/style/properties/f5566ea3459695ee85bd54590bf8706d_images.jpg;MEN
37587;Girls;Apparel;Innerwear;Innerwear Vests;Green;Summer;2012;Casual;Madagascar3 Girls Green Innerwear Vest;37587.jpg;http://assets.myntassets.com/v1/images/style/properties/3ed9ef6086443198a259ff3a80ecc88c_images.jpg;WOMEN
34055;Boys;Apparel;Bottomwear;Capris;Blue;Summer;2012;Casual;Palm Tree Boys Washed Blue 3/4 Length Pants;34055.jpg;http://assets.myntassets.com/v1/images/style/properties/1646d48d6dbf9f584981ab6a2b20a614_images.jpg;MEN
7612;Men;Accessories;Bags;Messenger Bag;Brown;Summer;2011;Casual;Wrangler Men Brown Canvas Bag;7612.jpg;http://assets.myntassets.com/v1/images/style/properties/7aa1d0219e3145c9aefe5bde4a959d6f_images.jpg;MEN
51908;Women;Accessories;Bags;Laptop Bag;Brown;Summer;2016;Casual;Nyk Women Brown Floss Laptop Bag;51908.jpg;http://assets.myntassets.com/v1/images/style/properties/Nyk-Women-Brown-Floss-Laptop-Bag_5468f626a67c5f6b08d4a36922fa8c85_images.jpg;WOMEN
14893;Women;Accessories;Accessories;Travel Accessory;Blue;Summer;2011;Casual;United Colors of Benetton Women Solid Blue Bags;14893.jpg;http://assets.myntassets.com/v1/images/style/properties/ce7a82b5bff5ddefe718d8aea080c7d7_images.jpg;WOMEN
2357;Men;Accessories;Accessories;Water Bottle;White;Fall;2010;Sports;ADIDAS White Water Sipper;2357.jpg;http://assets.myntassets.com/v1/images/style/properties/d9a2cd2fa6505be97557e573777054ef_images.jpg;MEN
37541;Boys;Accessories;Gloves;Gloves;Blue;Summer;2012;Casual;Madagascar 3 Infant Boys Blue Mittens;37541.jpg;http://assets.myntassets.com/v1/images/style/properties/68c8ecc7dab207f36c93abcec53b48cc_images.jpg;MEN
57608;Women;Personal Care;Skin Care;Toner;Rose;Spring;2017;;Lotus Herbals Rosetone Facial Skin Toner;57608.jpg;http://assets.myntassets.com/v1/images/style/properties/Lotus-Herbals-Rosetone-Facial-Skin-Toner_f095edf8654e402f8cc19b7b6e48d554_images.jpg;WOMEN
18434;Women;Free Items;Free Gifts;Laptop Bag;Purple;Summer;2015;Casual;Vital Gear Women Purple Laptop Bag;18434.jpg;http://assets.myntassets.com/v1/images/style/properties/Vital-Gear-Unisex-Sling-Messenger-Bag_309d02694f8b6f726012e9b31198798b_images.jpg;WOMEN
19739;Women;Accessories;Umbrellas;Umbrellas;Blue;Summer;2011;Casual;United Colors of Benetton Women Stripes Blue Black Umbrella;19739.jpg;http://assets.myntassets.com/v1/images/style/properties/29588c3eae2d6f6e26c40984ce92d43d_images.jpg;WOMEN
50385;Women;Apparel;Bottomwear;Salwar and Dupatta;Pink;Fall;2012;Ethnic;Vishudh Women Pink Salwar and Dupatta;50385.jpg;http://assets.myntassets.com/v1/images/style/properties/Vishudh-Women-Pink-Salwar-and-Dupatta_0490cabd124df4ae2a826af306b2c094_images.jpg;WOMEN
37514;Boys;Apparel;Bottomwear;Leggings;Yellow;Summer;2012;Casual;Madagascar3 Infant Boys Lemon Yellow Leggings;37514.jpg;http://assets.myntassets.com/v1/images/style/properties/99738a8dd101a94788b498c2d31bfd45_images.jpg;MEN
12347;Men;Apparel;Topwear;Suits;Red;Winter;2010;Casual;Fastrack Men Red Manhattan Regular Fit Solid Formal Shirt;12347.jpg;undefined;MEN
59104;Men;Apparel;Topwear;Rain Jacket;Brown;Summer;2012;Casual;Just Natural Men Brown Rain Jacket;59104.jpg;http://assets.myntassets.com/v1/images/style/properties/Just-Natural-Men-Brown-Rain-Jacket_583f60a78c715bf19fcbe824580945fa_images.jpg;MEN
57783;Women;Personal Care;Skin Care;Eye Cream;Gold;Spring;2017;;Lotus Herbals Nutraeye Rejuvenating & Correcting Eye Gel Eye Cream;57783.jpg;http://assets.myntassets.com/v1/images/style/properties/Lotus-Herbals-Nutraeye-Rejuvenating---Correcting-Eye-Gel-Eye-Cream_31611d3298f3caddb68fa8d10cf7e2ee_images.jpg;WOMEN
27423;Women;Apparel;Loungewear and Nightwear;Lounge Shorts;Magenta;Winter;2015;Casual;Jockey Women Magenta Lounge Shorts;27423.jpg;http://assets.myntassets.com/v1/images/style/properties/cb9e1200c64b73b81efeeee44fe9585f_images.jpg;WOMEN
20054;Women;Accessories;Mufflers;Mufflers;Black;Fall;2011;Casual;United Colors Of Benetton Women Black Muffler;20054.jpg;http://assets.myntassets.com/v1/images/style/properties/9b5f0077dd4d90475d8cdcd471206935_images.jpg;WOMEN
59673;Women;Apparel;Topwear;Lehenga Choli;Red;Fall;2012;Ethnic;FNF Red Bridal Collection Lehenga Choli;59673.jpg;http://assets.myntassets.com/v1/images/style/properties/FNF-Red-Bridal-Collection-Lehenga-Choli_951c75f433076169953a1066f2638668_images.jpg;WOMEN
57081;Women;Apparel;Topwear;Waistcoat;Blue;Summer;2012;Casual;Elle Women Blue Waistcoat;57081.jpg;http://assets.myntassets.com/v1/images/style/properties/Elle-Women-Blue-Waistcoat_99fd3becbfd8836f7388562230a26b07_images.jpg;WOMEN
30741;Men;Apparel;Topwear;Nehru Jackets;Brown;Summer;2012;Ethnic;Fabindia Men Brown Silk Sleeveless Jacket;30741.jpg;http://assets.myntassets.com/v1/images/style/properties/7f5a1c5b88c3918171cfde1aab4d35f6_images.jpg;MEN
57419;Women;Apparel;Loungewear and Nightwear;Robe;Blue;Winter;2015;Casual;Amante Blue Robe;57419.jpg;http://assets.myntassets.com/v1/images/style/properties/Amante-Women-Blue-Robe_8c2262de830911630677e7a5b577af7d_images.jpg;WOMEN
59851;Women;Personal Care;Skin;Face Serum and Gel;White;Spring;2017;Casual;Olay Women White Radiance Intensive Brightening Serum;59851.jpg;http://assets.myntassets.com/v1/images/style/properties/Olay-Women-White-Radiance-Intensive-Brightening-Serum_9524061b33cc856d43ab674e3fc97a72_images.jpg;WOMEN
37556;Girls;Accessories;Gloves;Gloves;Green;Summer;2012;Casual;Madagascar 3 Infant Girls Light Green Mittens;37556.jpg;http://assets.myntassets.com/v1/images/style/properties/5425ca39c29461f325f66695bb6b7ba2_images.jpg;WOMEN
31161;Boys;Apparel;Topwear;Blazers;Navy Blue;Summer;2012;Casual;Gini and Jony Boys Printed Navy Blue Blazer;31161.jpg;http://assets.myntassets.com/v1/images/style/properties/c21198c696447ba6153a935980eca26e_images.jpg;MEN
30738;Men;Apparel;Topwear;Nehru Jackets;Navy Blue;Summer;2012;Ethnic;Fabindia Men Navy Blue Bhagalpur Nehru Jacket;30738.jpg;http://assets.myntassets.com/v1/images/style/properties/38563ab119b39f1aae8a22cbdaacb521_images.jpg;MEN
37561;Girls;Apparel;Topwear;Rompers;Pink;Summer;2012;Casual;Madagascar3 Infant Girls Pink Snapsuit Romper;37561.jpg;http://assets.myntassets.com/v1/images/style/properties/90b51413b2ba03c732d1c0b046b29c7d_images.jpg;WOMEN
57880;Women;Personal Care;Skin Care;Face Scrub and Exfoliator;Green;Spring;2017;Casual;Biotique Women Bio Walnut Purifying & Polishing Scrub;57880.jpg;http://assets.myntassets.com/v1/images/style/properties/Biotique-Women-Bio-Walnut-Purifying---Polishing-Scrub_7d6b5800a66ed01ce5b4e58bc1d35a9c_images.jpg;WOMEN
50379;Women;Apparel;Bottomwear;Salwar and Dupatta;White;Summer;2012;Ethnic;Vishudh Women Black & White Salwar and Dupatta;50379.jpg;http://assets.myntassets.com/v1/images/style/properties/Vishudh-Women-Black---White-Salwar-and-Dupatta_b7262a5679a4196059ccfb021543ca1e_images.jpg;WOMEN
37894;Women;Apparel;Bottomwear;Tights;Black;Summer;2012;Casual;Happy Socks Women Black & Grey Tights;37894.jpg;http://assets.myntassets.com/v1/images/style/properties/77c9dbd1fccd19058e98183c8e2211e5_images.jpg;WOMEN
9916;Women;Accessories;Bags;Duffel Bag;White;Fall;2011;Casual;Puma Women Core Lite Grip White Duffle Bag;9916.jpg;http://assets.myntassets.com/v1/images/style/properties/f06c99f6f0744e3c3a3428ecda662855_images.jpg;WOMEN
57766;Women;Personal Care;Skin Care;Face Scrub and Exfoliator;Cream;Spring;2017;Casual;Lotus Herbals Apriscrub Fresh Apricot Scrub 60g;57766.jpg;http://assets.myntassets.com/v1/images/style/properties/Lotus-Herbals-Apriscrub-Fresh-Apricot-Scrub-60g_f3c1dd72078465ea1862dd93b25a0b10_images.jpg;WOMEN
55561;Women;Personal Care;Skin Care;Eye Cream;White;Spring;2017;Casual;Revlon Touch & Glow Advanced Fairness Under Eye Repair Cream;55561.jpg;http://assets.myntassets.com/v1/images/style/properties/Revlon-Touch---Glow-Advanced-Fairness-Under-Eye-Repair-Cream_ba091d628d1b1c737660fb1266bb4b44_images.jpg;WOMEN
19544;Men;Accessories;Gloves;Gloves;Green;Fall;2011;Casual;United Colors of Benetton Men Solid Green Gloves;19544.jpg;http://assets.myntassets.com/v1/images/style/properties/457873ca565719fc14d58209c751d712_images.jpg;MEN
5856;Men;Accessories;Bags;Handbags;Brown;Summer;2011;Casual;ADIDAS Men Organizer Brown Sling Bag;5856.jpg;http://assets.myntassets.com/v1/images/style/properties/913d54ad297accbdede41a928bed5722_images.jpg;MEN
37892;Women;Apparel;Bottomwear;Tights;Black;Summer;2012;Casual;Happy Socks Women Black Tights;37892.jpg;http://assets.myntassets.com/v1/images/style/properties/467660cd745685ab7eeb77e19e56c349_images.jpg;WOMEN
30725;Girls;Apparel;Topwear;Lehenga Choli;Pink;Summer;2012;Ethnic;Fabindia Girls Printed Pink Lehenga Choli;30725.jpg;http://assets.myntassets.com/v1/images/style/properties/fefa355936f77e25a46b1a31c81c196d_images.jpg;WOMEN
22232;Men;Accessories;Shoe Accessories;Shoe Accessories;Brown;Fall;2012;;Timberland Men Brown Shoe Laces;22232.jpg;http://assets.myntassets.com/v1/images/style/properties/Timberland-Men-Maroon-Shoe-Accessories_45f665a21d52e9f7cca2ae9ae75b037b_images.jpg;MEN
31733;Men;Apparel;Topwear;Blazers;Black;Summer;2012;Formal;Reid & Taylor Men Charcoal Grey Blazer;31733.jpg;http://assets.myntassets.com/v1/images/style/properties/ce35dbfe74af74ea9c9a25b0c3d5995b_images.jpg;MEN
48943;Men;Accessories;Jewellery;Pendant;Steel;Summer;2012;Casual;Revv Men Steel Pendant;48943.jpg;http://assets.myntassets.com/v1/images/style/properties/dc1cd87596473ddc596299b0042086dd_images.jpg;MEN
48806;Men;Accessories;Jewellery;Pendant;Steel;Summer;2012;Casual;Revv Men Steel Pendant;48806.jpg;http://assets.myntassets.com/v1/images/style/properties/45bc4fe9b99c09dd52ccde5321669b3d_images.jpg;MEN
37584;Girls;Apparel;Topwear;Rompers;Green;Summer;2012;Casual;Madagascar3 Infant Girls Light Green Snapsuit Romper;37584.jpg;http://assets.myntassets.com/v1/images/style/properties/b0f15bb0824c42f58f306efc5355387d_images.jpg;WOMEN
55834;Women;Personal Care;Beauty Accessories;Beauty Accessory;Skin;Spring;2017;Casual;Colorbar Miss Reflective Body Shimmer 001;55834.jpg;http://assets.myntassets.com/assets/images/55834/2019/1/10/c8b29c0a-f5a5-4a23-b448-313f72f399941547123019188-Colorbar-Miss-Reflective-Body-Shimmer-001-4671547123019079-1.jpg;WOMEN
36747;Boys;Apparel;Apparel Set;Clothing Set;White;Summer;2012;Casual;Mr.Men Boys I Am Sleeping White Clothing Set;36747.jpg;http://assets.myntassets.com/v1/images/style/properties/d047e9939501d99cfdcc95d856f6d0ed_images.jpg;MEN
57683;Women;Personal Care;Bath and Body;Body Lotion;Yellow;Spring;2017;Casual;Lotus Herbals Aloe Soft Body Lotion;57683.jpg;http://assets.myntassets.com/assets/images/57683/2016/3/17/11458212472038-Lotus-Herbals-Aloe-Soft-Body-Lotion-4021458212472015-1.jpg;WOMEN
34553;Women;Accessories;Bags;Duffel Bag;Green;Summer;2012;Casual;Puma Women Campus Grip Green Duffle Bag;34553.jpg;http://assets.myntassets.com/v1/images/style/properties/b41436798ae7ed4c946963d31182ca0f_images.jpg;WOMEN
52021;Women;Apparel;Loungewear and Nightwear;Lounge Tshirts;Brown;Summer;2016;Casual;Inaya Women Lounge Top;52021.jpg;http://assets.myntassets.com/v1/images/style/properties/Inaya-Women-Lounge-Top_f095a1ea415ff8215fc8eef26f47437d_images.jpg;WOMEN
38223;Women;Accessories;Cufflinks;Ties and Cufflinks;Black;Summer;2015;Casual;Polaroid Women Sunglasses;38223.jpg;http://assets.myntassets.com/v1/images/style/properties/5f1d7b4c9f5114a349f6829c50d1995b_images.jpg;WOMEN
27425;Women;Apparel;Loungewear and Nightwear;Lounge Shorts;Navy Blue;Winter;2015;Casual;Jockey Women Navy Blue Lounge Shorts;27425.jpg;http://assets.myntassets.com/v1/images/style/properties/Jockey-Women-Navy-Blue-Lounge-Shorts_863092008fd7bef43496285a2fdb272b_images.jpg;WOMEN
37525;Boys;Apparel;Topwear;Rompers;White;Summer;2012;Casual;Madagascar3 Infant Boys White Snapsuit Romper;37525.jpg;http://assets.myntassets.com/v1/images/style/properties/3d0ec6963de9eeb730fa28c5c0b390c0_images.jpg;MEN
40074;Women;Apparel;Bottomwear;Tights;Navy Blue;Summer;2012;Casual;ADIDAS Women Navy Blue Tights;40074.jpg;http://assets.myntassets.com/v1/images/style/properties/ec9d5089a4b00334a9a94fdabde76a7d_images.jpg;WOMEN
55835;Women;Personal Care;Bath and Body;Nail Essentials;White;Summer;2019;Casual;Colorbar Acetone Free Nail Enamel Remover;55835.jpg;http://assets.myntassets.com/assets/images/55835/2019/1/10/d4385923-b172-44e8-afc9-b018f57bb2cd1547123030214-Colorbar-Acetone-Free-Nail-Enamel-Remover-2111547123030142-1.jpg;WOMEN
37583;Girls;Apparel;Topwear;Rompers;Pink;Summer;2012;Casual;Madagascar3 Infant Girls Pink Snapsuit Romper;37583.jpg;http://assets.myntassets.com/v1/images/style/properties/0a1e68148e5bccdf6d887e3dca19a0f1_images.jpg;WOMEN
19740;Women;Accessories;Umbrellas;Umbrellas;Green;Summer;2012;Casual;United Colors of Benetton Green Graphic Design Umbrella;19740.jpg;http://assets.myntassets.com/v1/images/style/properties/32beba516e38f7be1ebdd46504140507_images.jpg;WOMEN
55109;Women;Personal Care;Beauty Accessories;Beauty Accessory;Skin;Spring;2017;;Lakme Compact Puff;55109.jpg;http://assets.myntassets.com/v1/images/style/properties/Lakme-Women-Compact_11b79b26de0e58c619c05b19acda9aaa_images.jpg;WOMEN
7616;Men;Accessories;Bags;Messenger Bag;Green;Summer;2011;Casual;Wrangler Men Olive Canvas Bag;7616.jpg;http://assets.myntassets.com/v1/images/style/properties/3d2a51c98ec426d24a163e4c60105de0_images.jpg;MEN
30733;Men;Apparel;Bottomwear;Churidar;Off White;Summer;2012;Ethnic;Fabindia Men Off White Churidar;30733.jpg;http://assets.myntassets.com/v1/images/style/properties/c7d07fe7ec568e559495129984b54757_images.jpg;MEN
55394;Women;Personal Care;Makeup;Makeup Remover;White;Spring;2017;Casual;Revlon Eye & Lip Makeup Remover;55394.jpg;http://assets.myntassets.com/v1/images/style/properties/Revlon-Eye---Lip-Makeup-Remover_1f000bd3a0c8ac44b0ca808d7f4e479e_images.jpg;WOMEN
9579;Women;Accessories;Bags;Duffel Bag;Black;Fall;2011;Casual;Puma Women Black Core Lite Grip Duffle Bag;9579.jpg;http://assets.myntassets.com/v1/images/style/properties/Puma-Women-Core-Lite-Grip-Black-Bag65fe3fb0b222763c51221738e5e03cf3_images.jpg;WOMEN
48808;Men;Accessories;Jewellery;Pendant;Steel;Summer;2012;Casual;Revv Men Steel Pendant;48808.jpg;http://assets.myntassets.com/v1/images/style/properties/a0e0694ff0f914264f8dfbaa8a4a5092_images.jpg;MEN
37515;Boys;Apparel;Bottomwear;Leggings;Blue;Summer;2012;Casual;Madagascar3 Infant Boys Blue Leggings;37515.jpg;http://assets.myntassets.com/v1/images/style/properties/bd1e49b3747f15406d532fcfac22173a_images.jpg;MEN
30717;Boys;Apparel;Apparel Set;Kurta Sets;Green;Summer;2012;Ethnic;Fabindia Boys Green Dhoti Angarakha Sets;30717.jpg;http://assets.myntassets.com/v1/images/style/properties/e61e78a38455ba9c619bbbe1e9015cfc_images.jpg;MEN
37550;Girls;Apparel;Socks;Booties;Green;Summer;2012;Casual;Madagascar 3 Infant Girls Light Green Booties;37550.jpg;http://assets.myntassets.com/v1/images/style/properties/892734f1ce7baef6ffced2edf9763489_images.jpg;WOMEN
49104;Women;Personal Care;Lips;Lip Plumper;Beige;Spring;2017;Casual;Deborah Natural Beige Volume Lip Plumper 6;49104.jpg;http://assets.myntassets.com/v1/images/style/properties/Deborah-Natural-Beige-Volume-Lip-Plumper-6_b1e9abd4df6a21d91a8e503eb3203c50_images.jpg;WOMEN
58158;Women;Apparel;Topwear;Shrug;Maroon;Fall;2012;Casual;Latin Quarters Women Maroon Shrug;58158.jpg;http://assets.myntassets.com/v1/images/style/properties/Latin-Quarters-Women-Maroon-Shrug_7e4f2773204415077696fee050ac2492_images.jpg;WOMEN
55274;Women;Personal Care;Makeup;Concealer;Skin;Spring;2017;Casual;Lakme Absolute White Intense Light to Medium Concealer;55274.jpg;http://assets.myntassets.com/assets/images/55274/2018/4/20/11524219896223-Lakme-Absolute-White-Intense-Light-to-Medium-Concealer-3881524219896201-1.jpg;WOMEN
12348;Men;Accessories;Bags;Handbags;Green;Spring;2008;Travel;test dispName;12348.jpg;http://assets.myntassets.com/v1/images/style/properties/Reid---Taylor-Men-Blue-Striped-Shirt_b49d226c8a40fc2049dfb6280149e4ff_images.jpg;MEN
51334;Men;Apparel;Bottomwear;Rain Trousers;Navy Blue;Summer;2012;;Wildcraft Men Navy Blue Rain Trousers;51334.jpg;http://assets.myntassets.com/v1/images/style/properties/Wildcraft-Men-Navy-Blue-Rain-Trousers_9f6c52a3cd0ae4a90c3969571bc7803b_images.jpg;MEN
56365;Men;Personal Care;Skin Care;Mens Grooming Kit;Gold;Spring;2017;Casual;Baldessarini Men Strictly Private 90 ml After Shave Lotion;56365.jpg;http://assets.myntassets.com/v1/images/style/properties/Baldessarini-Men-Strictly-Private-90-ml-Perfume_0785dfed5164069f20bd42be36724bed_images.jpg;MEN
49102;Women;Personal Care;Lips;Lip Plumper;Burgundy;Spring;2017;Casual;Deborah Burgundy Volume Lip Plumper 03;49102.jpg;http://assets.myntassets.com/v1/images/style/properties/Deborah-Burgundy-Volume-Lip-Plumper-03_d94510b0eec89a39c09b0a7746bfcdb1_images.jpg;WOMEN
55273;Women;Personal Care;Makeup;Concealer;Skin;Spring;2017;Casual;Lakme Absolute White Intense Medium to Dark Concealer;55273.jpg;http://assets.myntassets.com/assets/images/55273/2018/4/20/11524219885005-Lakme-Absolute-White-Intense-Medium-to-Dark-Concealer-9821524219884951-1.jpg;WOMEN
37563;Girls;Apparel;Topwear;Rompers;White;Summer;2012;Casual;Madagascar3 Infant Boys White Snapsuit Romper;37563.jpg;http://assets.myntassets.com/v1/images/style/properties/6848fc75c01a98d99716e295d8230349_images.jpg;WOMEN
36752;Girls;Apparel;Apparel Set;Clothing Set;Yellow;Summer;2012;Casual;Little Miss Girls Blazing Yellow Clothing Set;36752.jpg;http://assets.myntassets.com/v1/images/style/properties/b2155f164df0ce2449e38487ff866c13_images.jpg;WOMEN
49103;Women;Personal Care;Lips;Lip Plumper;Copper;Spring;2017;Casual;Deborah Chocolate Volume Lip Plumper 05;49103.jpg;http://assets.myntassets.com/v1/images/style/properties/Deborah-Chocolate-Volume-Lip-Plumper-05_8ad5bcf37281ac72b14a630f2954155e_images.jpg;WOMEN
55351;Women;Personal Care;Bath and Body;Nail Essentials;Purple;Spring;2017;Casual;Revlon Extra Gentle Nail Polish Remover;55351.jpg;http://assets.myntassets.com/v1/images/style/properties/Revlon-Extra-Gentle-Nail-Polish-Remover_db1c48faede114747376871e2fafc800_images.jpg;WOMEN
37557;Girls;Accessories;Gloves;Gloves;White;Summer;2012;Casual;Madagascar 3 Infant Girls White Mittens;37557.jpg;http://assets.myntassets.com/v1/images/style/properties/83775c216583c20e602f4ec08af23be1_images.jpg;WOMEN
31743;Men;Apparel;Topwear;Blazers;Olive;Summer;2012;Formal;Reid & Taylor Men Semi Formal Olive Blazer;31743.jpg;http://assets.myntassets.com/v1/images/style/properties/b84ff60e9a3642237a53b4bf92652fcd_images.jpg;MEN
8224;Men;Accessories;Bags;Duffel Bag;Black;Winter;2016;Casual;Fastrack Men Black Gym Bag;8224.jpg;http://assets.myntassets.com/v1/images/style/properties/309f8639c88c9ad594c6f91c73a4d9eb_images.jpg;MEN
57859;Women;Personal Care;Skin Care;Toner;Pink;Spring;2017;Casual;Biotique Bio Honey Water Clarifying Toner;57859.jpg;http://assets.myntassets.com/v1/images/style/properties/Biotique-Bio-Honey-Water-Clarifying-Toner_5b96265e569206490a8219873260e547_images.jpg;WOMEN
37585;Girls;Apparel;Topwear;Rompers;White;Summer;2012;Casual;Madagascar3 Infant Girls White Snapsuit Romper;37585.jpg;http://assets.myntassets.com/v1/images/style/properties/161db47ca1a75cc57cf99dd351d6728b_images.jpg;WOMEN
58507;Women;Apparel;Topwear;Shrug;White;Summer;2012;Casual;Tonga Women Coffee Brown Shrug;58507.jpg;http://assets.myntassets.com/v1/images/style/properties/Tonga-Women-Coffee-Brown-Shrug_b95e9db3c0faf2004bc29f8268b71385_images.jpg;WOMEN
57875;Women;Personal Care;Makeup;Makeup Remover;Green;Spring;2017;;Biotique Bio Almond Oil Soothing Face & Eye Makeup Cleanser;57875.jpg;http://assets.myntassets.com/v1/images/style/properties/Biotique-Bio-Almond-Oil-Soothing-Face---Eye-Makeup-Cleanser_8d692dfad0e4920c2c14faa2307fab46_images.jpg;WOMEN
59672;Women;Apparel;Topwear;Lehenga Choli;Brown;Fall;2012;Ethnic;FNF Brown & Gold Bridal Collection Lehenga Choli;59672.jpg;http://assets.myntassets.com/v1/images/style/properties/FNF-Brown---Gold-Collection-for-Bride-Lehenga-Choli_1550adea453c6e1ec2aa1133ff0ea76c_images.jpg;WOMEN
57879;Women;Personal Care;Skin Care;Face Scrub and Exfoliator;Beige;Spring;2017;Casual;Biotique Women Bio Papaya Revitalizing Scrub;57879.jpg;http://assets.myntassets.com/v1/images/style/properties/Biotique-Women-Bio-Papaya-Revitalizing-Scrub_718c1dbfe459c34e0aee0a3688277b73_images.jpg;WOMEN
56432;Women;Personal Care;Bath and Body;Nail Essentials;Pink;Spring;2017;Casual;Streetwear Nail Color Remover;56432.jpg;http://assets.myntassets.com/v1/images/style/properties/Streetwear-Nail-Color-Remover_577488f4a5f219bff400ec50ee8512fb_images.jpg;WOMEN
37551;Girls;Apparel;Socks;Booties;White;Summer;2012;Casual;Madagascar 3 Infant Girls White Booties;37551.jpg;http://assets.myntassets.com/v1/images/style/properties/f8295cda196d978f23f87836a2ed44b4_images.jpg;WOMEN
50028;Women;Apparel;Loungewear and Nightwear;Lounge Shorts;Black;Winter;2015;Casual;Hanes Women Assorted Lounge Shorts;50028.jpg;http://assets.myntassets.com/v1/images/style/properties/ed653df0f9c8737eae3f21eaeff7a5ec_images.jpg;WOMEN
42935;Men;Accessories;Bags;Handbags;Khaki;Summer;2012;Casual;French Connection Men Khaki Handbag;42935.jpg;http://assets.myntassets.com/v1/images/style/properties/2525ef432f27463e78f7598fce7391d0_images.jpg;MEN
27039;Women;Accessories;Bags;Duffel Bag;Blue;Summer;2012;Casual;Yelloe Blue Fun With Stripes Duffle Bag;27039.jpg;http://assets.myntassets.com/v1/images/style/properties/2e684976c3f90b644ce259b5b7b94102_images.jpg;WOMEN
57687;Women;Personal Care;Bath and Body;Body Lotion;White;Spring;2017;;Lotus Herbals Vanilla Velvet Body Lotion;57687.jpg;http://assets.myntassets.com/v1/images/style/properties/Lotus-Herbals-Vanilla-Velvet-Body-Lotion_d775c08d9d72fd9d2c2730026d2f4abc_images.jpg;WOMEN
40009;Men;Apparel;Topwear;Tunics;Green;Fall;2012;Casual;Park Avenue Men Black & Green Frame Sunglasses;40009.jpg;http://assets.myntassets.com/v1/images/style/properties/00d631a95678f768b9c9427a4d3209a5_images.jpg;MEN
55337;Women;Personal Care;Skin Care;Toner;Gold;Spring;2017;Casual;Revlon Age Defying Sculpt -Logic Re-shaping Toner;55337.jpg;http://assets.myntassets.com/v1/images/style/properties/Revlon-Age-Defying-Sculpt--Logic-Re-shaping-Toner_3452799a533658dc3adb594334b8d495_images.jpg;WOMEN
57685;Women;Personal Care;Bath and Body;Body Lotion;Yellow;Spring;2017;;Lotus Herbals Almond Nourish Body Lotion with SPF 20;57685.jpg;http://assets.myntassets.com/assets/images/57685/2016/1/20/11453269849846-Lotus-Herbals-Almond-Nourish-Body-Lotion-6401453269849827-1.jpg;WOMEN
30740;Men;Apparel;Topwear;Nehru Jackets;Brown;Summer;2012;Ethnic;Fabindia Men Brown Silk Sleeveless Jacket;30740.jpg;http://assets.myntassets.com/v1/images/style/properties/b5d66f199cbea53ffe4552c34b09a2ea_images.jpg;MEN
57418;Women;Apparel;Loungewear and Nightwear;Robe;Black;Winter;2015;Casual;Amante Black Robe;57418.jpg;http://assets.myntassets.com/v1/images/style/properties/Amante-Women-Black-Robe_0fe88f3ee920460f9b7c432eedee768a_images.jpg;WOMEN
37590;Girls;Apparel;Innerwear;Innerwear Vests;Pink;Summer;2012;Casual;Madagascar Girls Pink Innerwear Vest;37590.jpg;http://assets.myntassets.com/v1/images/style/properties/9e74f65716e10bed59e87fc926b330e4_images.jpg;WOMEN
37574;Girls;Apparel;Socks;Booties;Pink;Summer;2012;Casual;Madagascar 3 Infants Girls Pink Booties;37574.jpg;http://assets.myntassets.com/v1/images/style/properties/9dd9e63358d4fd81960b93a58e1c4017_images.jpg;WOMEN
12465;Men;Accessories;Stoles;Stoles;Black;Fall;2011;Casual;Basics Men Black Checked Stoles;12465.jpg;http://assets.myntassets.com/v1/images/style/properties/77be992047e0f0cf96a79c804a894556_images.jpg;MEN
37539;Boys;Apparel;Socks;Booties;White;Summer;2012;Casual;Madagascar 3 Infants Boys White Booties;37539.jpg;http://assets.myntassets.com/v1/images/style/properties/3b4fde3fc805549feaf58cc396be3038_images.jpg;MEN
57699;Women;Personal Care;Skin;Face Scrub and Exfoliator;Cream;Spring;2017;Casual;Lotus Herbals Quince Seed Massage Cream;57699.jpg;http://assets.myntassets.com/v1/images/style/properties/Lotus-Herbals-Quincenourish-Massage-Crme_6af5e5947b23941c868f2cd85789e994_images.jpg;WOMEN
36745;Girls;Apparel;Apparel Set;Clothing Set;Red;Summer;2012;Casual;Little Miss Girls Sunshine Red Clothing Set;36745.jpg;http://assets.myntassets.com/v1/images/style/properties/5254a38601288234bb4977e8e27a1891_images.jpg;WOMEN
55197;Women;Personal Care;Bath and Body;Nail Essentials;Purple;Spring;2017;Casual;Lakme Nail Colour Remover;55197.jpg;http://assets.myntassets.com/v1/images/style/properties/Lakme-Nail-Color-Remover_f8376b260b7db9dc60afdffcf3fed027_images.jpg;WOMEN
45824;Women;Free Items;Vouchers;Ipad;Blue;Summer;2012;Casual;Senorita Women Blue Flats;45824.jpg;http://assets.myntassets.com/v1/images/style/properties/c714210c44a00b735c6933f3801d814e_images.jpg;WOMEN
8248;Men;Accessories;Bags;Duffel Bag;Black;Fall;2011;Casual;Fastrack Men Black Gym Bag;8248.jpg;http://assets.myntassets.com/v1/images/style/properties/c9102f3e12c9abd6ea7c595d3aae4487_images.jpg;MEN
31729;Men;Apparel;Topwear;Blazers;Blue;Summer;2012;Formal;Reid & Taylor Men Blue Blazer;31729.jpg;http://assets.myntassets.com/v1/images/style/properties/b9f4bd6c8d2130f2dff55251b41d1d62_images.jpg;MEN
27846;Women;Apparel;Topwear;Blazers;Charcoal;Summer;2012;Formal;Scullers For Her Charcoal Blazer;27846.jpg;http://assets.myntassets.com/v1/images/style/properties/a2826334fe816ee0e95ce93b8aabc90d_images.jpg;WOMEN
44375;Women;Apparel;Topwear;Waistcoat;Blue;Summer;2012;Casual;ONLY Women Blue Waistcoat;44375.jpg;http://assets.myntassets.com/v1/images/style/properties/ONLY-Women-Blue-Waistcoat_5bc4f98d95240607f9802e02dbc9af0b_images.jpg;WOMEN
17931;Men;Apparel;Bottomwear;Tights;Black;Summer;2012;Sports;Nike Men Training Black Tights;17931.jpg;http://assets.myntassets.com/v1/images/style/properties/a22155709b180ea261b5ed0632ffadb0_images.jpg;MEN
57242;Women;Accessories;Bags;Duffel Bag;Brown;Summer;2012;Casual;Murcia Women Brown Duffle Bag;57242.jpg;http://assets.myntassets.com/v1/images/style/properties/Murcia-Women-Brown-Duffle-Bag_762f472224514b57a2466c3fa20a6426_images.jpg;WOMEN
14890;Women;Accessories;Accessories;Travel Accessory;Purple;Summer;2011;Casual;United Colors of Benetton Women Solid Purple Bags;14890.jpg;http://assets.myntassets.com/v1/images/style/properties/2b2d3130297c1457659e7ea5139b11b7_images.jpg;WOMEN
37562;Girls;Apparel;Topwear;Rompers;Green;Summer;2012;Casual;Madagascar3 Infant Boys Light Green Snapsuit Romper;37562.jpg;http://assets.myntassets.com/v1/images/style/properties/d60008aa386eb463ba3e288f9ae144bb_images.jpg;WOMEN
14872;Women;Accessories;Umbrellas;Umbrellas;Blue;Summer;2011;Casual;United Colors of Benetton Women Printed Blue Umbrellas;14872.jpg;http://assets.myntassets.com/v1/images/style/properties/1d76134b4dffc7ccedb085b7c5ed7705_images.jpg;WOMEN
57763;Women;Personal Care;Skin Care;Face Scrub and Exfoliator;Cream;Spring;2017;;Lotus Herbals Apriscrub;57763.jpg;http://assets.myntassets.com/v1/images/style/properties/Lotus-Herbals-Apriscrub_f505f6b9648f8342e4b998b1adb63ace_images.jpg;WOMEN
42938;Men;Accessories;Bags;Handbags;Black;Summer;2012;Casual;French Connection Men Black Bag;42938.jpg;http://assets.myntassets.com/v1/images/style/properties/295a353189c8ba9019359930413f5e91_images.jpg;MEN
37575;Girls;Apparel;Socks;Booties;Green;Summer;2012;Casual;Madagascar 3 Infant Girls Light Green Booties;37575.jpg;http://assets.myntassets.com/v1/images/style/properties/90f67c9997d5d20e143c16db6fda2a25_images.jpg;WOMEN
58548;Women;Accessories;Cufflinks;Ties and Cufflinks;Brown;Spring;2013;Casual;Miami Blues Women Sunglasses;58548.jpg;http://assets.myntassets.com/v1/images/style/properties/Miami-Blues-Women-Sunglasses_55649880a49c65f1acec0a1997879e5f_images.jpg;WOMEN
42936;Men;Accessories;Bags;Handbags;Khaki;Summer;2012;Casual;French Connection Men Khaki Handbag;42936.jpg;http://assets.myntassets.com/v1/images/style/properties/d856998ff59105de445766ecc7dbf22a_images.jpg;MEN
37564;Girls;Apparel;Innerwear;Innerwear Vests;Pink;Summer;2012;Casual;Madagascar3 Pink Girls Innerwear Vest;37564.jpg;http://assets.myntassets.com/v1/images/style/properties/e8409f479400f77360e2a145e8bad0df_images.jpg;WOMEN
14873;Women;Accessories;Umbrellas;Umbrellas;Purple;Summer;2011;Casual;United Colors of Benetton Women Printed Purple Umbrellas;14873.jpg;http://assets.myntassets.com/v1/images/style/properties/d0b3f7f8ace983f3534dcfa8b373aef7_images.jpg;WOMEN
57607;Women;Personal Care;Skin Care;Toner;Green;Spring;2017;;Lotus Herbals Basiltone Toner;57607.jpg;http://assets.myntassets.com/v1/images/style/properties/Lotus-Herbals-Basiltone-Toner_5662de3ba7495b9e12abe97c934332a1_images.jpg;WOMEN
12463;Men;Accessories;Stoles;Stoles;Blue;Fall;2011;Casual;Basics Men Blue Checked Stoles;12463.jpg;http://assets.myntassets.com/v1/images/style/properties/9e73966e03f185ea94424574f9ab86a2_images.jpg;MEN
57890;Women;Personal Care;Skin Care;Eye Cream;Green;Spring;2017;;Biotique Bio Seaweed Revitalizing Anti-Fatigue Eye Gel;57890.jpg;http://assets.myntassets.com/v1/images/style/properties/Biotique-Bio-Seaweed-Revitalizing-Anti-Fatigue-Eye-Gel_c377a735ab43f8eb2558079096d4c256_images.jpg;WOMEN
21163;Women;Apparel;Topwear;Shrug;Grey;Fall;2011;Casual;s.Oliver Women Solid Grey Shrug;21163.jpg;http://assets.myntassets.com/v1/images/style/properties/93719520829aef5667acae7f5ba7958c_images.jpg;WOMEN
37511;Boys;Apparel;Socks;Booties;Yellow;Summer;2012;Casual;Madagascar 3 Infant Boys Yellow Booties;37511.jpg;http://assets.myntassets.com/v1/images/style/properties/4e7ee1c5f4249ba6c1bd1ecfad607f77_images.jpg;MEN
37527;Boys;Apparel;Topwear;Rompers;Blue;Summer;2012;Casual;Madagascar3 Infant Boys Light Blue Snapsuit Romper;37527.jpg;http://assets.myntassets.com/v1/images/style/properties/45b4a39402e3efcb9a2e6d1b80197854_images.jpg;MEN
3472;Men;Accessories;Accessories;Water Bottle;Black;Fall;2010;Casual;ADIDAS Phantom Black Sipper;3472.jpg;http://assets.myntassets.com/v1/images/style/properties/4928a936aea3f04442d382bf0c27c70a_images.jpg;MEN
52003;Women;Apparel;Loungewear and Nightwear;Lounge Tshirts;Black;Summer;2016;Casual;Inaya Women Black Lounge Top;52003.jpg;http://assets.myntassets.com/v1/images/style/properties/Inaya-Women-Black-Lounge-Top_b44006fa89ab571c3f906c12fe35be96_images.jpg;WOMEN
37549;Girls;Apparel;Socks;Booties;Pink;Summer;2012;Casual;Madagascar 3 Infants Girls Pink Booties;37549.jpg;http://assets.myntassets.com/v1/images/style/properties/652b58c0dc86f6c64d37c35da0c2858e_images.jpg;WOMEN
27845;Women;Apparel;Topwear;Blazers;Black;Summer;2012;Formal;Scullers For Her Black Blazer;27845.jpg;http://assets.myntassets.com/v1/images/style/properties/Scullers-For-Her-Black-Blazer_ae836af5298ed3aa98da6e2f1c84c5cb_images.jpg;WOMEN
37537;Boys;Apparel;Socks;Booties;Yellow;Summer;2012;Casual;Madagascar 3 Infant Boys Yellow Booties;37537.jpg;http://assets.myntassets.com/v1/images/style/properties/161f2beac9836ee2530e6628a548b0cf_images.jpg;MEN
58526;Men;Apparel;Topwear;Rain Jacket;Blue;Summer;2015;Casual;Wildcraft Men Blue Rain Jacket;58526.jpg;http://assets.myntassets.com/v1/images/style/properties/Wildcraft-Men-Blue-Rain-Jacket_89f522d43adb72593213141254413ff4_images.jpg;MEN
